circuit,q,eps,n,F,purity,Q,diff,diff2,eig0,eig1,eig2,eig3,eig_min,p_Phi_plus,p_Phi_minus,p_Psi_plus,p_Psi_minus,bell_offdiag,delta_iso,iso_XXplusYY,iso_XXminusZZ,herm_err,trace_err,P_II,P_IX,P_IY,P_IZ,P_XI,P_XX,P_XY,P_XZ,P_YI,P_YX,P_YY,P_YZ,P_ZI,P_ZX,P_ZY,P_ZZ
step4,0.0,0.05,0,0.9624999999999998,0.926875,nan,nan,nan,0.0124999999999999,0.012500000000000011,0.012500000000000067,0.9624999999999999,0.0124999999999999,0.9624999999999998,0.01250000000000003,0.01250000000000001,0.01250000000000001,8.494454310017238e-17,1.9229626863835638e-16,0.0,0.0,0.0,0.0,1.0,0.0,0.0,0.0,0.0,0.95,0.0,0.0,0.0,0.0,-0.95,0.0,0.0,0.0,0.0,0.95
step4,0.0,0.05,1,0.9994942683749152,0.9989888777691329,0.9268750000000001,0.04271730160946138,nan,0.00016857720836139955,0.0001685772083614325,0.0001685772083615863,0.9994942683749153,0.00016857720836139955,0.9994942683749152,0.00016857720836160222,0.0001685772083614307,0.0001685772083614304,5.904878664663029e-16,6.664032538903059e-16,0.0,2.220446049250313e-16,0.0,2.220446049250313e-16,0.9999999999999998,-3.428503124735127e-17,5.286473535262144e-17,5.551115123125783e-17,-3.123426287686878e-17,0.9993256911665538,-8.093807996474783e-16,2.2174860204319487e-17,-5.197847336266857e-17,-8.075043025960668e-16,-0.9993256911665538,1.5249326262960683e-16,5.551115123125783e-17,-2.2458445618186407e-17,1.5127898732343552e-16,0.999325691166554
step4,0.0,0.05,2,0.9999999146588838,0.9999998293177778,0.9989888777691328,0.0005838700363280172,0.0433011716457894,2.8447038519121025e-08,2.8447038612108295e-08,2.8447038678830976e-08,0.9999999146588839,2.8447038519121025e-08,0.9999999146588838,2.84470386638148e-08,2.8447038612086425e-08,2.8447038612082716e-08,1.1673072592485415e-15,1.189737988493709e-15,0.0,1.1102230246251565e-16,0.0,1.1102230246251565e-16,0.9999999999999999,-6.405758417847413e-17,1.0513706127302885e-16,1.1102230246251565e-16,-6.401807979427617e-17,0.9999998862118453,-1.6114645914356339e-15,4.487244671170666e-17,-1.0512539551490133e-16,-1.6114395222036272e-15,-0.9999998862118453,3.039721247966515e-16,1.1102230246251565e-16,-4.487628082359633e-17,3.0395564795454137e-16,0.9999998862118454
step4,0.0,0.05,3,0.9999999999999973,0.9999999999999951,0.9999998293177776,9.854342977583637e-08,0.000583968579757793,7.507923739761179e-16,8.092341491150931e-16,8.355978923765851e-16,0.9999999999999976,7.507923739761179e-16,0.9999999999999973,8.318502206083084e-16,8.092341461107588e-16,8.092341455019804e-16,1.7267779450822508e-15,1.7514863508758017e-15,0.0,1.1102230246251565e-16,0.0,0.0,1.0,-9.52741551364121e-17,1.578085153668835e-16,1.6653345369377348e-16,-9.527414864750092e-17,0.9999999999999968,-2.3869799137976908e-15,6.742010885415989e-17,-1.5780851344942261e-16,-2.386979909674721e-15,-0.9999999999999968,4.559391118736857e-16,1.6653345369377348e-16,-6.742010948502443e-17,4.55939109162201e-16,0.9999999999999967
step4,0.0,0.05,4,0.9999999999999998,1.0,0.9999999999999951,2.8509134773655412e-15,9.854343256662783e-08,-3.9252311467093905e-17,9.415136119843301e-31,3.9252311467094854e-17,1.0,-3.9252311467093905e-17,0.9999999999999997,-1.6258839764163445e-17,9.820596323865947e-31,7.189216944962199e-31,2.307638878069003e-15,2.330601509211064e-15,0.0,0.0,0.0,0.0,1.0,-1.2651046117564237e-16,2.1048578896778883e-16,2.220446049250313e-16,-1.2651046117564298e-16,1.0,-3.191891195797341e-15,8.996584998607868e-17,-2.1048578896778812e-16,-3.191891195797341e-15,-1.0,6.07914300052819e-16,2.220446049250313e-16,-8.996584998607677e-17,6.079143000528194e-16,1.0
step4,0.0,0.1,0,0.9249999999999998,0.8574999999999999,nan,nan,nan,0.024999999999999935,0.024999999999999994,0.025000000000000026,0.925,0.024999999999999935,0.9249999999999998,0.024999999999999956,0.024999999999999988,0.024999999999999988,2.924295323337349e-18,1.7554167342883506e-16,0.0,1.1102230246251565e-16,0.0,0.0,1.0,0.0,0.0,0.0,0.0,0.9,0.0,0.0,0.0,0.0,-0.9,0.0,0.0,0.0,0.0,0.8999999999999999
step4,0.0,0.1,1,0.9978134110787169,0.9956331970522483,0.8575,0.08407768497382437,nan,0.0007288629737609402,0.0007288629737609522,0.0007288629737610289,0.997813411078717,0.0007288629737609402,0.9978134110787169,0.0007288629737609981,0.0007288629737609342,0.0007288629737609336,5.678414268318147e-16,6.231496024305872e-16,0.0,1.1102230246251565e-16,0.0,0.0,1.0,-3.767572291884941e-17,5.3026322753092005e-17,5.551115123125783e-17,-3.113336153453288e-17,0.9970845481049561,-7.796393439537641e-16,2.1799028060921106e-17,-5.115893448570626e-17,-7.757501386275278e-16,-0.9970845481049561,1.5280568162246122e-16,-5.551115123125783e-17,-2.2378810593773635e-17,1.5033358140619908e-16,0.9970845481049562
step4,0.0,0.1,2,0.9999983992862949,0.9999967985760065,0.9956331970522484,0.002523007059642604,0.08660069203346697,5.335712349613681e-07,5.335712349964986e-07,5.335712350766429e-07,0.9999983992862951,5.335712349613681e-07,0.9999983992862949,5.33571235105724e-07,5.335712349612956e-07,5.33571234961279e-07,1.1498222991675916e-15,1.189764452319986e-15,0.0,2.220446049250313e-16,0.0,0.0,1.0,-6.591523520171224e-17,1.049349811503962e-16,0.0,-6.57388051080814e-17,0.99999786571506,-1.5890855417893793e-15,4.4677341766220017e-17,-1.0488299104929175e-16,-1.5889740283450867e-15,-0.99999786571506,3.0402445951634227e-16,0.0,-4.4694371080269274e-17,3.039513104003528e-16,0.9999978657150602
step4,0.0,0.1,3,0.9999999999991459,0.9999999999982923,0.9999967985760064,1.848343990897289e-06,0.0025248554036335015,2.8455684209509487e-13,2.8469917430037965e-13,2.8472024899232813e-13,0.9999999999991462,2.8455684209509487e-13,0.9999999999991459,2.8456470967393087e-13,2.846991742399213e-13,2.846991742284889e-13,1.745259251836722e-15,1.7591210117595693e-15,0.0,3.3306690738754696e-16,0.0,0.0,1.0,-9.706359341709817e-17,1.5758649303863978e-16,0.0,-9.70634715603839e-17,0.9999999999988616,-2.4147428878693432e-15,6.723167692182973e-17,-1.5758645703039227e-16,-2.41474281044388e-15,-0.9999999999988616,4.559637491250727e-16,0.0,-6.723168876884793e-17,4.5596369820617235e-16,0.9999999999988612
step4,0.0,0.1,4,0.9999999999999998,1.0,0.9999999999982923,9.85973150864962e-13,1.8483449768702665e-06,-5.551115123125785e-17,-5.551115123125783e-17,8.108225915626856e-26,1.0,-5.551115123125785e-17,0.9999999999999998,-2.7755575615628907e-17,8.106020400953907e-26,8.105386745727657e-26,2.3149317331300202e-15,2.332890697515398e-15,0.0,0.0,0.0,0.0,1.0,-1.282998417726027e-16,2.1026374959433519e-16,5.551115123125783e-17,-1.282998417725386e-16,1.0,-3.205768983610653e-15,8.977742366189337e-17,-2.1026374959431551e-16,-3.205768983610612e-15,-1.0,6.079389132010297e-16,5.551115123125783e-17,-8.977742366189769e-17,6.07938913201003e-16,1.0
step4,0.0,0.2,0,0.8499999999999999,0.7300000000000001,nan,nan,nan,0.04999999999999999,0.04999999999999999,0.05000000000000002,0.8500000000000001,0.04999999999999999,0.8499999999999999,0.04999999999999998,0.049999999999999975,0.049999999999999975,2.4659545749914493e-17,1.9229626863835638e-16,0.0,0.0,0.0,0.0,1.0,0.0,0.0,0.0,0.0,0.8,0.0,0.0,0.0,0.0,-0.8,0.0,0.0,0.0,0.0,0.8
step4,0.0,0.2,1,0.9897260273972602,0.9795927941452433,0.7300000000000001,0.16134171906121056,nan,0.0034246575342463787,0.0034246575342465795,0.0034246575342465955,0.9897260273972603,0.0034246575342463787,0.9897260273972602,0.003424657534246504,0.0034246575342465717,0.003424657534246571,6.133793910729222e-16,6.306561151048087e-16,0.0,1.1102230246251565e-16,0.0,0.0,1.0,-4.5653445985517213e-17,5.323320767654153e-17,0.0,-3.0531525635954803e-17,0.9863013698630139,-8.439833122071488e-16,2.1050182750501525e-17,-4.9074194005035617e-17,-8.356329892382854e-16,-0.9863013698630139,1.5256610705979744e-16,0.0,-2.2255929719957487e-17,1.474769232003339e-16,0.9863013698630138
step4,0.0,0.2,2,0.999964082179972,0.9999281660800644,0.9795927941452431,0.011821887369553702,0.17316360643076426,1.1972606675789016e-05,1.19726066759261e-05,1.1972606676012273e-05,0.9999640821799722,1.1972606675789016e-05,0.999964082179972,1.1972606675902437e-05,1.1972606675925698e-05,1.1972606675925611e-05,1.1792007166148097e-15,1.2072474834515016e-15,0.0,0.0,0.0,0.0,1.0,-7.07123649891483e-17,1.046069880565663e-16,1.1102230246251565e-16,-6.981118854074721e-17,0.9999521095732964,-1.6294992203394984e-15,4.4393330951918476e-17,-1.0434393801055829e-16,-1.6289398177681406e-15,-0.9999521095732964,3.0425034586244417e-16,1.6653345369377348e-16,-4.447817183857504e-17,3.038866734991299e-16,0.9999521095732964
step4,0.0,0.2,3,0.9999999995699389,0.9999999991398782,0.9999281660800643,4.147382953193994e-05,0.011863361199085643,1.4335353251926935e-10,1.4335360826961558e-10,1.4335379353563472e-10,0.9999999995699392,1.4335353251926935e-10,0.999999999569939,1.4335358823407526e-10,1.4335360826826226e-10,1.4335360826800405e-10,1.7489021432638492e-15,1.7674483601988342e-15,0.0,0.0,0.0,0.0,1.0,-1.0150423067369276e-16,1.5715793379194904e-16,1.6653345369377348e-16,-1.015014788528724e-16,0.9999999994265856,-2.414909134180053e-15,6.69832674487103e-17,-1.5715712072481533e-16,-2.414907386076953e-15,-0.9999999994265856,4.560588447995358e-16,2.220446049250313e-16,-6.698353490919167e-17,4.560576952711604e-16,0.9999999994265856
step4,0.0,0.2,4,0.9999999999999998,1.0,0.9999999991398785,4.965914776056241e-10,4.147432612341755e-05,-3.924203766809133e-17,2.0550287747815574e-20,3.926258795583915e-17,1.0,-3.924203766809133e-17,0.9999999999999997,-1.6258839764163445e-17,2.055026666315705e-20,2.0550263596074424e-20,2.3077913761287772e-15,2.330751036710496e-15,0.0,0.0,0.0,0.0,1.0,-1.3273916413832256e-16,2.0983480191040287e-16,2.220446049250313e-16,-1.3273916410563422e-16,1.0,-3.191891198549643e-15,8.952914202963348e-17,-2.0983480190074277e-16,-3.1918911985288723e-15,-1.0,6.080334598386633e-16,2.220446049250313e-16,-8.952914203280966e-17,6.080334598250039e-16,1.0
step4,0.0,0.2,5,0.9999999999999998,1.0,1.0,5.753876423913228e-16,4.965914936431584e-10,-3.925231146709431e-17,1.024451595326109e-31,3.925231146709446e-17,1.0,-3.925231146709431e-17,0.9999999999999999,3.449020755439639e-17,3.143255260400832e-31,2.103379637380488e-32,2.887464126540897e-15,2.898793551390594e-15,0.0,0.0,0.0,0.0,1.0,-1.6397547340566365e-16,2.625120764652082e-16,3.885780586188048e-16,-1.639754734056647e-16,1.0,-3.969047313034935e-15,1.1207488284770841e-16,-2.625120764652072e-16,-3.969047313034935e-15,-1.0,7.600086493667075e-16,3.885780586188048e-16,-1.1207488284770553e-16,7.600086493667081e-16,1.0
step4,0.0,0.3,0,0.7749999999999998,0.6174999999999999,nan,nan,nan,0.07500000000000001,0.07500000000000001,0.07500000000000001,0.7749999999999999,0.07500000000000001,0.7749999999999998,0.075,0.075,0.075,8.879893162462571e-18,1.9229626863835638e-16,0.0,0.0,0.0,0.0,1.0,0.0,0.0,0.0,0.0,0.7,0.0,0.0,0.0,0.0,-0.7,0.0,0.0,0.0,0.0,0.7
step4,0.0,0.3,1,0.9726720647773277,0.9463398842793687,0.6174999999999999,0.22825203962091895,nan,0.009109311740890608,0.009109311740890687,0.009109311740890694,0.9726720647773279,0.009109311740890608,0.9726720647773278,0.009109311740890594,0.009109311740890687,0.009109311740890686,5.82551999807909e-16,6.828940753206967e-16,0.0,1.1102230246251565e-16,0.0,0.0,1.0,-5.554098588377037e-17,5.319479204685304e-17,5.551115123125783e-17,-2.9165632192454976e-17,0.9635627530364373,-8.120849901454086e-16,2.0352455632978362e-17,-4.622413030960905e-17,-7.986724774327482e-16,-0.9635627530364373,1.5061108991425027e-16,5.551115123125783e-17,-2.2213338705602392e-17,1.4286075008284818e-16,0.9635627530364372
step4,0.0,0.3,2,0.9997369458000092,0.9994739838633684,0.9463398842793687,0.03125183268806067,0.2595038723089796,8.768473333006877e-05,8.768473333015952e-05,8.768473333032516e-05,0.9997369458000094,8.768473333006877e-05,0.9997369458000093,8.768473333026717e-05,8.768473333015823e-05,8.768473333015797e-05,1.1987340038339404e-15,1.2571505640450961e-15,0.0,2.220446049250313e-16,0.0,0.0,1.0,-7.761927835627335e-17,1.0445434433657579e-16,1.1102230246251565e-16,-7.492927562112934e-17,0.9996492610666792,-1.6579188124673023e-15,4.433814459728599e-17,-1.0368322575593068e-16,-1.6563062447415283e-15,-0.9996492610666792,3.046768415678479e-16,1.6653345369377348e-16,-4.4579360448687424e-17,3.0364724245050836e-16,0.9996492610666794
step4,0.0,0.3,3,0.9999999769220229,0.9999999538440469,0.9994739838633686,0.0003037221781997105,0.03155555486626038,7.692658892641934e-09,7.692658921920591e-09,7.692659150095723e-09,0.9999999769220231,7.692658892641934e-09,0.9999999769220229,7.692659042291189e-09,7.692658921909689e-09,7.692658921907768e-09,1.856052801042575e-15,1.8855067747500036e-15,0.0,3.3306690738754696e-16,0.0,0.0,1.0,-1.0755786655159985e-16,1.5678402526007686e-16,2.220446049250313e-16,-1.0753739075592072e-16,0.9999999692293641,-2.5687496991303422e-15,6.701749250436706e-17,-1.5677797956768815e-16,-2.5687367088518372e-15,-0.9999999692293641,4.562482665926313e-16,2.220446049250313e-16,-6.701947904748871e-17,4.5623972981704e-16,0.9999999692293644
step4,0.0,0.3,4,0.9999999999999996,0.9999999999999996,0.9999999538440472,2.66481520791087e-08,0.00030374882635178963,5.5511151231257796e-17,5.917700502486584e-17,1.1102230246251565e-16,0.9999999999999998,5.5511151231257796e-17,0.9999999999999996,1.1775693440128312e-16,5.917700469357492e-17,5.917700452897614e-17,2.4157818584806437e-15,2.4296605153885535e-15,0.0,1.1102230246251565e-16,0.0,0.0,1.0,-1.3878394302586717e-16,2.0945828191957542e-16,2.220446049250313e-16,-1.387839412714269e-16,0.9999999999999997,-3.344547017044974e-15,8.95642284285182e-17,-2.0945828140114099e-16,-3.3445470159302252e-15,-0.9999999999999997,6.082192021505904e-16,3.3306690738754696e-16,-8.956422859908674e-17,6.082192014174721e-16,0.9999999999999998
step4,0.0,0.3,5,0.9999999999999998,1.0,0.9999999999999997,6.162556621968442e-16,2.6648152337620226e-08,-1.2135518488079512e-16,1.1093356479670472e-31,3.8088458033908494e-17,1.0,-1.2135518488079512e-16,0.9999999999999998,1.1496735851465464e-17,3.247755576439311e-31,2.9595552123320397e-32,2.9641436321682495e-15,2.983768710813692e-15,0.0,0.0,0.0,0.0,1.0,-1.7002025143233238e-16,2.6213555621999367e-16,1.6653345369377348e-16,-1.7002025143233347e-16,1.0,-4.107825191113081e-15,1.1210996933028945e-16,-2.6213555621999264e-16,-4.107825191113081e-15,-1.0,7.601943913189055e-16,1.6653345369377348e-16,-1.1210996933028644e-16,7.60194391318906e-16,1.0
step4,0.0,0.5,0,0.6249999999999998,0.4375,nan,nan,nan,0.12499999999999997,0.125,0.125,0.625,0.12499999999999997,0.6249999999999999,0.12499999999999997,0.12499999999999997,0.12499999999999997,4.844614790834e-18,2.254873622441467e-16,0.0,0.0,0.0,0.0,1.0,0.0,0.0,0.0,0.0,0.5,0.0,0.0,0.0,0.0,-0.5,0.0,0.0,0.0,0.0,0.5
step4,0.0,0.5,1,0.8928571428571426,0.8010204081632651,0.4375,0.30929478706587094,nan,0.03571428571428569,0.03571428571428572,0.03571428571428574,0.8928571428571428,0.03571428571428569,0.8928571428571427,0.035714285714285685,0.03571428571428569,0.035714285714285685,5.610911797031227e-16,6.302094743094106e-16,0.0,0.0,0.0,1.1102230246251565e-16,0.9999999999999999,-8.247777223471739e-17,5.1691398822667946e-17,1.1102230246251565e-16,-2.2503154529498394e-17,0.8571428571428571,-7.813484596471356e-16,1.9544641243372482e-17,-3.719650005068079e-17,-7.563599929865911e-16,-0.8571428571428571,1.3741860314711274e-16,-1.1102230246251565e-16,-2.2617784210715103e-17,1.2518168167874234e-16,0.8571428571428571
step4,0.0,0.5,2,0.9952229299363056,0.9904762870704695,0.8010204081632653,0.11820182945192532,0.42749661651779625,0.0015923566878980268,0.0015923566878980888,0.0015923566878980968,0.9952229299363058,0.0015923566878980268,0.9952229299363057,0.001592356687898067,0.0015923566878980873,0.0015923566878980858,1.2734672316701103e-15,1.30313526620297e-15,0.0,1.1102230246251565e-16,0.0,0.0,1.0,-1.0440856914206051e-16,1.0530467820002645e-16,5.551115123125783e-17,-8.91245134661872e-17,0.9936305732484078,-1.7723410329681011e-15,4.5777041976976435e-17,-1.0121997086305115e-16,-1.764384461948716e-15,-0.9936305732484078,3.0561920272875923e-16,0.0,-4.6894124029920845e-17,3.0094789506460103e-16,0.9936305732484076
step4,0.0,0.5,3,0.9999923200589818,0.9999846401966059,0.9904762870704696,0.005507217342394844,0.12370904679432017,2.559980339322809e-06,2.5599803393511455e-06,2.5599803393783205e-06,0.999992320058982,2.559980339322809e-06,0.9999923200589819,2.5599803393779952e-06,2.5599803393509715e-06,2.559980339350933e-06,1.8395365469726305e-15,1.8498420600411e-15,0.0,0.0,0.0,0.0,1.0,-1.2901743920023136e-16,1.56632091217201e-16,1.1102230246251565e-16,-1.2860207687439206e-16,0.9999897600786426,-2.5501878016168337e-15,6.912921184610003e-17,-1.5651097185142334e-16,-2.549930468072673e-15,-0.9999897600786426,4.572829363207727e-16,1.1102230246251565e-16,-6.916821056657295e-17,4.571158057762921e-16,0.9999897600786426
step4,0.0,0.5,4,0.9999999999803391,0.9999999999606786,0.9999846401966059,8.868009326019138e-06,0.005516085351720864,6.553591003211067e-12,6.553591003211068e-12,6.553600000371841e-12,0.9999999999803393,6.553591003211067e-12,0.9999999999803392,6.553562204038808e-12,6.553600000028737e-12,6.55359999997377e-12,2.4087243265824047e-15,2.4205021097996264e-15,0.0,1.1102230246251565e-16,0.0,0.0,1.0,-1.6004797940724383e-16,2.0925045021569007e-16,1.6653345369377348e-16,-1.6004739353059787e-16,0.9999999999737857,-3.330720515843242e-15,9.169508476947149e-17,-2.0925027709913863e-16,-3.3307201436208347e-15,-0.9999999999737857,6.091793664901334e-16,1.6653345369377348e-16,-9.169514172207252e-17,6.0917912170828e-16,0.9999999999737856
step4,0.0,0.5,5,0.9999999999999998,1.0,0.9999999999606787,2.2702246282191726e-11,8.868032028265413e-06,-1.213551671437903e-16,4.295078782666722e-23,3.8088483247691384e-17,1.0,-1.213551671437903e-16,0.9999999999999998,1.1496735851465464e-17,4.2950050308402695e-23,4.29499098104793e-23,2.9841759355591535e-15,3.003670129620154e-15,0.0,0.0,0.0,0.0,1.0,-1.9128399575831714e-16,2.619276382226388e-16,1.6653345369377348e-16,-1.9128399575682393e-16,1.0,-4.135580766892146e-15,1.1424085406447008e-16,-2.619276382221962e-16,-4.135580766891196e-15,-1.0,7.611544336503668e-16,1.6653345369377348e-16,-1.1424085406461228e-16,7.611544336497427e-16,1.0
step4,0.0,0.5,6,0.9999999999999998,1.0,1.0,5.847670000605455e-16,2.270226232909743e-11,-4.5762474079569344e-32,1.4820460210731672e-31,5.551115123125797e-17,1.0,-4.5762474079569344e-32,0.9999999999999999,6.22457831700253e-17,3.8403019053831755e-31,3.008729011486226e-32,3.569828405912446e-15,3.580019136003932e-15,0.0,0.0,0.0,0.0,1.0,-2.225203050412555e-16,3.1460491278205305e-16,3.3306690738754696e-16,-2.2252030504125714e-16,1.0,-4.926614671774132e-15,1.367865948810288e-16,-3.146049127820517e-16,-4.926614671774132e-15,-1.0,9.131296231849285e-16,3.3306690738754696e-16,-1.3678659488102441e-16,9.131296231849294e-16,1.0
step4,1e-05,0.05,0,0.9624999999999998,0.926875,nan,nan,nan,0.0124999999999999,0.012500000000000011,0.012500000000000067,0.9624999999999999,0.0124999999999999,0.9624999999999998,0.01250000000000003,0.01250000000000001,0.01250000000000001,8.494454310017238e-17,1.9229626863835638e-16,0.0,0.0,0.0,0.0,1.0,0.0,0.0,0.0,0.0,0.95,0.0,0.0,0.0,0.0,-0.95,0.0,0.0,0.0,0.0,0.95
step4,1e-05,0.05,1,0.9994764846195614,0.9989533346677555,0.9267687805921965,0.042696766746306354,nan,0.00017367236822350528,0.00017367236822367105,0.0001761706439911584,0.9994764846195616,0.00017367236822350528,0.9994764846195614,0.0001761706439912049,0.0001736723682236697,0.00017367236822350574,6.232028317133038e-16,2.0398336224448534e-06,2.220446049250313e-16,4.996551535185745e-06,0.0,0.0,1.0,-1.4654687018483786e-17,-1.2647376562922161e-17,-5.551115123125783e-17,-5.217374622769095e-17,0.9993003139755705,-8.526621346111531e-16,1.616528462728398e-17,9.124556515156706e-17,-8.399290487682478e-16,-0.9993003139755703,1.8856429569499954e-16,-5.551115123125783e-17,-3.5472981400765635e-17,2.6290224695601945e-16,0.9993053105271057
step4,1e-05,0.05,2,0.9999824047108283,0.9999648098386187,0.9988384663354932,0.0005841862017664541,0.04328095294750999,5.031484029356931e-06,5.031484029519736e-06,7.532321112624037e-06,0.9999824047108286,5.031484029356931e-06,0.9999824047108283,7.532321112685204e-06,5.031484029573228e-06,5.031484029444918e-06,1.2724164499424718e-15,2.0419249278571607e-06,2.220446049250313e-16,5.00167416617181e-06,0.0,2.220446049250313e-16,1.0000000000000002,-6.85895923627899e-17,-1.0563536510649353e-17,-1.6653345369377348e-16,-9.749005287148397e-17,0.9999748723897159,-1.757049165077221e-15,1.576158201261267e-17,9.997462122888299e-17,-1.733498892444385e-15,-0.9999748723897157,4.032665246616034e-16,0.0,-3.0503685231685655e-17,4.2871130856734436e-16,0.9999798740638821
step4,1e-05,0.05,3,0.9999824998544153,0.9999650001213378,0.9998498201360115,1.098645081962894e-07,0.0005842960641155954,5.0000505549233165e-06,5.000050555002496e-06,7.500044474594108e-06,0.9999824998544153,5.0000505549233165e-06,0.9999824998544153,7.500044474555345e-06,5.000050554987572e-06,5.0000505550162945e-06,1.8903891416496723e-15,2.041236487656444e-06,0.0,4.9999878390938335e-06,0.0,0.0,1.0,-1.4589139551003583e-16,-9.305617930245524e-17,-5.551115123125783e-17,-1.3617678329947046e-16,0.999974999809941,-2.5872422714545662e-15,-7.284114784668266e-18,1.234860054008703e-16,-2.6074667500573273e-15,-0.999974999809941,6.086613796049737e-16,-1.1102230246251565e-16,-4.792464797896842e-17,5.973624900635974e-16,0.9999799997977801
step4,1e-05,0.05,4,0.9999824998562444,0.999965000124996,0.999850010395898,2.116640857923714e-12,1.0986662112532635e-07,5.000050001756906e-06,5.000050001847618e-06,7.500043751714733e-06,0.9999824998562445,5.000050001756906e-06,0.9999824998562444,7.500043751686955e-06,5.0000500018407505e-06,5.000050001825013e-06,2.5391582276897995e-15,2.041236349099293e-06,0.0,4.999987499809677e-06,0.0,0.0,1.0,-1.8789720314448932e-16,-1.6945899712124365e-16,5.551115123125783e-17,-1.4583622823052756e-16,0.9999749998124929,-3.4812067997885725e-15,4.9685602340576995e-17,1.1637691759481738e-16,-3.495567129741066e-15,-0.9999749998124929,8.234027035571833e-16,0.0,-3.384933153514909e-17,8.106446214501692e-16,0.9999799997999927
step4,1e-05,0.05,5,0.9999824998562448,0.9999650001249966,0.9998500103995556,7.659384954030441e-16,2.1169933014406176e-12,5.0000500017707415e-06,5.000050001841259e-06,7.5000437514030625e-06,0.999982499856245,5.0000500017707415e-06,0.9999824998562447,7.500043751430421e-06,5.0000500018318634e-06,5.000050001766956e-06,3.1910579910187012e-15,2.0412363488999994e-06,2.220446049250313e-16,4.999987499143543e-06,0.0,0.0,1.0,-2.0655368888726594e-16,-1.2405808774535668e-16,0.0,-2.0305614035049647e-16,0.9999749998124936,-4.364014759226749e-15,1.2305837790385706e-16,1.3950484440191033e-16,-4.410912304144256e-15,-0.9999749998124934,1.0295272979547827e-15,0.0,-8.948377933939595e-17,1.0117976461580873e-15,0.9999799997999927
step4,1e-05,0.1,0,0.9249999999999998,0.8574999999999999,nan,nan,nan,0.024999999999999935,0.024999999999999994,0.025000000000000026,0.925,0.024999999999999935,0.9249999999999998,0.024999999999999956,0.024999999999999988,0.024999999999999988,2.924295323337349e-18,1.7554167342883506e-16,0.0,1.1102230246251565e-16,0.0,0.0,1.0,0.0,0.0,0.0,0.0,0.9,0.0,0.0,0.0,0.0,-0.9,0.0,0.0,0.0,0.0,0.8999999999999999
step4,1e-05,0.1,1,0.9977953408404052,0.9955971623809663,0.8574021051343372,0.08405681928455701,nan,0.0007340554958953438,0.0007340554958953926,0.0007365481678036909,0.9977953408404054,0.0007340554958953438,0.9977953408404052,0.000736548167803725,0.0007340554958953611,0.0007340554958953581,6.619526349109613e-16,2.035258090595186e-06,0.0,4.9853438167657416e-06,0.0,2.220446049250313e-16,0.9999999999999998,-4.757283469950903e-17,2.180433855224561e-17,1.1102230246251565e-16,-1.719661313493098e-17,0.9970587926726017,-8.878388361494332e-16,1.7255903876851968e-17,3.21172039431798e-17,-9.180438491091886e-16,-0.9970587926726017,1.9076490333686183e-16,1.6653345369377348e-16,3.808190070320833e-17,2.034137491083197e-16,0.9970637780164184
step4,1e-05,0.1,2,0.9999808562052555,0.9999617129033367,0.9954826967672286,0.0025236157684446077,0.0865804350524785,5.546718620099332e-06,5.546718620135663e-06,8.050357504096426e-06,0.9999808562052557,5.546718620099332e-06,0.9999808562052556,8.05035750409968e-06,5.546718620111854e-06,5.546718620087081e-06,1.2915183813743894e-15,2.044212588634402e-06,0.0,5.007277767976603e-06,0.0,0.0,1.0,-4.4171416533271646e-17,1.28180859403738e-18,2.220446049250313e-16,-7.300156337397666e-17,0.9999728058477516,-1.772968809994181e-15,-3.265313550598002e-17,2.093051817016111e-17,-1.773557716511918e-15,-0.9999728058477516,3.9502449638456225e-16,1.6653345369377348e-16,2.2329008126622037e-18,4.063665463892787e-16,0.9999778131255196
step4,1e-05,0.1,3,0.9999824998238276,0.9999650000601639,0.9998467235723411,1.8978895801172422e-06,0.002525513655685847,5.000059876787061e-06,5.000059876838127e-06,7.500056418624632e-06,0.9999824998238278,5.000059876787061e-06,0.9999824998238275,7.50005641867745e-06,5.000059876794899e-06,5.000059876833397e-06,1.9023875781493467e-15,2.041238628778213e-06,0.0,4.9999930836763795e-06,0.0,0.0,1.0,-7.885783438108396e-17,-4.104505666385788e-17,1.6653345369377348e-16,-9.632569462275773e-17,0.9999749997674091,-2.6454011928546353e-15,-3.194541367563462e-17,7.781976621458877e-17,-2.5904595510043386e-15,-0.9999749997674091,6.067633195296717e-16,1.6653345369377348e-16,3.29232755656192e-17,5.905295826490872e-16,0.9999799997604928
step4,1e-05,0.1,4,0.9999824998562441,0.9999650001249953,0.9998500103347312,3.7500734970140593e-11,1.8979270150247403e-06,5.0000500019561105e-06,5.000050001994949e-06,7.500043751712203e-06,0.9999824998562441,5.0000500019561105e-06,0.9999824998562441,7.500043751776956e-06,5.000050001948163e-06,5.000050001985725e-06,2.5868358994079548e-15,2.041236349057818e-06,0.0,4.9999874995876326e-06,0.0,0.0,1.0,-1.023503417566045e-16,-5.664061213737066e-17,2.7755575615628914e-16,-9.998669989928586e-17,0.9999749998124925,-3.5571122526177295e-15,-1.4514252250319588e-17,3.6123241090583824e-17,-3.5470319048433015e-15,-0.9999749998124925,7.770404358280742e-16,2.220446049250313e-16,8.878329359795348e-18,8.675802857368031e-16,0.9999799997999921
step4,1e-05,0.1,5,0.9999824998562448,0.9999650001249967,0.999850010399555,1.0113001401418544e-15,3.7501504989815374e-11,5.00005000172608e-06,5.000050001822751e-06,7.500043751634354e-06,0.999982499856245,5.00005000172608e-06,0.9999824998562449,7.500043751559675e-06,5.0000500017694e-06,5.000050001711895e-06,3.2336448716826546e-15,2.0412363490612905e-06,2.220446049250313e-16,4.99998749947661e-06,0.0,0.0,1.0,-1.1525215695223752e-16,-4.296702571045102e-17,3.885780586188048e-16,-1.1877921090266802e-16,0.9999749998124935,-4.444741376821363e-15,-3.3542829324169866e-17,-2.0220036621166407e-17,-4.4496052445342204e-15,-0.9999749998124933,9.57819835352763e-16,3.885780586188048e-16,-3.651649502114279e-18,1.028942686017843e-15,0.999979999799993
step4,1e-05,0.2,0,0.8499999999999999,0.7300000000000001,nan,nan,nan,0.04999999999999999,0.04999999999999999,0.05000000000000002,0.8500000000000001,0.04999999999999999,0.8499999999999999,0.04999999999999998,0.049999999999999975,0.049999999999999975,2.4659545749914493e-17,1.9229626863835638e-16,0.0,0.0,0.0,0.0,1.0,0.0,0.0,0.0,0.0,0.8,0.0,0.0,0.0,0.0,-0.8,0.0,0.0,0.0,0.0,0.8
step4,1e-05,0.2,1,0.9897073992500339,0.9795560486777188,0.729917404292865,0.16132020914214185,nan,0.003430045012695751,0.0034300450126958644,0.0034325107245742697,0.9897073992500343,0.003430045012695751,0.9897073992500339,0.003432510724574275,0.0034300450126957616,0.0034300450126958444,6.569787753262513e-16,2.013245318336307e-06,2.220446049250313e-16,4.931423757015274e-06,0.0,0.0,1.0,-5.1729013942731313e-17,2.017376377971743e-17,-2.220446049250313e-16,-8.971225594557157e-17,0.9862748885254597,-9.202501945111747e-16,-4.9897900786266826e-17,1.1644769645915244e-16,-8.274435015412804e-16,-0.98627488852546,2.5909153827599705e-16,-5.551115123125783e-17,4.852737335914255e-18,1.6071536694542255e-16,0.9862798199492168
step4,1e-05,0.2,2,0.9999463731323378,0.9998927501033547,0.9794435078917576,0.011822948654421872,0.17314315779612455,1.7036583907774614e-05,1.7036583907847432e-05,1.9553699846584307e-05,0.999946373132338,1.7036583907774614e-05,0.9999463731323378,1.9553699846493238e-05,1.703658390781881e-05,1.703658390777588e-05,1.2915816133032403e-15,2.055216557765368e-06,0.0,5.034231877365514e-06,0.0,2.220446049250313e-16,1.0000000000000002,-4.522082953914471e-17,-3.750405717096311e-17,-2.7755575615628914e-16,-8.30729940033923e-17,0.9999268194324915,-1.735738529074534e-15,3.5456227109417564e-17,2.4213480930369158e-17,-1.792385780058475e-15,-0.9999268194324915,4.2799070709021097e-16,-2.220446049250313e-16,-2.2968642696637923e-17,3.497490533443267e-16,0.9999318536643689
step4,1e-05,0.2,3,0.9999824987286068,0.9999649978697733,0.99977776904744,4.1714247787059135e-05,0.011864662899841512,5.000405595850361e-06,5.0004055959448505e-06,7.500460201189275e-06,0.9999824987286068,5.000405595850361e-06,0.9999824987286068,7.5004602011497744e-06,5.000405595955241e-06,5.000405595895649e-06,1.9345014180387016e-15,2.0412860372746457e-06,2.220446049250313e-16,5.00010921034022e-06,0.0,1.1102230246251565e-16,0.9999999999999999,-1.1367173132624182e-16,-1.5416224400942087e-17,-1.1102230246251565e-16,-1.2355574271197978e-16,0.9999749982684059,-2.6273537466000723e-15,5.430465979008561e-17,4.3260553398964427e-17,-2.710779033023914e-15,-0.9999749982684056,5.608738132595088e-16,-1.1102230246251565e-16,-1.0284872544198177e-17,5.911223157025023e-16,0.9999799983776162
step4,1e-05,0.2,4,0.9999824998562228,0.9999650001249526,0.9998500081446036,1.3030065237175288e-09,4.171554986247232e-05,5.000050008163695e-06,5.000050008214759e-06,7.500043760528798e-06,0.999982499856223,5.000050008163695e-06,0.9999824998562228,7.500043760563359e-06,5.0000500082288096e-06,5.000050008180907e-06,2.605059135465738e-15,2.0412363511032176e-06,0.0,4.999987504583636e-06,0.0,0.0,1.0,-1.3000130003071253e-16,1.5359552129615013e-17,-1.6653345369377348e-16,-1.4623813294238642e-16,0.9999749998124624,-3.597282365102882e-15,5.3353646874806424e-17,5.669305801162312e-17,-3.580657020221755e-15,-0.9999749998124624,7.793453111204177e-16,-5.551115123125783e-17,-9.84398664551123e-17,8.15084825490487e-16,0.999979999799967
step4,1e-05,0.2,5,0.9999824998562445,0.9999650001249962,0.9998500103995123,2.533022695131414e-14,1.3030318185494336e-09,5.000050001727057e-06,5.000050001831055e-06,7.500043751587147e-06,0.9999824998562448,5.000050001727057e-06,0.9999824998562447,7.5000437515136875e-06,5.0000500018240944e-06,5.000050001729261e-06,3.2758762958024602e-15,2.0412363490092094e-06,2.220446049250313e-16,4.999987499365588e-06,0.0,2.220446049250313e-16,0.9999999999999998,-1.910508358672095e-16,-3.7005905145746915e-17,-1.1102230246251565e-16,-2.0709329131621622e-16,0.9999749998124934,-4.518778882759556e-15,1.3609585644975574e-16,-1.087222565715753e-19,-4.514371783460845e-15,-0.9999749998124932,1.0239144506151956e-15,-1.6653345369377348e-16,-1.136881640994436e-16,9.552674295580258e-16,0.9999799997999927
step4,1e-05,0.3,0,0.7749999999999998,0.6174999999999999,nan,nan,nan,0.07500000000000001,0.07500000000000001,0.07500000000000001,0.7749999999999999,0.07500000000000001,0.7749999999999998,0.075,0.075,0.075,8.879893162462571e-18,1.9229626863835638e-16,0.0,0.0,0.0,0.0,1.0,0.0,0.0,0.0,0.0,0.7,0.0,0.0,0.0,0.0,-0.7,0.0,0.0,0.0,0.0,0.7
step4,1e-05,0.3,1,0.9726529643209167,0.9463030757929465,0.6174309035503894,0.22822998432209268,nan,0.009114875605264956,0.009114875605264973,0.009117284468553068,0.972652964320917,0.009114875605264956,0.9726529643209167,0.009117284468553102,0.009114875605264963,0.009114875605264965,6.343712712512163e-16,1.9668286386747734e-06,0.0,4.817726576233916e-06,0.0,0.0,1.0,-3.44224003595744e-17,-3.336305227644989e-17,0.0,-5.689121457016937e-17,0.9635356798523639,-8.828919600237674e-16,-3.309540576698636e-17,-1.2642492126704291e-17,-8.700213620695345e-16,-0.9635356798523639,1.8724196792497875e-16,0.0,4.702162236124834e-17,1.6501548015387076e-16,0.9635404975789401
step4,1e-05,0.3,2,0.9997188612339335,0.9994378278575281,0.9461945251442688,0.031253005737376785,0.2594829900591192,9.286442416143685e-05,9.286442416161186e-05,9.540991774326086e-05,0.9997188612339336,9.286442416143685e-05,0.9997188612339334,9.540991774330737e-05,9.286442416145098e-05,9.286442416161978e-05,1.2886206180690047e-15,2.078386806320431e-06,4.440892098500626e-16,5.090987163836047e-06,0.0,0.0,1.0,-6.357629528165615e-17,1.529292389581607e-17,5.551115123125783e-17,-4.955577122214068e-17,0.9996234513161901,-1.7472838639554544e-15,-2.2523390300182122e-17,-2.2973253479859402e-17,-1.8181913620240075e-15,-0.9996234513161906,3.622625590162683e-16,0.0,8.04172966944701e-17,3.682850561237188e-16,0.999628542303354
step4,1e-05,0.3,3,0.999982471619586,0.9999649436529994,0.9993229013892807,0.000304391056457976,0.03155739679150161,5.0093128328324195e-06,5.00931283292983e-06,7.509754748155632e-06,0.9999824716195862,5.0093128328324195e-06,0.9999824716195861,7.509754748162647e-06,5.009312832868777e-06,5.00931283283343e-06,1.924776029740041e-15,2.0416022746885116e-06,0.0,5.000883830708069e-06,0.0,0.0,1.0,-1.290916689588762e-16,6.0879815447446e-18,-5.551115123125783e-17,-1.118988530641888e-16,0.999974961864838,-2.6536254695768926e-15,-1.5887303479113297e-17,-1.3984813939583987e-19,-2.6583770782455782e-15,-0.999974961864838,5.644521737130761e-16,0.0,4.397549715793151e-17,5.968414302860891e-16,0.9999799627486687
step4,1e-05,0.3,4,0.9999824998557019,0.9999650001239109,0.9998499539343351,3.26063110827101e-08,0.0003044236607603649,5.000050165028406e-06,5.000050165119219e-06,7.500043967915952e-06,0.9999824998557021,5.000050165028406e-06,0.9999824998557019,7.500043967907285e-06,5.000050165060101e-06,5.000050165124689e-06,2.5706202021598664e-15,2.0412363922927044e-06,2.220446049250313e-16,4.999987605613931e-06,0.0,2.220446049250313e-16,1.0000000000000002,-1.6568605512633288e-16,-8.662353700823e-20,5.551115123125783e-17,-1.1922874591422175e-16,0.9999749998117341,-3.575409814937716e-15,-6.8005093905407216e-18,2.003623969391503e-17,-3.532063899648242e-15,-0.9999749998117343,7.819577271568674e-16,0.0,1.3864541762638893e-17,7.181134566157333e-16,0.9999799997993397
step4,1e-05,0.3,5,0.9999824998562448,0.9999650001249967,0.9998500103984707,6.284324983397756e-13,3.260693846770829e-08,5.000050001716035e-06,5.0000500018591455e-06,7.500043751499883e-06,0.999982499856245,5.000050001716035e-06,0.9999824998562449,7.500043751525184e-06,5.000050001837166e-06,5.000050001703907e-06,3.2293425131207e-15,2.041236348991561e-06,2.220446049250313e-16,4.999987499365588e-06,0.0,0.0,1.0,-1.9419565426649388e-16,1.1753706110028137e-17,-5.551115123125783e-17,-1.3427087502397728e-16,0.9999749998124936,-4.4509741490256896e-15,-3.832261905796099e-17,-3.643691287258001e-17,-4.4699491142538095e-15,-0.9999749998124934,9.599478183977057e-16,-1.1102230246251565e-16,-2.023064904583581e-17,9.663420651512908e-16,0.999979999799993
step4,1e-05,0.5,0,0.6249999999999998,0.4375,nan,nan,nan,0.12499999999999997,0.125,0.125,0.625,0.12499999999999997,0.6249999999999999,0.12499999999999997,0.12499999999999997,0.12499999999999997,4.844614790834e-18,2.254873622441467e-16,0.0,0.0,0.0,0.0,1.0,0.0,0.0,0.0,0.0,0.5,0.0,0.0,0.0,0.0,-0.5,0.0,0.0,0.0,0.0,0.5
step4,1e-05,0.5,1,0.8928380103661073,0.8009876100983355,0.4374525023624291,0.3092726947731208,nan,0.03571994894088921,0.03571994894088934,0.03572209175211383,0.8928380103661075,0.03571994894088921,0.8928380103661074,0.03572209175211383,0.0357199489408892,0.03571994894088932,5.927625879219751e-16,1.749598038406854e-06,2.220446049250313e-16,4.285622449140547e-06,0.0,1.1102230246251565e-16,0.9999999999999999,-1.0001953873121686e-16,-2.728429803686794e-17,2.7755575615628914e-16,-8.228027544139372e-17,0.8571159186139936,-7.949696686187986e-16,-7.470962347329444e-18,3.568783031192978e-17,-7.308913400207961e-16,-0.8571159186139938,1.8444412572693975e-16,1.1102230246251565e-16,4.9349373312452e-17,2.1958952354340775e-16,0.8571202042364428
step4,1e-05,0.5,2,0.9952027138542909,0.9904361129858383,0.8008964963464914,0.11820057822963723,0.4274732730025904,0.001598203665925224,0.0015982036659252612,0.0016008788138582959,0.9952027138542912,0.001598203665925224,0.9952027138542909,0.0016008788138583102,0.001598203665925247,0.001598203665925244,1.2787422265979982e-15,2.1842491408488017e-06,0.0,5.350295866124455e-06,0.0,0.0,1.0,-7.756643459654374e-17,-2.5352153698437428e-17,1.1102230246251565e-16,-1.3130579661098637e-16,0.9936018350404329,-1.7473099920060504e-15,-1.5297052910712416e-17,4.115150739148438e-17,-1.7517457212623613e-15,-0.9936018350404329,4.805381084083718e-16,0.0,1.072252591889217e-18,3.808000882256529e-16,0.993607185336299
step4,1e-05,0.5,3,0.9999747186654411,0.9999494381872726,0.9903222666639664,0.005510236526261934,0.12371081475378204,7.590919175754816e-06,7.590919175848856e-06,1.0099496207072255e-05,0.9999747186654413,7.590919175754816e-06,0.9999747186654412,1.0099496207092194e-05,7.590919175763835e-06,7.590919175776504e-06,1.9315286293326887e-15,2.048244569020187e-06,0.0,5.017154062536555e-06,0.0,1.1102230246251565e-16,0.9999999999999999,-1.5864621580073697e-16,-9.803834349419234e-17,5.551115123125783e-17,-1.495418378379586e-16,0.9999646191692343,-2.653620299534705e-15,-5.442710670635954e-17,4.808656827988533e-17,-2.640406974271936e-15,-0.9999646191692343,6.090250951402232e-16,1.1102230246251565e-16,-3.850580992999827e-17,6.430250345883872e-16,0.9999696363232968
step4,1e-05,0.5,4,0.9999824996868862,0.9999649997862874,0.999834450329162,8.984752376629168e-06,0.005519221276087803,5.000102078600522e-06,5.000102078657876e-06,7.50010895637477e-06,0.9999824996868865,5.000102078600522e-06,0.9999824996868862,7.500108956283053e-06,5.000102078650289e-06,5.000102078648807e-06,2.6011681782879896e-15,2.041247067860082e-06,0.0,5.000013755251942e-06,0.0,0.0,1.0,-1.3790231160253924e-16,-7.548774920760779e-17,1.1102230246251565e-16,-1.902872940964965e-16,0.9999749995779301,-3.573673742902232e-15,-2.027928814359213e-17,6.447216317441513e-17,-3.567285301451164e-15,-0.9999749995779301,8.622391530055643e-16,5.551115123125783e-17,1.517230918906971e-17,8.512975820364254e-16,0.9999799995916854
step4,1e-05,0.5,5,0.9999824998562414,0.9999650001249898,0.9998500100608878,1.9584802614733884e-10,8.98494793942713e-06,5.000050002698149e-06,5.000050002741577e-06,7.500043752969512e-06,0.9999824998562414,5.000050002698149e-06,0.9999824998562414,7.5000437529763635e-06,5.000050002725562e-06,5.000050002724096e-06,3.307347365254594e-15,2.0412363493908257e-06,0.0,4.999987500475811e-06,0.0,0.0,1.0,-1.759775543113933e-16,-9.435917438470454e-17,2.220446049250313e-16,-1.826850256518728e-16,0.9999749998124886,-4.560329173533801e-15,-1.847103801379496e-18,1.1180452067054e-16,-4.514535828263577e-15,-0.9999749998124886,1.0923872623425697e-15,1.6653345369377348e-16,-2.19170222568912e-18,1.0852083203443394e-15,0.9999799997999891
step4,1e-05,0.5,6,0.9999824998562445,0.9999650001249962,0.9998500103995496,3.828842984098937e-15,1.958518001644354e-10,5.000050001740316e-06,5.000050001828042e-06,7.500043751524164e-06,0.9999824998562448,5.000050001740316e-06,0.9999824998562445,7.500043751520422e-06,5.000050001799529e-06,5.000050001734426e-06,3.909461574031924e-15,2.0412363490171296e-06,2.220446049250313e-16,4.999987499365588e-06,0.0,1.1102230246251565e-16,0.9999999999999999,-2.1491699314431908e-16,-1.4432221009318986e-16,2.7755575615628914e-16,-2.3274496692583114e-16,0.9999749998124934,-5.366902769959019e-15,3.47009512634239e-17,1.5135416732958378e-16,-5.3843783511001025e-15,-0.9999749998124932,1.2215984961480122e-15,3.3306690738754696e-16,-1.8060279927273696e-17,1.2641655023521298e-15,0.9999799997999927
step4,3e-05,0.05,0,0.9624999999999998,0.926875,nan,nan,nan,0.0124999999999999,0.012500000000000011,0.012500000000000067,0.9624999999999999,0.0124999999999999,0.9624999999999998,0.01250000000000003,0.01250000000000001,0.01250000000000001,8.494454310017238e-17,1.9229626863835638e-16,0.0,0.0,0.0,0.0,1.0,0.0,0.0,0.0,0.0,0.95,0.0,0.0,0.0,0.0,-0.95,0.0,0.0,0.0,0.0,0.95
step4,3e-05,0.05,1,0.9994409176953282,0.998882252192134,0.926556375326545,0.0426556979899523,nan,0.00018386256937657458,0.00018386256937665888,0.00019135716591841306,0.9994409176953285,0.00018386256937657458,0.9994409176953283,0.00019135716591843398,0.0001838625693766666,0.00018386256937658743,6.70241396022812e-16,6.119312451852838e-06,2.220446049250313e-16,1.498919308351443e-05,0.0,0.0,1.0,5.185910140359328e-18,-3.821355693454597e-18,0.0,-2.0123416976548214e-17,0.99924956052941,-9.435834716229517e-16,1.986765847172217e-17,3.5800962760603106e-17,-8.968919409983134e-16,-0.9992495605294098,2.5438838649809692e-16,0.0,4.021248009791516e-18,1.8317966197749767e-16,0.9992645497224936
step4,3e-05,0.05,2,0.9999473839177567,0.9998947715643081,0.998537709184693,0.0005848168197445704,0.04324051480463602,1.50378686092841e-05,1.5037868609404728e-05,2.2540345024312456e-05,0.999947383917757,1.50378686092841e-05,0.9999473839177567,2.2540345024342543e-05,1.5037868609277683e-05,1.5037868609395834e-05,1.3044532310546486e-15,6.12574634131022e-06,2.220446049250313e-16,1.5004952830133256e-05,0.0,0.0,1.0,-5.933127241767253e-17,-4.355295880591855e-17,-5.551115123125783e-17,-5.921417064775577e-17,0.9999248435727325,-1.7698807133208014e-15,1.9593745418004666e-18,3.8768759887546067e-17,-1.8177323434689137e-15,-0.9999248435727327,3.847991144007901e-16,-5.551115123125783e-17,-7.650845744054546e-18,4.475459210440353e-16,0.9999398485255626
step4,3e-05,0.05,3,0.9999474986994805,0.9998950011116431,0.9995498641100307,1.3255464098521788e-07,0.0005849493582438253,1.5000452033157249e-05,1.5000452033209233e-05,2.2500396452682835e-05,0.9999474986994809,1.5000452033157249e-05,0.9999474986994806,2.2500396452743086e-05,1.5000452033227712e-05,1.5000452033182663e-05,1.9393500762830012e-15,6.123678975675798e-06,0.0,1.4999888839017927e-05,0.0,0.0,1.0,-9.051177356484e-17,-4.9382075934777194e-17,-1.6653345369377348e-16,-1.2740860275957341e-16,0.9999249983030281,-2.6423488692435457e-15,3.2143384292637946e-17,3.9384773036265957e-17,-2.6852049558907528e-15,-0.9999249983030281,6.238064502353744e-16,-5.551115123125783e-17,3.0018304176488875e-18,6.259544790548192e-16,0.9999399981918671
step4,3e-05,0.05,4,0.999947498706111,0.9998950011249028,0.9995500935747423,7.675882739478115e-12,1.3256230469686193e-07,1.5000450048165317e-05,1.500045004837302e-05,2.250039379240788e-05,0.9999474987061112,1.5000450048165317e-05,0.9999474987061109,2.2500393792280026e-05,1.5000450048361497e-05,1.5000450048154802e-05,2.5766118252557636e-15,6.123678424125703e-06,4.440892098500626e-16,1.4999887487765484e-05,0.0,1.1102230246251565e-16,0.9999999999999999,-1.4772895014172592e-16,-1.3212251610995333e-17,-1.1102230246251565e-16,-1.1940372272395758e-16,0.9999249983123191,-3.531976770291205e-15,3.3668474275686046e-17,6.727650212371036e-17,-3.566121948023917e-15,-0.9999249983123186,8.005166185098682e-16,-1.1102230246251565e-16,-3.910229343213228e-17,8.187002781427737e-16,0.9999399981998068
step4,3e-05,0.05,5,0.9999474987061114,0.9998950011249039,0.9995500935879973,9.118280389224892e-16,7.676462401985115e-12,1.5000450048001076e-05,1.5000450048068308e-05,2.2500393792271393e-05,0.9999474987061117,1.5000450048001076e-05,0.9999474987061114,2.2500393792240774e-05,1.5000450048039265e-05,1.5000450048090004e-05,3.2200970861134233e-15,6.1236784243063684e-06,0.0,1.4999887488431618e-05,0.0,0.0,1.0,-1.6242389282870007e-16,-4.9244278666669473e-17,-1.6653345369377348e-16,-1.9567227101395896e-16,0.9999249983123194,-4.419632829379925e-15,4.7303831901308585e-17,1.5381755921279437e-17,-4.448792169981502e-15,-0.9999249983123194,9.916298104961077e-16,-1.1102230246251565e-16,-3.443230241690466e-17,1.0235285961214872e-15,0.9999399981998078
step4,3e-05,0.1,0,0.9249999999999998,0.8574999999999999,nan,nan,nan,0.024999999999999935,0.024999999999999994,0.025000000000000026,0.925,0.024999999999999935,0.9249999999999998,0.024999999999999956,0.024999999999999988,0.024999999999999988,2.924295323337349e-18,1.7554167342883506e-16,0.0,1.1102230246251565e-16,0.0,0.0,1.0,0.0,0.0,0.0,0.0,0.9,0.0,0.0,0.0,0.0,-0.9,0.0,0.0,0.0,0.0,0.8999999999999999
step4,3e-05,0.1,1,0.9977592009774522,0.9955250968991955,0.8572063462060819,0.08401508876256208,nan,0.0007444404145311982,0.0007444404145312948,0.0007519181934854055,0.9977592009774525,0.0007444404145311982,0.9977592009774522,0.000751918193485387,0.0007444404145312459,0.0007444404145311858,6.440846169564475e-16,6.105580949012029e-06,2.220446049250313e-16,1.4955557908313821e-05,0.0,2.220446049250313e-16,1.0000000000000002,-8.171060907435052e-17,-2.5501533383482875e-17,-5.551115123125783e-17,-2.1245601543680075e-17,0.9970072827839671,-8.6013902678290245e-16,2.2831267446645565e-17,4.021488863625151e-17,-8.919114557495948e-16,-0.9970072827839669,2.294192367603179e-16,0.0,-8.013338609302467e-17,2.0918720132461038e-16,0.9970222383418754
step4,3e-05,0.1,2,0.9999457691070548,0.9998915421730385,0.9951817622682648,0.002524831396599747,0.08653992015445575,1.557333625279145e-05,1.5573336252908592e-05,2.3084220439534676e-05,0.999945769107055,1.557333625279145e-05,0.9999457691070548,2.30842204394914e-05,1.5573336252783618e-05,1.5573336252899793e-05,1.2993335626174262e-15,6.1326112581559535e-06,2.220446049250313e-16,1.5021768373424393e-05,0.0,0.0,1.0,-3.448159685969827e-17,3.685445918129349e-17,-5.551115123125783e-17,-1.2574468355329866e-16,0.9999226848866154,-1.8088598468706093e-15,6.306976155496485e-18,1.834088670777409e-17,-1.778879742678654e-15,-0.9999226848866156,3.5672209000466377e-16,-1.1102230246251565e-16,-6.020726197485911e-17,4.067153586094511e-16,0.9999377066549888
step4,3e-05,0.1,3,0.9999474986055414,0.9998950009237781,0.9995466358811502,1.9970727787768423e-06,0.0025268284493536906,1.5000480538452028e-05,1.5000480538526058e-05,2.2500433381390892e-05,0.9999474986055417,1.5000480538452028e-05,0.9999474986055414,2.250043338126054e-05,1.5000480538535679e-05,1.5000480538462157e-05,1.9667380181421936e-15,6.123685853253144e-06,2.220446049250313e-16,1.4999905685542103e-05,0.0,0.0,1.0,-1.0741598028896062e-16,1.0960162068509064e-17,5.551115123125783e-17,-1.3082655858962653e-16,0.9999249981721605,-2.7200039484125173e-15,4.1067898424947655e-17,-6.062900318008492e-17,-2.727586886118212e-15,-0.9999249981721603,5.43765992851734e-16,5.551115123125783e-17,-3.724801365602347e-17,5.477324247022763e-16,0.9999399980778461
step4,3e-05,0.1,4,0.9999474987061053,0.9998950011248916,0.9995500933869451,1.1635846446845074e-10,1.997188931936273e-06,1.5000450049790011e-05,1.5000450049828337e-05,2.2500393794764777e-05,0.9999474987061054,1.5000450049790011e-05,0.9999474987061052,2.2500393794757346e-05,1.5000450049799904e-05,1.5000450049830338e-05,2.625021745160498e-15,6.123678424894051e-06,0.0,1.4999887489874908e-05,0.0,1.1102230246251565e-16,0.9999999999999999,-1.6491429579406432e-16,1.2210841259927865e-17,0.0,-1.5939461475773958e-16,0.9999249983123107,-3.614302622076815e-15,9.283333524647795e-17,-2.6162319252170848e-17,-3.644820057703163e-15,-0.9999249983123107,7.800878556164978e-16,0.0,-3.60479299945198e-17,7.318006191753746e-16,0.9999399981998006
step4,3e-05,0.1,5,0.9999474987061113,0.9998950011249036,0.9995500935879861,6.956064490593573e-15,1.1636538838167553e-10,1.500045004805636e-05,1.5000450048140606e-05,2.2500393792382185e-05,0.9999474987061117,1.500045004805636e-05,0.9999474987061113,2.250039379231928e-05,1.5000450048042895e-05,1.5000450048108515e-05,3.2758565583782126e-15,6.123678424319992e-06,2.220446049250313e-16,1.499988748854264e-05,0.0,0.0,1.0,-1.6252518138898384e-16,-1.408323661911584e-17,0.0,-2.0187451849563583e-16,0.9999249983123191,-4.526132209583839e-15,9.482420085635906e-17,-2.056863572469043e-17,-4.527352378768267e-15,-0.9999249983123193,9.389796040008085e-16,0.0,-9.91374671199005e-17,9.854676950622544e-16,0.9999399981998076
step4,3e-05,0.2,0,0.8499999999999999,0.7300000000000001,nan,nan,nan,0.04999999999999999,0.04999999999999999,0.05000000000000002,0.8500000000000001,0.04999999999999999,0.8499999999999999,0.04999999999999998,0.049999999999999975,0.049999999999999975,2.4659545749914493e-17,1.9229626863835638e-16,0.0,0.0,0.0,0.0,1.0,0.0,0.0,0.0,0.0,0.8,0.0,0.0,0.0,0.0,-0.8,0.0,0.0,0.0,0.0,0.8
step4,3e-05,0.2,1,0.9896701436349971,0.979482561883166,0.7297522386333395,0.16127719016392345,nan,0.003440819826214602,0.0034408198262147814,0.00344821671257307,0.9896701436349974,0.003440819826214602,0.9896701436349971,0.003448216712573184,0.0034408198262147827,0.0034408198262146036,6.428529328059076e-16,6.0395324211851615e-06,4.440892098500626e-16,1.4793772716736875e-05,0.0,1.1102230246251565e-16,0.9999999999999999,-1.3164139021927395e-16,-6.013915585953065e-17,1.1102230246251565e-16,-5.0209557319645116e-17,0.9862219269224244,-8.776815696439631e-16,-2.8562659716400373e-17,6.387606404570224e-17,-8.646676165111946e-16,-0.9862219269224239,1.8123897956128536e-16,1.1102230246251565e-16,2.938923401235648e-17,2.1761195159809118e-16,0.9862367206951411
step4,3e-05,0.2,2,0.9999109540049229,0.9998219186201136,0.9791450016120098,0.011825069248265421,0.1731022594082368,2.7164892205135503e-05,2.7164892205172023e-05,3.4716210666578546e-05,0.9999109540049231,2.7164892205135503e-05,0.999910954004923,3.471621066654776e-05,2.716489220514497e-05,2.716489220514632e-05,1.280670559196179e-15,6.165625705262037e-06,0.0,1.5102636922725843e-05,0.0,0.0,1.0,-1.5310948100881725e-16,-2.633625063370886e-17,1.6653345369377348e-16,-1.4436958503313844e-16,0.9998762377942566,-1.7808971594265694e-15,-6.64977376553584e-17,3.747630715775868e-17,-1.7308837152010772e-15,-0.9998762377942566,3.817474661606603e-16,1.6653345369377348e-16,1.565292356969091e-17,3.450290442555054e-16,0.9998913404311793
step4,3e-05,0.2,3,0.9999474961586946,0.9998949960304286,0.9994770373885691,4.219526533329664e-05,0.011867264492526196,1.500123717173052e-05,1.500123717175385e-05,2.2501366961659786e-05,0.9999474961586948,1.500123717173052e-05,0.9999474961586946,2.2501366961637692e-05,1.5001237171748221e-05,1.5001237171767996e-05,1.902690367018037e-15,6.123830329949357e-06,0.0,1.5000259579789343e-05,0.0,0.0,1.0,-2.06627901636326e-16,-7.653519364352639e-17,1.1102230246251565e-16,-2.244479299151655e-16,0.9999249947917331,-2.6362052876811465e-15,-8.747364268010511e-17,4.664783522401335e-17,-2.6117693044853416e-15,-0.9999249947917331,5.316016476512571e-16,2.220446049250313e-16,3.7220642730670496e-17,5.414255420096025e-16,0.9999399950513129
step4,3e-05,0.2,4,0.9999474987059631,0.9998950011246073,0.9995500884953568,2.945251497044063e-09,4.2198206814916916e-05,1.5000450090797607e-05,1.5000450090883904e-05,2.2500393855051635e-05,0.9999474987059633,1.5000450090797607e-05,0.9999474987059631,2.250039385502942e-05,1.5000450090814046e-05,1.5000450090895862e-05,2.505288526435078e-15,6.12367844058509e-06,2.220446049250313e-16,1.4999887528399647e-05,0.0,0.0,1.0,-2.878609495033859e-16,-9.148705203512158e-18,1.1102230246251565e-16,-2.8608204245934707e-16,0.9999249983121082,-3.4120720791894023e-15,-8.167079382094604e-17,5.786091860981956e-17,-3.466968010001287e-15,-0.9999249983121085,7.794310235209548e-16,1.6653345369377348e-16,3.739976371227452e-18,7.280056582363452e-16,0.9999399981996366
step4,3e-05,0.2,5,0.9999474987061117,0.9998950011249044,0.9995500935877017,1.72293542365225e-13,2.945423620453497e-09,1.500045004806239e-05,1.5000450048110709e-05,2.250039379213842e-05,0.999947498706112,1.500045004806239e-05,0.9999474987061117,2.2500393792046485e-05,1.5000450048071396e-05,1.5000450048078784e-05,3.177022708260311e-15,6.12367842409387e-06,0.0,1.4999887487876506e-05,0.0,0.0,1.0,-3.115208574170007e-16,-7.360307847873129e-17,2.220446049250313e-16,-3.677321333080693e-16,0.9999249983123198,-4.416153262363463e-15,-1.8787024102734075e-17,7.0687891808547e-17,-4.33055563054596e-15,-0.9999249983123198,9.64951418235491e-16,1.6653345369377348e-16,4.089421284199673e-17,8.880289743829827e-16,0.9999399981998077
step4,3e-05,0.3,0,0.7749999999999998,0.6174999999999999,nan,nan,nan,0.07500000000000001,0.07500000000000001,0.07500000000000001,0.7749999999999999,0.07500000000000001,0.7749999999999998,0.075,0.075,0.075,8.879893162462571e-18,1.9229626863835638e-16,0.0,0.0,0.0,0.0,1.0,0.0,0.0,0.0,0.0,0.7,0.0,0.0,0.0,0.0,-0.7,0.0,0.0,0.0,0.0,0.7
step4,3e-05,0.3,1,0.9726147641707538,0.9462294632315524,0.6172927319515074,0.22818587465594106,nan,0.009126003166982057,0.00912600316698215,0.009133229495281822,0.972614764170754,0.009126003166982057,0.9726147641707538,0.009133229495281834,0.009126003166982168,0.009126003166982087,6.34589588096792e-16,5.900272349394531e-06,2.220446049250313e-16,1.4452656599273084e-05,0.0,0.0,1.0,-5.821812251984373e-17,3.057504115518056e-17,0.0,-7.937658295724885e-17,0.9634815346754723,-9.082488964162774e-16,3.6056768548318296e-17,-1.6858743282955477e-17,-8.312783661732711e-16,-0.963481534675472,1.7135430478637142e-16,0.0,4.313127480411382e-18,2.0899816213777827e-16,0.9634959873320715
step4,3e-05,0.3,2,0.9996826909431229,0.99936551617184,0.9459038721008743,0.0312553496186587,0.25944122427144767,0.00010322420215624388,0.0001032242021562875,0.00011086065256429063,0.9996826909431231,0.00010322420215624388,0.999682690943123,0.00011086065256432829,0.00010322420215627261,0.00010322420215625177,1.3204152247587608e-15,6.2351356486084775e-06,0.0,1.527290081615451e-05,0.0,0.0,1.0,-6.665749457295532e-17,-9.469898608303303e-18,1.6653345369377348e-16,-1.203910442569297e-16,0.9995718302905588,-1.7965310919554476e-15,6.706064497303611e-17,-2.532738770183858e-17,-1.8343942097616337e-15,-0.9995718302905588,4.058095134147818e-16,0.0,-8.811850635720368e-18,4.1734002924292584e-16,0.999587103191375
step4,3e-05,0.3,3,0.9999474600820364,0.9998949238821768,0.9990207992180695,0.0003057290871650393,0.03156107868491299,1.5012873363613683e-05,1.501287336375435e-05,2.2514171236000543e-05,0.9999474600820367,1.5012873363613683e-05,0.9999474600820365,2.2514171235996992e-05,1.5012873363598977e-05,1.5012873363737705e-05,1.9801046867747583e-15,6.124784065278291e-06,2.220446049250313e-16,1.5002595744717517e-05,0.0,0.0,1.0,-1.6518262961011543e-16,3.3153165727117826e-18,1.6653345369377348e-16,-1.6609013331553355e-16,0.9999249459108005,-2.7256653204610723e-15,1.119022611877252e-16,-8.376479452490293e-18,-2.7223509178231722e-15,-0.9999249459108007,6.042968627297589e-16,5.551115123125783e-17,-7.344252660277298e-17,6.162571077855312e-16,0.9999399485065452
step4,3e-05,0.3,4,0.9999474987038761,0.9998950011204335,0.9995500163730742,4.461035757936284e-08,0.0003057736842222309,1.5000450710745717e-05,1.5000450710767074e-05,2.2500394702147968e-05,0.9999474987038766,1.5000450710745717e-05,0.9999474987038762,2.25003947021282e-05,1.5000450710747152e-05,1.5000450710736852e-05,2.620192685638295e-15,6.1236786261038264e-06,0.0,1.4999887982813931e-05,0.0,0.0,1.0,-2.1268672249549554e-16,8.216003065196744e-18,-5.551115123125783e-17,-1.9011312912723666e-16,0.9999249983091743,-3.626181541597885e-15,7.09500113130256e-17,7.133003502953546e-17,-3.594866606135155e-15,-0.9999249983091743,7.886586815249363e-16,-5.551115123125783e-17,-8.730567373585912e-17,8.158177980524993e-16,0.9999399981971571
step4,3e-05,0.3,5,0.9999474987061113,0.9998950011249036,0.9995500935835298,2.588779464640441e-12,4.461294268221362e-08,1.5000450048095345e-05,1.5000450048234799e-05,2.250039379219981e-05,0.9999474987061114,1.5000450048095345e-05,0.9999474987061113,2.2500393792185263e-05,1.5000450048089194e-05,1.500045004822308e-05,3.2756674479962502e-15,6.1236784241636705e-06,2.220446049250313e-16,1.4999887488209573e-05,0.0,0.0,1.0,-2.2913202988002665e-16,1.6899163770584232e-18,0.0,-2.4776125778424224e-16,0.9999249983123192,-4.490100237519465e-15,6.294709249814176e-17,1.7038202201531622e-17,-4.55020403404148e-15,-0.9999249983123194,1.000192706926317e-15,0.0,-1.0953763799068788e-16,9.461616900128187e-16,0.9999399981998074
step4,3e-05,0.3,6,0.9999474987061114,0.9998950011249039,0.999550093587998,6.642407165479012e-16,2.5889394136368807e-12,1.5000450048027318e-05,1.5000450048091673e-05,2.2500393792242126e-05,0.9999474987061117,1.5000450048027318e-05,0.9999474987061115,2.2500393792224515e-05,1.5000450048060295e-05,1.5000450048113509e-05,3.898007594638828e-15,6.123678424288188e-06,0.0,1.4999887488320596e-05,0.0,0.0,1.0,-2.6645956295266927e-16,8.19654188877267e-18,1.1102230246251565e-16,-3.08924053926211e-16,0.9999249983123194,-5.384325828365906e-15,1.0257019189187681e-16,4.510321054192979e-18,-5.373017021421015e-15,-0.9999249983123194,1.1758841116263992e-15,1.1102230246251565e-16,-1.1252410640249924e-16,1.1547538885862023e-15,0.9999399981998077
step4,3e-05,0.5,0,0.6249999999999998,0.4375,nan,nan,nan,0.12499999999999997,0.125,0.125,0.625,0.12499999999999997,0.6249999999999999,0.12499999999999997,0.12499999999999997,0.12499999999999997,4.844614790834e-18,2.254873622441467e-16,0.0,0.0,0.0,0.0,1.0,0.0,0.0,0.0,0.0,0.5,0.0,0.0,0.0,0.0,-0.5,0.0,0.0,0.0,0.0,0.5
step4,3e-05,0.5,1,0.8927997463561941,0.8009220185816642,0.43735752126057637,0.3092285113398667,nan,0.035731275161879274,0.035731275161879475,0.035737703320046915,0.8927997463561941,0.035731275161879274,0.8927997463561941,0.035737703320047005,0.035731275161879475,0.03573127516187928,5.839280014361507e-16,5.248569165496575e-06,4.440892098500626e-16,1.2856316334963758e-05,0.0,1.1102230246251565e-16,0.9999999999999999,-4.638890916252516e-17,-3.093206971725479e-17,-5.551115123125783e-17,-8.129846995748443e-17,0.8570620430361474,-8.166054789294008e-16,1.7321425594253338e-17,1.3880226578107095e-17,-7.67611801797955e-16,-0.857062043036147,1.6849113905970437e-16,-1.1102230246251565e-16,-9.57532999436965e-19,1.6951460038658437e-16,0.8570748993524824
step4,3e-05,0.5,2,0.9951622801797352,0.9903557651131544,0.8006487295006608,0.11819807292310182,0.4274265842614601,0.0016098981481040523,0.0016098981481041264,0.0016179235240563626,0.9951622801797354,0.0016098981481040523,0.9951622801797352,0.0016179235240563203,0.0016098981481041162,0.0016098981481041364,1.3537691169345943e-15,6.552692025602367e-06,0.0,1.6050751904361782e-05,0.0,0.0,1.0,-1.5497170075837372e-16,-7.800787628747972e-18,-2.220446049250313e-16,-9.856766953066654e-17,0.9935443566556791,-1.8198482824771283e-15,1.5951079866548926e-17,2.3287965878124512e-17,-1.8656411548853295e-15,-0.9935443566556791,4.566973034098463e-16,-2.220446049250313e-16,6.2530030210001204e-18,4.523306529292163e-16,0.9935604074075834
step4,3e-05,0.5,3,0.9999395146565212,0.9998790342287696,0.9900142911346395,0.005516275237393661,0.12371434814146194,1.765320193394729e-05,1.765320193407754e-05,2.5178939610553983e-05,0.9999395146565215,1.765320193394729e-05,0.9999395146565212,2.517893961044263e-05,1.7653201933976443e-05,1.7653201934083816e-05,1.9770454636234753e-15,6.144739081763616e-06,2.220446049250313e-16,1.5051475352967358e-05,0.0,0.0,1.0,-1.7500723736544095e-16,1.8268081971255574e-18,-2.220446049250313e-16,-1.871036207179892e-16,0.9999143357169108,-2.711550097609128e-15,-3.9579073369837996e-17,-2.3815676667834526e-18,-2.6909763663672735e-15,-0.999914335716911,6.656324888661506e-16,-2.7755575615628914e-16,9.211106598204058e-18,6.016521610042127e-16,0.9999293871922638
step4,3e-05,0.5,4,0.9999474982254646,0.9998950001636778,0.9995341324389984,9.218655337840027e-06,0.005525493870318086,1.5000596566532878e-05,1.5000596566654451e-05,2.2500581402049458e-05,0.9999474982254649,1.5000596566532878e-05,0.9999474982254646,2.2500581401953475e-05,1.5000596566560493e-05,1.5000596566656831e-05,2.6091887970585163e-15,6.123711975076595e-06,2.220446049250313e-16,1.4999969670803637e-05,0.0,0.0,1.0,-2.443554279184585e-16,1.4374288724627513e-17,-1.6653345369377348e-16,-1.915355906591978e-16,0.9999249976440627,-3.619822024522637e-15,-6.540853148207352e-17,-1.1231287585909272e-17,-3.5484327168823798e-15,-0.999924997644063,8.179641395784974e-16,-2.220446049250313e-16,1.504278614294234e-17,8.620727134866509e-16,0.9999399976137335
step4,3e-05,0.5,5,0.9999474987060835,0.999895001124848,0.9995500926271181,5.559839374653292e-10,9.219210383878207e-06,1.5000450055907488e-05,1.500045005613694e-05,2.2500393804265224e-05,0.9999474987060837,1.5000450055907488e-05,0.9999474987060836,2.2500393804297092e-05,1.5000450056138414e-05,1.5000450055927649e-05,3.229336192922843e-15,6.12367842761299e-06,4.440892098500626e-16,1.499988749620318e-05,0.0,0.0,1.0,-3.022598037258684e-16,-5.824264788499701e-17,-1.6653345369377348e-16,-3.1420614791951577e-16,0.9999249983122797,-4.455839669858741e-15,-3.1320084805407237e-17,1.1483493896868549e-17,-4.392238029335327e-15,-0.9999249983122792,1.0319162144493332e-15,-3.885780586188048e-16,5.728726654155438e-17,1.0765273306248743e-15,0.9999399981997759
step4,3e-05,0.5,6,0.9999474987061113,0.9998950011249036,0.9995500935879426,3.228202233037994e-14,5.560161857950138e-10,1.5000450048010378e-05,1.5000450048081977e-05,2.250039379230845e-05,0.9999474987061114,1.5000450048010378e-05,0.9999474987061113,2.250039379233554e-05,1.5000450048065272e-05,1.5000450048082545e-05,3.84622628311095e-15,6.123678424321459e-06,0.0,1.4999887488431618e-05,0.0,0.0,1.0,-3.5011853436346974e-16,-7.619768499281718e-18,-1.6653345369377348e-16,-3.615794521216462e-16,0.9999249983123192,-5.301041247928567e-15,-6.7789704145602e-17,-2.8913672281828723e-19,-5.24995004649244e-15,-0.9999249983123192,1.2523389193798937e-15,-2.7755575615628914e-16,8.323410578803117e-17,1.2681243325809878e-15,0.9999399981998076
step4,0.0001,0.05,0,0.9624999999999998,0.926875,nan,nan,nan,0.0124999999999999,0.012500000000000011,0.012500000000000067,0.9624999999999999,0.0124999999999999,0.9624999999999998,0.01250000000000003,0.01250000000000001,0.01250000000000001,8.494454310017238e-17,1.9229626863835638e-16,0.0,0.0,0.0,0.0,1.0,0.0,0.0,0.0,0.0,0.95,0.0,0.0,0.0,0.0,-0.95,0.0,0.0,0.0,0.0,0.95
step4,0.0001,0.05,1,0.9993164396185662,0.998633502659503,0.9258133090586265,0.04251196754123354,nan,0.0002195270283904116,0.00021952702839057333,0.00024450632465243863,0.9993164396185663,0.0002195270283904116,0.9993164396185662,0.0002445063246525195,0.0002195270283905539,0.00021952702839039595,6.680898316492255e-16,2.0395509991950726e-05,2.220446049250313e-16,4.995859252399093e-05,0.0,2.220446049250313e-16,0.9999999999999998,-2.4629472622714606e-17,-1.6391011043943242e-18,-5.551115123125783e-17,-3.909454492764972e-17,0.999071933293914,-9.051591309651461e-16,5.107400586441778e-17,-1.135380496401804e-17,-9.213428813141582e-16,-0.9990719332939137,2.419059311919829e-16,-5.551115123125783e-17,-1.0191694895990177e-17,2.2940774936162676e-16,0.999121891886438
step4,0.0001,0.05,2,0.9998248017235898,0.9996496447900232,0.9974857488597666,0.0005870059968252898,0.043098973481998926,5.0063476253347684e-05,5.006347625336181e-05,7.507132390314024e-05,0.99982480172359,5.0063476253347684e-05,0.9998248017235899,7.507132390317843e-05,5.0063476253357374e-05,5.006347625336733e-05,1.341398372255396e-15,2.0418822102424656e-05,0.0,5.001569529972105e-05,0.0,0.0,1.0,-8.051252997065567e-17,2.81151045235232e-17,-5.551115123125783e-17,-7.643613939532219e-17,0.9997497303996868,-1.836677315428092e-15,1.868152743810819e-17,-1.967557111486321e-17,-1.827129604417081e-15,-0.9997497303996868,4.922086002973069e-16,-5.551115123125783e-17,1.485571216098478e-17,4.4003510405995493e-16,0.9997997460949866
step4,0.0001,0.05,3,0.9998249855843198,0.9996500124253469,0.9985006722901603,2.1241665734364872e-07,0.000587218300675231,5.000501223411897e-05,5.000501223421961e-05,7.500439121164693e-05,0.99982498558432,5.000501223411897e-05,0.9998249855843199,7.500439121163046e-05,5.0005012234224355e-05,5.000501223413866e-05,1.9954600776383972e-15,2.0411907460362772e-05,2.220446049250313e-16,4.999875795475006e-05,0.0,0.0,1.0,-9.986721513934155e-17,3.445252102637942e-17,-1.1102230246251565e-16,-9.455947855507289e-17,0.9997499811931085,-2.7662213330910138e-15,2.7073357498648467e-17,1.5020207780382325e-18,-2.6942208074974493e-15,-0.9997499811931083,6.715906305250142e-16,-1.6653345369377348e-16,-1.5610203257542767e-17,7.017415024281446e-16,0.9997999799510633
step4,0.0001,0.05,4,0.999824985619866,0.9996500124964227,0.9985010394845644,4.118796076750108e-11,2.1245779238121265e-07,5.0005001783751816e-05,5.000500178381221e-05,7.50043765659443e-05,0.9998249856198662,5.0005001783751816e-05,0.9998249856198661,7.500437656594946e-05,5.0005001783792494e-05,5.000500178382937e-05,2.6496302327740467e-15,2.0411904034934886e-05,0.0,4.999874956423955e-05,0.0,2.220446049250313e-16,0.9999999999999998,-1.2379048690134218e-16,-7.756588529586667e-18,-1.6653345369377348e-16,-1.2585386348741503e-16,0.9997499812433003,-3.642706376635133e-15,5.896038842806192e-17,-4.659018311075327e-17,-3.6113924657737795e-15,-0.9997499812433003,8.998811391696917e-16,-1.6653345369377348e-16,-8.958796976196264e-17,8.801879256655168e-16,0.9997999799928645
step4,0.0001,0.05,5,0.9998249856198732,0.999650012496437,0.9985010395555546,8.338397746862464e-15,4.1196269432019104e-11,5.000500178172956e-05,5.000500178178004e-05,7.500437656294073e-05,0.9998249856198734,5.000500178172956e-05,0.9998249856198733,7.500437656291982e-05,5.000500178178836e-05,5.000500178177843e-05,3.335379447618957e-15,2.0411904034165495e-05,0.0,4.999874956224115e-05,0.0,0.0,1.0,-1.9644345887244017e-16,-4.9219837174461035e-18,-2.7755575615628914e-16,-2.2348517814049977e-16,0.9997499812433105,-4.538947790072711e-15,5.793270676527107e-17,1.7126337305268416e-17,-4.5879348729572544e-15,-0.9997499812433105,1.1289243747483177e-15,-2.220446049250313e-16,-6.33700341901232e-17,1.141262998029555e-15,0.9997999799928727
step4,0.0001,0.1,0,0.9249999999999998,0.8574999999999999,nan,nan,nan,0.024999999999999935,0.024999999999999994,0.025000000000000026,0.925,0.024999999999999935,0.9249999999999998,0.024999999999999956,0.024999999999999988,0.024999999999999988,2.924295323337349e-18,1.7554167342883506e-16,0.0,1.1102230246251565e-16,0.0,0.0,1.0,0.0,0.0,0.0,0.0,0.9,0.0,0.0,0.0,0.0,-0.9,0.0,0.0,0.0,0.0,0.8999999999999999
step4,0.0001,0.1,1,0.9976327179007134,0.9952729082482535,0.8565215132863855,0.08386904093268889,nan,0.0007807863105863508,0.0007807863105863736,0.0008057094781136516,0.9976327179007135,0.0007807863105863508,0.9976327179007135,0.00080570947811364,0.0007807863105863554,0.000780786310586375,6.237009491815394e-16,2.0349681071937628e-05,0.0,4.984633505455971e-05,0.0,0.0,1.0,-7.572491768568876e-17,-1.3001773834670835e-17,0.0,-6.174114246325976e-17,0.9968270084226,-8.573101592452058e-16,1.1418577853428969e-17,5.364394345168468e-17,-8.496755389604558e-16,-0.9968270084226,2.0293822946377244e-16,0.0,2.2986983427728198e-17,2.0485640193489761e-16,0.9968768547576545
step4,0.0001,0.1,2,0.9998229544336902,0.9996459510787551,0.9941291849445575,0.0025290673054811884,0.08639810818595724,5.066988837688493e-05,5.066988837695349e-05,7.570578955609654e-05,0.9998229544336905,5.066988837688493e-05,0.9998229544336902,7.570578955597677e-05,5.0669888376930205e-05,5.0669888376886485e-05,1.2540991746854076e-15,2.0441727713138165e-05,0.0,5.007180235805375e-05,0.0,2.220446049250313e-16,1.0000000000000002,-9.809919168851464e-17,2.057686444392892e-17,0.0,-6.293732301520822e-17,0.9997472486441344,-1.7692140602396099e-15,1.938562273670115e-17,9.862315305998626e-17,-1.6743241783658997e-15,-0.9997472486441344,3.6827641201040166e-16,0.0,-1.857228899037756e-17,4.149159232073989e-16,0.9997973204464925
step4,0.0001,0.1,3,0.9998249852278267,0.999650011712528,0.9984969830089088,2.3451483245369e-06,0.00253141226365441,5.000511953810975e-05,5.00051195381293e-05,7.500453309686606e-05,0.9998249852278268,5.000511953810975e-05,0.9998249852278267,7.500453309686922e-05,5.000511953810342e-05,5.000511953812251e-05,1.901088722848719e-15,2.0411935695916685e-05,0.0,4.999882711753667e-05,0.0,0.0,1.0,-9.638255969301842e-17,-3.362996526041824e-17,-5.551115123125783e-17,-1.0946944236540663e-16,0.99974998069473,-2.6104464058788907e-15,5.006411047039998e-18,1.2736487994577949e-17,-2.614713482274423e-15,-0.99974998069473,6.563015706623839e-16,-5.551115123125783e-17,3.777583436994692e-17,5.867644140903419e-16,0.9997999795218475
step4,0.0001,0.1,4,0.9998249856197967,0.999650012496284,0.9985010387726003,4.537134068478487e-10,2.345601298256239e-06,5.0005001803379786e-05,5.000500180341778e-05,7.500437659650253e-05,0.9998249856197969,5.0005001803379786e-05,0.9998249856197968,7.500437659646791e-05,5.000500180341256e-05,5.000500180338424e-05,2.546622912996152e-15,2.0411904043847688e-05,0.0,4.9998749586110947e-05,0.0,2.220446049250313e-16,1.0000000000000002,-9.033576208580321e-17,-6.641006008778495e-17,0.0,-1.1865239092918235e-16,0.9997499812432005,-3.5055543623398087e-15,4.009898573009063e-17,3.3844844138346254e-17,-3.5254577986451135e-15,-0.9997499812432005,7.253509292556632e-16,0.0,2.9853792849400462e-18,8.16395965200595e-16,0.9997999799927866
step4,0.0001,0.1,5,0.9998249856198731,0.9996500124964367,0.9985010395554166,8.874505364854499e-14,4.53802077960525e-10,5.00050017818026e-05,5.0005001781881866e-05,7.500437656298705e-05,0.9998249856198733,5.00050017818026e-05,0.999824985619873,7.500437656302131e-05,5.000500178187766e-05,5.0005001781818304e-05,3.2089326404527673e-15,2.0411904034135422e-05,2.220446049250313e-16,4.999874956213013e-05,0.0,0.0,1.0,-1.5042042944157075e-16,-6.31189172576165e-17,1.6653345369377348e-16,-1.4883651108463689e-16,0.9997499812433104,-4.4245006206676926e-15,2.506075947989648e-17,6.630891490308206e-17,-4.4466380173892005e-15,-0.9997499812433102,9.055124242646654e-16,5.551115123125783e-17,-7.850216213916555e-17,9.652286133377428e-16,0.9997999799928725
step4,0.0001,0.2,0,0.8499999999999999,0.7300000000000001,nan,nan,nan,0.04999999999999999,0.04999999999999999,0.05000000000000002,0.8500000000000001,0.04999999999999999,0.8499999999999999,0.04999999999999998,0.049999999999999975,0.049999999999999975,2.4659545749914493e-17,1.9229626863835638e-16,0.0,0.0,0.0,0.0,1.0,0.0,0.0,0.0,0.0,0.8,0.0,0.0,0.0,0.0,-0.8,0.0,0.0,0.0,0.0,0.8
step4,0.0001,0.2,1,0.98953975611631,0.9792254015739547,0.7291744291644291,0.16112663277018632,nan,0.0034785301680124864,0.0034785301680126317,0.0035031835476648757,0.9895397561163101,0.0034785301680124864,0.98953975611631,0.0035031835476648184,0.0034785301680124734,0.003478530168012606,6.530599505827018e-16,2.0129400194424765e-05,2.220446049250313e-16,4.930675930470141e-05,0.0,0.0,1.0,-5.5387432937565914e-17,-6.7835667990467045e-18,-1.1102230246251565e-16,-6.984889542735293e-17,0.9860365725686452,-8.780762394055003e-16,-2.4583014298579882e-17,4.755669475904905e-18,-8.937618103649064e-16,-0.9860365725686454,2.1608807829191358e-16,-1.6653345369377348e-16,3.778013383308951e-18,1.7176810175543418e-16,0.9860858793279499
step4,0.0001,0.2,2,0.9997869762210017,0.9995740133698878,0.9781009246904431,0.01183247057931801,0.17295910330562161,6.261768688717014e-05,6.261768688719578e-05,8.778840522369381e-05,0.9997869762210021,6.261768688717014e-05,0.9997869762210018,8.778840522364165e-05,6.261768688718175e-05,6.261768688719483e-05,1.3120478083110424e-15,2.0551805461183116e-05,0.0,5.034143667292934e-05,0.0,1.1102230246251565e-16,0.9999999999999999,-1.1179953356515285e-16,5.181011088646647e-17,-1.6653345369377348e-16,-9.857741881696808e-17,0.9996991878157783,-1.80940629012247e-15,2.0818710113168663e-17,-7.855171670832291e-17,-1.789994319873337e-15,-0.9996991878157783,3.6186420826706814e-16,-1.1102230246251565e-16,-6.028902781857326e-17,4.0360918490673674e-16,0.9997495292524512
step4,0.0001,0.2,3,0.9998249778442315,0.9996499969488046,0.9984251315778289,4.3880716104742555e-05,0.011876351069953816,5.0007373399149393e-05,5.000737339920294e-05,7.500740896993085e-05,0.9998249778442316,5.0007373399149393e-05,0.9998249778442315,7.500740896995345e-05,5.000737339917594e-05,5.000737339922183e-05,1.9822633821367956e-15,2.041244356659557e-05,0.0,5.000007114164262e-05,0.0,0.0,1.0,-1.4778802479051808e-16,7.942954995834984e-17,-2.7755575615628914e-16,-1.504462029527484e-16,0.9997499704352617,-2.7089018138745175e-15,5.88880501940274e-17,-8.238760006759752e-17,-2.7307052941094117e-15,-0.9997499704352617,5.832186105925551e-16,-1.6653345369377348e-16,-5.3423615588975265e-17,6.146499429521804e-16,0.9997999705064033
step4,0.0001,0.2,4,0.9998249856183603,0.9996500124934119,0.9985010240265835,8.992979275527373e-09,4.38896945661687e-05,5.000500221355415e-05,5.000500221362443e-05,7.500437721237795e-05,0.9998249856183606,5.000500221355415e-05,0.9998249856183603,7.500437721229966e-05,5.0005002213622e-05,5.0005002213554745e-05,2.6534149451643092e-15,2.041190421178348e-05,2.220446049250313e-16,4.9998749997337555e-05,0.0,0.0,1.0,-2.4451307455328576e-16,1.4534683317958214e-16,-2.220446049250313e-16,-1.940993403588514e-16,0.9997499812411483,-3.63246208906495e-15,6.586641637620903e-17,-5.395317781548721e-17,-3.66238656714468e-15,-0.9997499812411481,8.213689868038566e-16,-2.220446049250313e-16,-7.376063175508796e-17,7.610266533533142e-16,0.9997999799911457
step4,0.0001,0.2,5,0.9998249856198729,0.9996500124964365,0.9985010395525475,1.7555571000341028e-12,8.994733336078478e-09,5.0005001781864295e-05,5.000500178191591e-05,7.50043765631915e-05,0.9998249856198731,5.0005001781864295e-05,0.9998249856198729,7.500437656318785e-05,5.000500178193577e-05,5.00050017819003e-05,3.27484272707147e-15,2.0411904034259523e-05,0.0,4.999874956257422e-05,0.0,0.0,1.0,-2.3216574023032117e-16,1.3003002453272594e-16,-1.6653345369377348e-16,-2.816090790746e-16,0.9997499812433099,-4.5186576971031556e-15,5.172041004721439e-17,-6.615884006278345e-17,-4.498371916572074e-15,-0.9997499812433099,9.961251160111205e-16,-1.1102230246251565e-16,-9.331371729205099e-17,9.979667728822683e-16,0.9997999799928725
step4,0.0001,0.2,6,0.9998249856198733,0.9996500124964371,0.9985010395555685,8.576296151551227e-16,1.75608898752203e-12,5.000500178175577e-05,5.000500178181279e-05,7.500437656275144e-05,0.9998249856198734,5.000500178175577e-05,0.9998249856198734,7.500437656279729e-05,5.0005001781819057e-05,5.000500178180125e-05,3.911266196282325e-15,2.041190403398501e-05,0.0,4.999874956201911e-05,0.0,1.1102230246251565e-16,0.9999999999999999,-2.980134238968462e-16,7.99117359000923e-17,-1.6653345369377348e-16,-3.3728981247666958e-16,0.9997499812433107,-5.36000798464185e-15,5.742184592204404e-17,-7.517392899759315e-17,-5.415656065515371e-15,-0.9997499812433107,1.2218758681345416e-15,-1.1102230246251565e-16,-5.2897199546388875e-17,1.1655448196937604e-15,0.9997999799928727
step4,0.0001,0.3,0,0.7749999999999998,0.6174999999999999,nan,nan,nan,0.07500000000000001,0.07500000000000001,0.07500000000000001,0.7749999999999999,0.07500000000000001,0.7749999999999998,0.075,0.075,0.075,8.879893162462571e-18,1.9229626863835638e-16,0.0,0.0,0.0,0.0,1.0,0.0,0.0,0.0,0.0,0.7,0.0,0.0,0.0,0.0,-0.7,0.0,0.0,0.0,0.0,0.7
step4,0.0001,0.3,1,0.9724810716531767,0.9459718655828793,0.6168093549391735,0.22803150060557809,nan,0.00916494787912512,0.009164947879125146,0.0091890325885727,0.9724810716531769,0.00916494787912512,0.9724810716531767,0.00918903258857276,0.009164947879125123,0.009164947879125125,6.672488276746099e-16,1.9665082916586292e-05,0.0,4.8169418895183114e-05,0.0,1.1102230246251565e-16,0.9999999999999999,-1.094315958306359e-16,-2.895508896957946e-17,-1.1102230246251565e-16,-9.768254244993082e-17,0.9632920390646041,-9.24701826313322e-16,-1.4658547787756247e-17,5.622016831650676e-18,-8.858824495753665e-16,-0.9632920390646041,2.463937297215935e-16,-1.1102230246251565e-16,7.238126483315966e-18,2.164838166756949e-16,0.9633402084834993
step4,0.0001,0.3,2,0.9995560827589653,0.9991124286999075,0.9448872710025372,0.0312635299204833,0.259295030491052,0.00013948758702688081,0.00013948758702693153,0.00016494206698067245,0.9995560827589658,0.00013948758702688081,0.9995560827589655,0.00016494206698061057,0.00013948758702692437,0.0001394875870268882,1.3517279847976662e-15,2.0783495851520584e-05,0.0,5.090895990733646e-05,0.0,0.0,1.0,-1.3604219795267322e-16,3.098247450250128e-18,-5.551115123125783e-17,-1.3166034982145252e-16,0.999391140691985,-1.8719037618193444e-15,-1.9830746912320758e-17,1.8636591329256082e-17,-1.8242257098346718e-15,-0.999391140691985,4.91900892906473e-16,0.0,1.4178435043759422e-18,4.370195279538625e-16,0.9994420496518923
step4,0.0001,0.3,3,0.9998249099034209,0.9996498610990315,0.9979641005049082,0.0003104150663477423,0.03157394475783402,5.00286985309177e-05,5.0028698531019536e-05,7.503269951684416e-05,0.9998249099034211,5.00286985309177e-05,0.999824909903421,7.503269951691887e-05,5.0028698530948216e-05,5.0028698531020796e-05,2.0024782744043856e-15,2.0415681314506555e-05,2.220446049250313e-16,5.000800197196842e-05,0.0,0.0,1.0,-1.5756223066265047e-16,2.8919661019767046e-17,-1.1102230246251565e-16,-1.6893182085396395e-16,0.9997498772039041,-2.7167600717821373e-15,-5.355501389685091e-18,6.707797841102634e-18,-2.7655923213826574e-15,-0.9997498772039043,6.767782267733637e-16,-1.6653345369377348e-16,-3.192766926252871e-17,6.793131312329923e-16,0.999799885205876
step4,0.0001,0.3,4,0.9998249856051995,0.9996500124670964,0.9985008883397406,8.74943919809198e-08,0.0003105024836664849,5.000500604662951e-05,5.0005006046733284e-05,7.500438270713725e-05,0.9998249856051997,5.000500604662951e-05,0.9998249856051995,7.500438270707235e-05,5.000500604661076e-05,5.000500604669659e-05,2.625812617426198e-15,2.0411905568583406e-05,2.220446049250313e-16,4.9998753321012224e-05,0.0,0.0,1.0,-1.7002790610572514e-16,-1.6983787188481186e-17,-2.220446049250313e-16,-1.9485694803615844e-16,0.9997499812224925,-3.605317416490719e-15,2.2309961633410134e-17,-6.762695531158234e-18,-3.599506155853916e-15,-0.9997499812224927,8.586173014853591e-16,-1.1102230246251565e-16,-9.239300835358148e-19,8.448000026694724e-16,0.9997999799758135
step4,0.0001,0.3,5,0.9998249856198703,0.9996500124964312,0.9985010395262637,1.700970445033401e-11,8.751138279490158e-08,5.000500178257685e-05,5.000500178270563e-05,7.500437656433813e-05,0.9998249856198705,5.000500178257685e-05,0.9998249856198703,7.500437656432024e-05,5.000500178260441e-05,5.0005001782615044e-05,3.2433195827169913e-15,2.041190403457859e-05,0.0,4.99987495634624e-05,0.0,0.0,1.0,-2.284609909462145e-16,2.0627822341378018e-17,-2.7755575615628914e-16,-2.6331309068889563e-16,0.9997499812433062,-4.4369105796307055e-15,7.216697560724466e-18,5.616105768217936e-17,-4.474785740608759e-15,-0.9997499812433062,1.0065368288668524e-15,-1.6653345369377348e-16,1.022671324643648e-18,1.0072680451425612e-15,0.9997999799928696
step4,0.0001,0.3,6,0.9998249856198734,0.9996500124964374,0.9985010395555631,3.700006430828944e-15,1.7013345251446634e-11,5.000500178175348e-05,5.000500178180388e-05,7.500437656294192e-05,0.9998249856198737,5.000500178175348e-05,0.9998249856198734,7.50043765629198e-05,5.000500178178471e-05,5.000500178174156e-05,3.878798580073725e-15,2.0411904034136713e-05,0.0,4.999874956224115e-05,0.0,0.0,1.0,-3.0410625845557084e-16,-2.6011642747650065e-17,-2.7755575615628914e-16,-2.9292065222041933e-16,0.9997499812433107,-5.3175020226759856e-15,-1.2744035742804468e-17,-1.146631132965951e-17,-5.3502525021602436e-15,-0.9997499812433107,1.1797405745920938e-15,-3.3306690738754696e-16,-2.871917779389146e-17,1.2402385852142788e-15,0.999799979992873
step4,0.0001,0.5,0,0.6249999999999998,0.4375,nan,nan,nan,0.12499999999999997,0.125,0.125,0.625,0.12499999999999997,0.6249999999999999,0.12499999999999997,0.12499999999999997,0.12499999999999997,4.844614790834e-18,2.254873622441467e-16,0.0,0.0,0.0,0.0,1.0,0.0,0.0,0.0,0.0,0.5,0.0,0.0,0.0,0.0,-0.5,0.0,0.0,0.0,0.0,0.5
step4,0.0001,0.5,1,0.8926658325291129,0.8006924967064419,0.43702523617876465,0.3090738814221106,nan,0.0357709144970458,0.035770914497045926,0.03579233847679515,0.892665832529113,0.0357709144970458,0.8926658325291129,0.03579233847679512,0.035770914497045926,0.03577091449704582,5.730960401021231e-16,1.7492606215136013e-05,2.220446049250313e-16,4.284795949838216e-05,0.0,0.0,1.0,-6.582635327334488e-17,1.570611226303333e-17,0.0,-2.975554059853981e-17,0.856873494052318,-8.14732495030462e-16,2.31306334722979e-17,2.8763689245255085e-17,-7.608340889747421e-16,-0.8568734940523178,1.6794911293752113e-16,0.0,1.3202109685664934e-17,1.7723120922151264e-16,0.8569163420118164
step4,0.0001,0.5,2,0.9950207464589315,0.9900745506826898,0.7997821415163224,0.11818927430054035,0.42726315570589296,0.001650834360196052,0.0016508343601961367,0.0016775848206759818,0.9950207464589316,0.001650834360196052,0.9950207464589315,0.0016775848206760319,0.0016508343601961163,0.0016508343601960354,1.305411739159393e-15,2.184165952013014e-05,2.220446049250313e-16,5.350092095979253e-05,0.0,2.220446049250313e-16,0.9999999999999998,-6.96452184543923e-17,-6.30647579215094e-18,0.0,-1.0378872628484114e-16,0.9933431616382558,-1.7939831502947293e-15,1.5210325910595734e-18,2.7098884147478158e-18,-1.808090500090861e-15,-0.9933431616382555,3.916733782216338e-16,-1.1102230246251565e-16,-2.0291601340911647e-18,3.814380578830466e-16,0.9933966625592155
step4,0.0001,0.5,3,0.9998162877898826,0.9996326209995345,0.9889370619782996,0.00553741432346584,0.1237266884133193,5.287544701828974e-05,5.2875447018464885e-05,7.796131608056153e-05,0.999816287789883,5.287544701828974e-05,0.9998162877898827,7.796131608044088e-05,5.2875447018301774e-05,5.287544701836992e-05,1.9225550612151526e-15,2.048252631884346e-05,2.220446049250313e-16,5.017173812438269e-05,0.0,0.0,1.0,-1.0019793659225959e-16,-1.980450669560344e-17,-1.6653345369377348e-16,-1.0274333070908511e-16,0.9997383264738023,-2.6237303388201284e-15,-3.1962091342447175e-18,5.520005636016677e-18,-2.645772951272777e-15,-0.9997383264738026,6.765584918000092e-16,0.0,-3.1658074989201346e-17,5.957288489459301e-16,0.9997884982119267
step4,0.0001,0.5,4,0.999824983924053,0.9996500091055931,0.9984836689169885,1.0041678250659962e-05,0.005547455771691093,5.0005514715456014e-05,5.0005514715511925e-05,7.500504651598802e-05,0.9998249839240531,5.0005514715456014e-05,0.9998249839240531,7.50050465159792e-05,5.000551471550504e-05,5.000551471549963e-05,2.557703978796567e-15,2.041203223987957e-05,0.0,4.99990636009251e-05,0.0,0.0,1.0,-1.304231290559866e-16,1.449861787336978e-17,0.0,-1.1349119718108703e-16,0.9997499788775371,-3.509264234244586e-15,1.7240906502608578e-17,8.74612383250439e-17,-3.5288172157035225e-15,-0.9997499788775371,8.324279674773836e-16,0.0,-8.015430382519999e-18,8.154785297452201e-16,0.9997999779411381
step4,0.0001,0.5,5,0.9998249856195427,0.9996500124957761,0.9985010361687918,1.9619736363759754e-09,1.0043636885779573e-05,5.000500187551731e-05,5.00050018755843e-05,7.500437670606419e-05,0.9998249856195429,5.000500187551731e-05,0.9998249856195427,7.500437670602589e-05,5.0005001875575304e-05,5.000500187556807e-05,3.202194065106802e-15,2.0411904074389338e-05,0.0,4.9998749660828956e-05,0.0,0.0,1.0,-1.7725408597534173e-16,-4.5222056861556723e-17,5.551115123125783e-17,-1.825003333383503e-16,0.9997499812428369,-4.389772607304613e-15,3.255722564036114e-17,5.537888814887204e-17,-4.433759213182975e-15,-0.9997499812428369,9.314794695134345e-16,0.0,-1.1039193916781552e-17,1.0555509656815888e-15,0.9997999799924977
step4,0.0001,0.5,6,0.9998249856198731,0.9996500124964368,0.998501039554909,3.836781239496485e-13,1.9623570078991626e-09,5.0005001781845694e-05,5.0005001781919576e-05,7.50043765629415e-05,0.9998249856198733,5.0005001781845694e-05,0.9998249856198731,7.50043765629428e-05,5.0005001781854666e-05,5.000500178192536e-05,3.854827050600869e-15,2.0411904034055774e-05,2.220446049250313e-16,4.999874956224115e-05,0.0,0.0,1.0,-2.0638931656415186e-16,1.8965189063940676e-18,0.0,-2.5727448608268824e-16,0.9997499812433103,-5.318904376125007e-15,-3.361067023171428e-17,2.230943052510079e-17,-5.312586719906437e-15,-0.9997499812433105,1.2232280639586662e-15,0.0,-4.8628209405328216e-17,1.1463848495761662e-15,0.9997999799928725
step4,0.0003,0.05,0,0.9624999999999998,0.926875,nan,nan,nan,0.0124999999999999,0.012500000000000011,0.012500000000000067,0.9624999999999999,0.0124999999999999,0.9624999999999998,0.01250000000000003,0.01250000000000001,0.01250000000000001,8.494454310017238e-17,1.9229626863835638e-16,0.0,0.0,0.0,0.0,1.0,0.0,0.0,0.0,0.0,0.95,0.0,0.0,0.0,0.0,-0.95,0.0,0.0,0.0,0.0,0.95
step4,0.0003,0.05,1,0.9989608407556168,0.9979231250553002,0.923693278310001,0.04210139688452234,nan,0.0003214148105347391,0.0003214148105347779,0.00039632962331343175,0.998960840755617,0.0003214148105347391,0.9989608407556168,0.00039632962331350374,0.0003214148105347272,0.0003214148105347528,6.508398405177136e-16,6.116768849470861e-05,0.0,0.0001498296255574294,0.0,0.0,1.0,1.624611026493985e-19,-3.438722954873229e-17,5.551115123125783e-17,-8.332984061564018e-17,0.9985645111323035,-8.678316064985539e-16,1.5480834891383577e-17,1.113408559561996e-17,-9.025262393028574e-16,-0.9985645111323035,2.376452265607322e-16,-5.551115123125783e-17,-2.81974989830206e-17,1.7404238500486508e-16,0.9987143407578609
step4,0.0003,0.05,2,0.9994744861453995,0.9989493442625519,0.9944860517192237,0.0005931066143407334,0.04269450299854084,0.00015016460595938892,0.0001501646059594567,0.0002251846426815194,0.9994744861453997,0.00015016460595938892,0.9994744861453996,0.00022518464268148647,0.0001501646059593962,0.00015016460595945947,1.2747784581307251e-15,6.125360348467397e-05,2.220446049250313e-16,0.00015004007344432413,0.0,0.0,1.0,-7.635129999559481e-17,-7.315076962512637e-17,-5.551115123125783e-17,-6.073421562739879e-17,0.9992493015027181,-1.7752448688941116e-15,2.230206352344498e-17,7.500991147865432e-18,-1.7350506937233134e-15,-0.9992493015027183,3.4185080495740765e-16,0.0,-3.874182933253604e-17,4.296028208164793e-16,0.9993993415761624
step4,0.0003,0.05,3,0.9994748702626373,0.9989501119563695,0.9955085826269794,4.440340966606734e-07,0.0005935501520563773,0.00015004511292431624,0.00015004511292436332,0.00022503951151399467,0.9994748702626376,0.00015004511292431624,0.9994748702626373,0.00022503951151391332,0.00015004511292433394,0.00015004511292436513,1.8922062636142742e-15,6.123267003709657e-05,0.0,0.00014998879717920133,0.0,0.0,1.0,-6.516883557543522e-17,-8.40520855707965e-17,5.551115123125783e-17,-8.227152865483345e-17,0.9992498307511235,-2.629726466035839e-15,3.86734974174961e-17,5.265265689484813e-17,-2.597613556848096e-15,-0.9992498307511235,5.595426813254921e-16,0.0,-7.088108336647292e-17,5.6355456804829385e-16,0.9993998195483027
step4,0.0003,0.05,4,0.9994748704863574,0.9989501124034936,0.995509347561655,2.594487746040296e-10,4.4429327416780647e-07,0.0001500450481773888,0.0001500450481774423,0.00022503941728733426,0.9994748704863576,0.0001500450481773888,0.9994748704863574,0.00022503941728740148,0.00015004504817743322,0.00015004504817745645,2.545563418815599e-15,6.123264596711782e-05,0.0,0.00014998873821991943,0.0,1.1102230246251565e-16,0.9999999999999999,-1.0634538938932403e-16,-7.593716010826665e-17,0.0,-1.3353926921287555e-16,0.9992498310690702,-3.5280006851656726e-15,3.0392704011497227e-17,1.1486638729797518e-16,-3.4841472351606797e-15,-0.9992498310690702,8.138828425263359e-16,0.0,-8.994242059744594e-17,7.80306999399264e-16,0.9993998198072901
step4,0.0003,0.05,5,0.9994748704864889,0.9989501124037565,0.9955093480071723,1.530220557336622e-13,2.59601728623801e-10,0.00015004504814118555,0.00015004504814126397,0.00022503941722845527,0.9994748704864892,0.00015004504814118555,0.999474870486489,0.00022503941722828476,0.00015004504814120363,0.00015004504814126573,3.2278306034222464e-15,6.123264594841253e-05,2.220446049250313e-16,0.00014998873817428926,0.0,1.1102230246251565e-16,0.9999999999999999,-1.7180450654421103e-16,-1.4169050735711604e-16,1.1102230246251565e-16,-1.4356344375683985e-16,0.9992498310692607,-4.44404761181694e-15,5.0767845835521975e-17,7.09542325942409e-17,-4.456143748796015e-15,-0.9992498310692609,1.0066177191505145e-15,0.0,-6.262651552512426e-17,9.845497536182005e-16,0.999399819807435
step4,0.0003,0.1,0,0.9249999999999998,0.8574999999999999,nan,nan,nan,0.024999999999999935,0.024999999999999994,0.025000000000000026,0.925,0.024999999999999935,0.9249999999999998,0.024999999999999956,0.024999999999999988,0.024999999999999988,2.924295323337349e-18,1.7554167342883506e-16,0.0,1.1102230246251565e-16,0.0,0.0,1.0,0.0,0.0,0.0,0.0,0.9,0.0,0.0,0.0,0.0,-0.9,0.0,0.0,0.0,0.0,0.8999999999999999
step4,0.0003,0.1,1,0.9972713929140637,0.9945527166149262,0.8545676166343101,0.08345183862331022,nan,0.0008846204200626407,0.0008846204200627292,0.0009593662458103717,0.997271392914064,0.0008846204200626407,0.9972713929140639,0.0009593662458103992,0.0008846204200626919,0.0008846204200627527,6.767217265747494e-16,6.102971116158934e-05,2.220446049250313e-16,0.00014949165149547028,0.0,1.1102230246251565e-16,0.9999999999999999,-6.652940498364711e-17,-4.4131951711821516e-17,-2.7755575615628914e-16,-9.906472888618875e-17,0.9963120266682535,-8.914832274487604e-16,2.2077589778366727e-17,-1.52017486781875e-17,-8.589945308668273e-16,-0.9963120266682537,2.1171857689132915e-16,-3.3306690738754696e-16,-8.74008425352181e-18,2.324801235897633e-16,0.9964615183197489
step4,0.0003,0.1,2,0.9994719711032373,0.9989443177196133,0.9911277567490154,0.0025410088366540962,0.08599284699197883,0.00015097482104353078,0.00015097482104368295,0.00022607925467516018,0.9994719711032374,0.00015097482104353078,0.9994719711032373,0.00022607925467518766,0.00015097482104372038,0.00015097482104359377,1.2938086726165606e-15,6.132251327268074e-05,2.220446049250313e-16,0.00015020886726302418,0.0,0.0,1.0,-1.106559177974826e-16,-5.794874550367496e-17,-2.7755575615628914e-16,-1.3584396969963269e-16,0.9992458918485624,-1.7686071122952605e-15,-5.059423034917516e-18,3.5628407350237804e-17,-1.7720351332762194e-15,-0.9992458918485622,3.8451776350952304e-16,-2.7755575615628914e-16,2.2996159057311938e-17,3.309141320106072e-16,0.9993961007158254
step4,0.0003,0.1,3,0.9994748688037118,0.9989501090405777,0.9955035741497678,3.3471787776319195e-06,0.0025443548041875178,0.0001500455459730568,0.00015004554597312757,0.00022504010434178632,0.9994748688037121,0.0001500455459730568,0.9994748688037118,0.00022504010434173154,0.00015004554597311624,0.0001500455459730915,1.9323553911552858e-15,6.123280049622099e-05,0.0,0.00014998911673735904,0.0,0.0,1.0,-1.3055384293972065e-16,1.0408943875770755e-17,-5.551115123125783e-17,-1.1995775628640065e-16,0.9992498286993703,-2.6483434148721104e-15,-3.583616568649398e-17,3.691694087589561e-17,-2.676419773146497e-15,-0.9992498286993703,6.360565858968397e-16,-1.6653345369377348e-16,-1.3835741967396501e-17,5.211427937260574e-16,0.9993998178161076
step4,0.0003,0.1,4,0.9994748704855017,0.9989501124017833,0.9955093446563426,1.948093259518216e-09,3.3491241839151518e-06,0.00015004504841709465,0.000150045048417148,0.0002250394176640231,0.9994748704855019,0.00015004504841709465,0.9994748704855017,0.00022503941766394936,0.00015004504841712398,0.0001500450484171124,2.6081401284867966e-15,6.12326460788399e-05,0.0,0.00014998873849370042,0.0,0.0,1.0,-1.1058112311125396e-16,2.7591546254367468e-17,-1.6653345369377348e-16,-1.3375676165338222e-16,0.9992498310678379,-3.613291365738973e-15,-1.933371715149907e-17,-1.4695156259367385e-17,-3.590621761906985e-15,-0.9992498310678379,8.229698744312805e-16,-1.1102230246251565e-16,2.8834618273312037e-17,7.246283289347889e-16,0.9993998198063316
step4,0.0003,0.1,5,0.9994748704864889,0.9989501124037565,0.9955093480054676,1.1474349437581035e-12,1.949240003000185e-09,0.00015004504814135404,0.000150045048141469,0.00022503941722829557,0.9994748704864891,0.00015004504814135404,0.999474870486489,0.00022503941722824554,0.00015004504814141297,0.0001500450481413307,3.2618484330701873e-15,6.123264594823255e-05,2.220446049250313e-16,0.00014998873817362313,0.0,0.0,1.0,-1.691093814522868e-16,2.971145748529916e-18,-1.1102230246251565e-16,-1.2922511044177204e-16,0.999249831069261,-4.491695618466898e-15,-3.092979640745206e-17,-1.6967778217304085e-17,-4.527520495645945e-15,-0.9992498310692608,9.275961734540563e-16,-1.1102230246251565e-16,1.714302481285657e-17,9.78946979170772e-16,0.9993998198074346
step4,0.0003,0.1,6,0.9994748704864892,0.998950112403757,0.9955093480074342,7.789921826098414e-16,1.1477770193192247e-12,0.00015004504814109223,0.00015004504814124315,0.0002250394172282957,0.9994748704864895,0.00015004504814109223,0.9994748704864892,0.00022503941722817853,0.00015004504814124494,0.0001500450481411037,3.934378693266435e-15,6.123264594832583e-05,2.220446049250313e-16,0.00014998873817384517,0.0,2.220446049250313e-16,0.9999999999999998,-1.6697144847781155e-16,-8.70747630967068e-18,-1.1102230246251565e-16,-2.1986237356536686e-16,0.9992498310692614,-5.456148329145684e-15,-6.669755902055263e-17,-2.4692144307368313e-17,-5.399152955732215e-15,-0.9992498310692611,1.230369817046855e-15,-1.6653345369377348e-16,5.465205206568523e-17,1.1527873516275408e-15,0.9993998198074352
step4,0.0003,0.2,0,0.8499999999999999,0.7300000000000001,nan,nan,nan,0.04999999999999999,0.04999999999999999,0.05000000000000002,0.8500000000000001,0.04999999999999999,0.8499999999999999,0.04999999999999998,0.049999999999999975,0.049999999999999975,2.4659545749914493e-17,1.9229626863835638e-16,0.0,0.0,0.0,0.0,1.0,0.0,0.0,0.0,0.0,0.8,0.0,0.0,0.0,0.0,-0.8,0.0,0.0,0.0,0.0,0.8
step4,0.0003,0.2,1,0.9891672814986556,0.9784910303617611,0.7275258600411494,0.16069654621027749,nan,0.0035862610964637835,0.003586261096463885,0.003660196308416511,0.9891672814986557,0.0035862610964637835,0.9891672814986556,0.0036601963084164834,0.0035862610964638606,0.003586261096463802,7.166188091086238e-16,6.036784776951299e-05,2.220446049250313e-16,0.00014787042390518312,0.0,0.0,1.0,-9.103639185495305e-17,1.7732404587324555e-17,2.220446049250313e-16,-7.083000156938615e-17,0.9855070851902394,-9.60871064598133e-16,-3.175736868401727e-17,5.327130370134497e-17,-8.910807442874722e-16,-0.9855070851902392,2.891933386504067e-16,2.7755575615628914e-16,2.2763303160813344e-17,2.2170444960757838e-16,0.9856549556141446
step4,0.0003,0.2,2,0.9994326610735362,0.9988657551127752,0.9751237972552877,0.01185343939145017,0.17254998520752426,0.0001639432440045156,0.0001639432440045587,0.00023945243845443752,0.9994326610735367,0.0001639432440045156,0.9994326610735363,0.000239452438454451,0.0001639432440045505,0.00016394324400451082,1.3725752500510819e-15,6.165299909700353e-05,0.0,0.00015101838889985952,0.0,0.0,1.0,-1.4404807371561498e-16,-4.310856990535228e-17,4.440892098500626e-16,-1.2442502194394308e-16,0.999193208635082,-1.8044887130414837e-15,-1.0816203271485679e-17,1.0713374630908415e-17,-1.8378585174830964e-15,-0.999193208635082,4.519013947344681e-16,4.440892098500626e-16,-7.447882994678085e-18,4.2102541419468513e-16,0.9993442270239818
step4,0.0003,0.2,3,0.999474845542199,0.9989500625503412,0.9954252939021186,4.8712225996487214e-05,0.011902149782014352,0.0001500525856141903,0.0001500525856142511,0.00022504928657229715,0.9994748455421993,0.0001500525856141903,0.999474845542199,0.00022504928657226367,0.00015005258561424253,0.0001500525856141903,2.0260853238126435e-15,6.123454991311055e-05,0.0,0.00014999340191612642,0.0,2.220446049250313e-16,0.9999999999999998,-1.6910073268129657e-16,9.67779615237402e-18,3.3306690738754696e-16,-1.390588265958168e-16,0.9992497962556269,-2.7618599553273283e-15,1.4824636610481642e-17,-4.345195367966865e-17,-2.741194280979764e-15,-0.9992497962556269,6.398288594863015e-16,3.885780586188048e-16,2.0396158601940297e-17,6.622464412487639e-16,0.9993997896575431
step4,0.0003,0.2,4,0.9994748704718974,0.9989501123745942,0.9955092983331951,2.884911532240548e-08,4.8741027638833096e-05,0.00015004505227814375,0.0001500450522782129,0.0002250394235460822,0.9994748704718978,0.00015004505227814375,0.9994748704718975,0.0002250394235460226,0.00015004505227815632,0.00015004505227822127,2.680488729781259e-15,6.123264772902643e-05,2.220446049250313e-16,0.0001499887425358004,0.0,0.0,1.0,-2.207382546216046e-16,8.560777344453347e-17,4.440892098500626e-16,-1.981089305539523e-16,0.9992498310483515,-3.680656835269039e-15,8.929264238659174e-18,2.2267448891734078e-18,-3.649510574862521e-15,-0.9992498310483517,8.124243242871785e-16,4.440892098500626e-16,2.0116714344542938e-19,8.431788462810063e-16,0.9993998197908873
step4,0.0003,0.2,5,0.9994748704864805,0.9989501124037397,0.9955093479783765,1.6932851898989248e-11,2.8866035111796302e-08,0.00015004504814347542,0.00015004504814352234,0.00022503941723223998,0.9994748704864808,0.00015004504814347542,0.9994748704864805,0.00022503941723213001,0.0001500450481435319,0.00015004504814354505,3.2620264025030917e-15,6.123264594963621e-05,0.0,0.00014998873817717584,0.0,0.0,1.0,-2.438496330556943e-16,4.4735352271676105e-17,4.440892098500626e-16,-2.1853363307846437e-16,0.9992498310692486,-4.475804725385989e-15,-2.612327168692095e-17,-1.2090773868723097e-16,-4.459483547307585e-15,-0.9992498310692486,1.0150100977411385e-15,4.996003610813204e-16,-4.0506158094767774e-17,1.0268560408598184e-15,0.9993998198074258
step4,0.0003,0.2,6,0.9994748704864894,0.9989501124037574,0.9955093480074171,1.033369085040538e-14,1.694316017250648e-11,0.00015004504814107345,0.0001500450481412339,0.000225039417228126,0.9994748704864895,0.00015004504814107345,0.9994748704864894,0.00022503941722812972,0.00015004504814122445,0.00015004504814106643,3.928695701847868e-15,6.123264594837209e-05,2.220446049250313e-16,0.00014998873817384517,0.0,0.0,1.0,-2.9102601656025534e-16,8.927684646396069e-17,4.440892098500626e-16,-2.766201524238338e-16,0.9992498310692616,-5.3768618508487094e-15,1.5947557088404022e-17,-7.907280302503871e-17,-5.420970192998653e-15,-0.9992498310692614,1.2212331964656473e-15,4.440892098500626e-16,-9.736470518673434e-17,1.1818889948778444e-15,0.9993998198074354
step4,0.0003,0.3,0,0.7749999999999998,0.6174999999999999,nan,nan,nan,0.07500000000000001,0.07500000000000001,0.07500000000000001,0.7749999999999999,0.07500000000000001,0.7749999999999998,0.075,0.075,0.075,8.879893162462571e-18,1.9229626863835638e-16,0.0,0.0,0.0,0.0,1.0,0.0,0.0,0.0,0.0,0.7,0.0,0.0,0.0,0.0,-0.7,0.0,0.0,0.0,0.0,0.7
step4,0.0003,0.3,1,0.9720991616733627,0.9452362691970848,0.6154301924589481,0.22759051573907194,nan,0.0092762034511588,0.009276203451158918,0.0093484314243192,0.9720991616733629,0.0092762034511588,0.9720991616733629,0.009348431424319202,0.0092762034511589,0.009276203451158817,6.298229253107076e-16,5.8973893132786105e-05,2.220446049250313e-16,0.00014445594632062075,0.0,1.1102230246251565e-16,0.9999999999999999,-5.0788505163256514e-17,-7.590338280267005e-17,0.0,-2.7441290636219134e-17,0.9627507302490439,-8.690394681642526e-16,1.7616003539442426e-17,-9.850719715565818e-18,-8.60245340229272e-16,-0.9627507302490437,1.4140353442420635e-16,-1.1102230246251565e-16,4.523722179217403e-18,1.5439527276046088e-16,0.9628951861953645
step4,0.0003,0.3,2,0.9991942407971935,0.9983893511455162,0.9419885558949228,0.03128670263365426,0.2588772180579918,0.00024313294148859926,0.00024313294148873633,0.00031949331982895836,0.9991942407971938,0.00024313294148859926,0.9991942407971935,0.00031949331982898427,0.00024313294148861636,0.00024313294148874484,1.2901955081007787e-15,6.234798783324153e-05,2.220446049250313e-16,0.0001527207566808242,0.0,0.0,1.0,-1.0045208194424703e-16,-4.2126986984694936e-17,5.551115123125783e-17,-5.694515322929625e-17,0.9988747474773646,-1.7779565436461234e-15,2.6107173756770776e-17,2.1261056200645244e-18,-1.791977185702971e-15,-0.9988747474773648,3.3175989749491107e-16,0.0,2.413040381568784e-19,3.6213779418627204e-16,0.9990274682340454
step4,0.0003,0.3,3,0.9994746824578645,0.9989497366113443,0.9949506021621302,0.00032382801580093236,0.03161052866984534,0.0001501027762170667,0.00015010277621708992,0.0002251119897012478,0.9994746824578649,0.0001501027762170667,0.9994746824578645,0.00022511198970110764,0.00015010277621706758,0.00015010277621706748,1.939298720715659e-15,6.124476634776682e-05,0.0,0.00015001842696804601,0.0,0.0,1.0,-9.608589586663174e-17,-2.5113514206202685e-17,0.0,-1.501061876934475e-16,0.9992495704681637,-2.656748612188692e-15,3.0653678997807175e-17,-5.8194794599132925e-18,-2.7022085656430325e-15,-0.9992495704681637,6.102177807502995e-16,0.0,-3.072746018304978e-17,5.240058416951567e-16,0.9993995888951317
step4,0.0003,0.3,4,0.9994748703767592,0.9989501121844523,0.9955089735656446,2.1732759093898438e-07,0.00032404504603922757,0.00015004507960196943,0.00015004507960207736,0.00022503946403640862,0.9994748703767595,0.00015004507960196943,0.9994748703767593,0.0002250394640364142,0.00015004507960199008,0.0001500450796020947,2.5692166597506006e-15,6.123265847945743e-05,2.220446049250313e-16,0.00014998876886873624,0.0,0.0,1.0,-1.9785456870107309e-16,5.1550130667960917e-17,-5.551115123125783e-17,-1.4652003142289049e-16,0.9992498309127229,-3.5315278311169817e-15,4.390758792948597e-17,4.152655434773725e-17,-3.558849242520061e-15,-0.9992498309127231,7.9374300147653325e-16,5.551115123125783e-17,-2.923603268526357e-17,7.478410422503089e-16,0.9993998196815916
step4,0.0003,0.3,5,0.9994748704864247,0.9989501124036282,0.9955093477889178,1.272483726812217e-10,2.1745472272532835e-07,0.00015004504815889733,0.00015004504815893495,0.0002250394172574211,0.999474870486425,0.00015004504815889733,0.9994748704864247,0.00022503941725725727,0.00015004504815891562,0.0001500450481588811,3.243332524298594e-15,6.1232645957627e-05,0.0,0.00014998873819671577,0.0,1.1102230246251565e-16,0.9999999999999999,-2.6593936332388086e-16,-6.397210369760346e-17,0.0,-2.2193109682452857e-16,0.9992498310691676,-4.485220789437327e-15,7.524132686040353e-17,1.614878471984157e-17,-4.479442269790601e-15,-0.9992498310691676,9.3968536374396e-16,-1.1102230246251565e-16,-5.4204559068878535e-17,9.30272252624542e-16,0.9993998198073644
step4,0.0003,0.3,6,0.9994748704864891,0.998950112403757,0.9955093480073061,7.502355877041785e-14,1.273233669272005e-10,0.00015004504814115877,0.0001500450481413126,0.00022503941722808762,0.9994748704864893,0.00015004504814115877,0.9994748704864892,0.00022503941722815078,0.00015004504814117948,0.00015004504814131298,3.894307106772248e-15,6.123264594828978e-05,2.220446049250313e-16,0.00014998873817384517,0.0,0.0,1.0,-3.0982627343590687e-16,-5.902564392814736e-17,-5.551115123125783e-17,-3.1475517449670323e-16,0.9992498310692611,-5.414060837014755e-15,1.2106390269345584e-17,9.076894776354195e-18,-5.351192211342508e-15,-0.9992498310692614,1.1140429340784244e-15,-2.220446049250313e-16,-1.1299438394169016e-16,1.0985733373577504e-15,0.999399819807435
step4,0.0003,0.5,0,0.6249999999999998,0.4375,nan,nan,nan,0.12499999999999997,0.125,0.125,0.625,0.12499999999999997,0.6249999999999999,0.12499999999999997,0.12499999999999997,0.12499999999999997,4.844614790834e-18,2.254873622441467e-16,0.0,0.0,0.0,0.0,1.0,0.0,0.0,0.0,0.0,0.5,0.0,0.0,0.0,0.0,-0.5,0.0,0.0,0.0,0.0,0.5
step4,0.0003,0.5,1,0.8922833090878063,0.800037134928605,0.43607712432742674,0.30863218536114867,nan,0.035884148840062254,0.03588414884006232,0.03594839323206905,0.8922833090878065,0.035884148840062254,0.8922833090878063,0.03594839323206895,0.03588414884006229,0.035884148840062254,5.714772122525039e-16,5.245532641724495e-05,0.0,0.0001284887840132809,0.0,0.0,1.0,-2.376206709851339e-17,-6.139401999149299e-18,-5.551115123125783e-17,-1.0327346753087841e-16,0.8563349158557375,-7.806942208948024e-16,1.2055101550264052e-17,-1.7874253995728933e-17,-7.777892243542548e-16,-0.8563349158557375,1.7278835459207085e-16,5.551115123125783e-17,1.6224880823883425e-17,2.0491821953645588e-16,0.8564634046397508
step4,0.0003,0.5,2,0.9946162284747411,0.9892711079033902,0.7973112768888527,0.1181638778321901,0.4267960630425835,0.0017678423225614564,0.0017678423225615499,0.001848086880135583,0.9946162284747414,0.0017678423225614564,0.9946162284747412,0.00184808688013565,0.001767842322561505,0.001767842322561568,1.3136973585432872e-15,6.551940689735028e-05,2.220446049250313e-16,0.0001604891151483212,0.0,0.0,1.0,-6.134714923777836e-17,-4.248537311613475e-17,-1.1102230246251565e-16,-1.170410186328414e-16,0.9927681415946056,-1.791779462404196e-15,-2.307516657258757e-17,4.535000025912879e-17,-1.8223724159226506e-15,-0.9927681415946058,4.1849912340976336e-16,-1.1102230246251565e-16,7.021461774499855e-17,3.7578454886749396e-16,0.9929286307097539
step4,0.0003,0.5,3,0.9994641008582081,0.9989285884094747,0.9858651304874368,0.0055978423317007584,0.12376171828791523,0.00015354695867891046,0.00015354695867897828,0.00022880522443368374,0.9994641008582085,0.00015354695867891046,0.9994641008582082,0.00022880522443370527,0.00015354695867893264,0.00015354695867891724,1.983599826662952e-15,6.144811667534046e-05,0.0,0.00015051653150965905,0.0,1.1102230246251565e-16,0.9999999999999999,-9.816771534127002e-17,-5.5289601928130847e-17,-1.6653345369377348e-16,-9.671500963952637e-17,0.9992352956337747,-2.69428044272492e-15,-5.3151117312555414e-17,4.327880008422175e-17,-2.7523098504582094e-15,-0.9992352956337747,6.08425950213477e-16,-1.1102230246251565e-16,6.874670031009997e-17,5.998755964624521e-16,0.9993858121652843
step4,0.0003,0.5,4,0.9994748642220157,0.9989500998836471,0.9954879013718069,1.2430320503205963e-05,0.005610270950502777,0.00015004692090188638,0.00015004692090194835,0.0002250419361803626,0.9994748642220159,0.00015004692090188638,0.9994748642220158,0.00022504193618030078,0.00015004692090190202,0.00015004692090187435,2.6178671803673033e-15,6.123317356145323e-05,0.0,0.00014999003055682358,0.0,0.0,1.0,-9.834937024517992e-17,-3.3353437979230744e-17,-1.1102230246251565e-16,-1.147456703995822e-16,0.9992498222858356,-3.5500252851601674e-15,-7.553954731103722e-17,6.298059771448791e-17,-3.6567018456324575e-15,-0.9992498222858356,8.419466939267806e-16,-2.220446049250313e-16,2.5640469947215786e-17,8.115245911890473e-16,0.9993998123163924
step4,0.0003,0.5,5,0.9994748704828185,0.9989501123964206,0.9955093355323227,7.248545952640506e-09,1.2437557896488931e-05,0.0001500450491740359,0.00015004504917414034,0.0002250394188330662,0.9994748704828187,0.0001500450491740359,0.9994748704828185,0.00022503941883309422,0.0001500450491740066,0.00015004504917410954,3.2854376914397398e-15,6.12326464154065e-05,2.220446049250313e-16,0.00014998873931815204,0.0,1.1102230246251565e-16,0.9999999999999999,-1.6434260459892556e-16,-8.337213857421026e-17,0.0,-1.2884025307687166e-16,0.9992498310639855,-4.517411285315691e-15,-4.6646832308430455e-17,1.016172146115549e-16,-4.5154569561416694e-15,-0.9992498310639857,1.0700258678430588e-15,-1.1102230246251565e-16,1.1709265527048947e-19,1.056273008646398e-15,0.9993998198033036
step4,0.0003,0.5,6,0.9994748704864871,0.9989501124037526,0.9955093480001246,4.261682627323003e-12,7.252804728181952e-09,0.00015004504814169158,0.00015004504814184586,0.00022503941722925918,0.9994748704864872,0.00015004504814169158,0.999474870486487,0.00022503941722918838,0.00015004504814184594,0.00015004504814169394,3.949837548802173e-15,6.123264594872334e-05,2.220446049250313e-16,0.00014998873817473335,0.0,1.1102230246251565e-16,0.9999999999999999,-1.5859624350396216e-16,-1.0886925207138798e-16,-1.1102230246251565e-16,-1.8816375685011565e-16,0.9992498310692581,-5.4338274869935366e-15,-6.1580436692899e-17,1.1430821429080172e-16,-5.4309656599094734e-15,-0.9992498310692579,1.30188548116002e-15,-1.1102230246251565e-16,5.415750391078178e-17,1.242628148869443e-15,0.9993998198074329
step4,0.0003,0.5,7,0.9994748704864892,0.998950112403757,0.9955093480074302,2.6021670453515685e-15,4.264204837428785e-12,0.0001500450481410411,0.00015004504814124996,0.0002250394172283025,0.9994748704864894,0.0001500450481410411,0.9994748704864892,0.00022503941722821778,0.0001500450481412478,0.00015004504814104005,4.581185950156991e-15,6.123264594841865e-05,4.440892098500626e-16,0.0001499887381739562,0.0,1.1102230246251565e-16,0.9999999999999999,-2.4672632679515755e-16,-1.3188039688231975e-16,0.0,-2.349253971880501e-16,0.9992498310692614,-6.290017216243547e-15,-9.412685778653679e-17,1.3864013738943404e-16,-6.333330767781926e-15,-0.9992498310692609,1.4375949409410626e-15,0.0,5.2517769677935476e-17,1.4167076058693625e-15,0.9993998198074353
step4,0.001,0.05,0,0.9624999999999998,0.926875,nan,nan,nan,0.0124999999999999,0.012500000000000011,0.012500000000000067,0.9624999999999999,0.0124999999999999,0.9624999999999998,0.01250000000000003,0.01250000000000001,0.01250000000000001,8.494454310017238e-17,1.9229626863835638e-16,0.0,0.0,0.0,0.0,1.0,0.0,0.0,0.0,0.0,0.95,0.0,0.0,0.0,0.0,-0.95,0.0,0.0,0.0,0.0,0.95
step4,0.001,0.05,1,0.9977168606226732,0.9954407130283809,0.9163082452244549,0.04066543797012032,nan,0.0006778975171435045,0.0006778975171435947,0.0009273443430394671,0.9977168606226734,0.0006778975171435045,0.9977168606226732,0.0009273443430394763,0.0006778975171435073,0.00067789751714359,6.478035347421023e-16,0.0002036724804672582,2.220446049250313e-16,0.0004988936517918985,0.0,2.220446049250313e-16,0.9999999999999998,-4.4373649892101925e-17,-4.665536274961201e-17,-1.1102230246251565e-16,-7.829206808476586e-17,0.9967895162796337,-8.910299059575983e-16,-3.243028757706818e-17,4.94476219482734e-18,-8.641900401024416e-16,-0.996789516279634,2.1281232072753784e-16,-1.6653345369377348e-16,-3.262695876351472e-17,2.2177997674711207e-16,0.9972884099314256
step4,0.001,0.05,2,0.9982474393578619,0.9964990156825362,0.9840556799829838,0.0006126597331883491,0.04127809228390107,0.0005008451415879904,0.000500845141588052,0.0007508703589617423,0.998247439357862,0.0005008451415879904,0.9982474393578618,0.0007508703589617448,0.0005008451415880353,0.0005008451415880243,1.314484968393942e-15,0.00020414473513136522,0.0,0.0005000504347475454,0.0,1.1102230246251565e-16,0.9999999999999999,-1.3106700290839046e-16,-1.8532414822668838e-18,-1.6653345369377348e-16,-9.694121494293112e-17,0.9974965689989003,-1.7881664577940675e-15,-3.7149720922861753e-17,7.961670266366483e-18,-1.7763993737670246e-15,-0.9974965689989003,4.3179841922892665e-16,-3.3306690738754696e-16,2.79963571772904e-17,4.25319775785732e-16,0.9979966194336478
step4,0.001,0.05,3,0.9982485551779012,0.9965012420802866,0.9851013526209609,1.2904232498407864e-06,0.0006139481199374918,0.0005005024125423048,0.0005005024125423631,0.0007504399970140887,0.9982485551779015,0.0005005024125423048,0.9982485551779011,0.0007504399970141004,0.0005005024125422948,0.0005005024125423456,1.94564296577095e-15,0.0002040731831665443,0.0,0.0004998751689435643,0.0,2.220446049250313e-16,1.0000000000000002,-1.5332081276214602e-16,7.617062082711711e-18,-2.7755575615628914e-16,-1.629896574372002e-16,0.9974981151808873,-2.6546245666556e-15,-6.875188273625894e-17,-5.359867333196354e-17,-2.6369678666690474e-15,-0.9974981151808873,6.63994146801717e-16,-2.7755575615628914e-16,4.8767042953346065e-17,6.616638926538702e-16,0.9979979903498308
step4,0.001,0.05,4,0.9982485573539287,0.9965012464220775,0.9851035524483918,2.5248339192884083e-09,1.2929457801428324e-06,0.0005005017882979224,0.0005005017882979977,0.0007504390694752862,0.998248557353929,0.0005005017882979224,0.9982485573539288,0.0007504390694752644,0.0005005017882979342,0.000500501788297948,2.5444674938459412e-15,0.00020407293552766745,0.0,0.0004998745623546741,0.0,0.0,1.0,-1.7571358755514862e-16,3.1281850277796332e-18,-2.7755575615628914e-16,-2.1851112556135635e-16,0.9974981182844537,-3.4812699321647257e-15,-8.490894692006068e-17,-3.219951418782495e-17,-3.5022745342561578e-15,-0.9974981182844537,8.100623772247011e-16,-1.6653345369377348e-16,4.830181224760489e-17,8.29145099606315e-16,0.9979979928468083
step4,0.001,0.05,5,0.9982485573582155,0.9965012464306306,0.9851035567383669,4.989490697332216e-12,2.5298214851110392e-09,0.0005005017871250355,0.0005005017871251214,0.0007504390675342628,0.9982485573582159,0.0005005017871250355,0.9982485573582155,0.0007504390675341826,0.0005005017871251262,0.0005005017871250409,3.200053024474684e-15,0.0002040729349004114,2.220446049250313e-16,0.0004998745608181254,0.0,0.0,1.0,-2.453870846274867e-16,4.0757002892098524e-17,-2.220446049250313e-16,-2.734340708261567e-16,0.9974981182906816,-4.390160699934047e-15,-9.413355562372387e-17,5.252055926118937e-17,-4.39867694467967e-15,-0.9974981182906814,9.967932700099311e-16,-2.220446049250313e-16,9.031087690073232e-17,1.042013812732089e-15,0.9979979928514997
step4,0.001,0.05,6,0.998248557358224,0.9965012464306477,0.985103556746818,1.0030512162553709e-14,4.999497229361018e-12,0.0005005017871228294,0.0005005017871228607,0.0007504390675300843,0.9982485573582244,0.0005005017871228294,0.998248557358224,0.0007504390675300875,0.0005005017871228358,0.0005005017871228618,3.838799979713615e-15,0.00020407293489888205,0.0,0.0004998745608144617,0.0,0.0,1.0,-3.487273435971677e-16,-2.819981867655821e-17,-1.6653345369377348e-16,-3.355778667198007e-16,0.9974981182906941,-5.269835380797403e-15,-1.1186400187056532e-16,1.071149739272227e-18,-5.2633886712334266e-15,-0.9974981182906941,1.2349747542281765e-15,-1.6653345369377348e-16,7.909996715231145e-17,1.2598705315733243e-15,0.9979979928515086
step4,0.001,0.1,0,0.9249999999999998,0.8574999999999999,nan,nan,nan,0.024999999999999935,0.024999999999999994,0.025000000000000026,0.925,0.024999999999999935,0.9249999999999998,0.024999999999999956,0.024999999999999988,0.024999999999999988,2.924295323337349e-18,1.7554167342883506e-16,0.0,1.1102230246251565e-16,0.0,0.0,1.0,0.0,0.0,0.0,0.0,0.9,0.0,0.0,0.0,0.0,-0.9,0.0,0.0,0.0,0.0,0.8999999999999999
step4,0.001,0.1,1,0.9960073999096841,0.9920360955863616,0.847761181702669,0.08199253471463135,nan,0.00124790785330118,0.0012479078533013013,0.0014967843837132523,0.9960073999096843,0.00124790785330118,0.996007399909684,0.0014967843837132547,0.0012479078533013022,0.0012479078533011848,6.717053677036296e-16,0.00020320683615456377,2.220446049250313e-16,0.0004977530608238911,0.0,0.0,1.0,-8.761462235910031e-17,1.222084748616116e-17,-1.1102230246251565e-16,-5.420929842686224e-17,0.9945106155259711,-9.05918924690433e-16,1.1240107163610701e-17,-3.4358006045194385e-17,-8.760407629450077e-16,-0.9945106155259709,2.5376235561625535e-16,-5.551115123125783e-17,-4.4450328024808184e-17,2.6316683836127604e-16,0.995008368586795
step4,0.001,0.1,2,0.9982425460065192,0.9964892519755814,0.9806916939928507,0.0025809246664925704,0.08457345425041161,0.0005023815712615569,0.0005023815712616493,0.0007526908509575887,0.9982425460065193,0.0005023815712615569,0.9982425460065191,0.0007526908509575522,0.0005023815712615556,0.0005023815712616437,1.2510576090661789e-15,0.00020437667104627444,2.220446049250313e-16,0.0005006185593920964,0.0,0.0,1.0,-5.406513656289201e-17,-3.794147584761821e-17,-1.1102230246251565e-16,-9.518712170143566e-17,0.9974898551555617,-1.7029776408022813e-15,6.232000025787468e-17,-3.911987883576452e-18,-1.7113130096304294e-15,-0.9974898551555619,4.3190305646323864e-16,-1.1102230246251565e-16,-7.529549282059197e-17,4.3851066975215576e-16,0.9979904737149538
step4,0.001,0.1,3,0.9982485456585171,0.9965012230863781,0.985091705436228,6.934402972427397e-06,0.002587852348106793,0.0005005051865572884,0.0005005051865573619,0.0007504439683681701,0.9982485456585173,0.0005005051865572884,0.9982485456585171,0.000750443968368081,0.000500505186557335,0.0005005051865572892,1.857571047918902e-15,0.00020407416078974716,0.0,0.0004998775636214647,0.0,0.0,1.0,-1.0251811907632042e-16,-9.478685565426455e-19,0.0,-1.9124530678657777e-16,0.9974981016901492,-2.5942525515557026e-15,7.429988916868572e-17,7.046402066345108e-18,-2.4981435112924344e-15,-0.9974981016901492,5.970421243447472e-16,-5.551115123125783e-17,-4.852479117769923e-17,6.366078389215343e-16,0.9979979792537707
step4,0.001,0.1,4,0.998248557335218,0.9965012463847445,0.9851035336811608,1.353841525034869e-08,6.947926596108008e-06,0.0005005017934722226,0.000500501793472349,0.0007504390778372428,0.9982485573352183,0.0005005017934722226,0.998248557335218,0.0007504390778372525,0.0005005017934723055,0.0005005017934722178,2.471851261312526e-15,0.0002040729381304013,2.220446049250313e-16,0.0004998745687299078,0.0,1.1102230246251565e-16,0.9999999999999999,-1.8789788788085356e-16,-8.783191593414531e-17,-2.220446049250313e-16,-1.7670206687726459e-16,0.997498118257381,-3.4168689020019574e-15,7.514145672106509e-17,-4.615526157132253e-17,-3.374998526581669e-15,-0.9974981182573808,8.05623253478681e-16,-1.1102230246251565e-16,-9.497086274115402e-17,7.675728602945988e-16,0.9979979928261109
step4,0.001,0.1,5,0.9982485573581787,0.9965012464305574,0.9851035567014792,2.670805413565298e-11,1.3565110843967915e-08,0.0005005017871349371,0.0005005017871349859,0.0007504390675512081,0.9982485573581789,0.0005005017871349371,0.9982485573581787,0.0007504390675512605,0.0005005017871349838,0.0005005017871349435,3.1188887058425385e-15,0.00020407293490625896,0.0,0.0004998745608325583,0.0,0.0,1.0,-1.8277129077548047e-16,5.1635565424138064e-17,-1.6653345369377348e-16,-2.2136866465736022e-16,0.9974981182906276,-4.316267531172968e-15,9.999103014977113e-17,6.132588922888817e-18,-4.267798060124766e-15,-0.9974981182906276,9.38476514832348e-16,-1.6653345369377348e-16,-1.2107060316758533e-16,9.990585334139005e-16,0.9979979928514602
step4,0.001,0.1,6,0.998248557358224,0.9965012464306479,0.9851035567467454,5.296779922604909e-14,2.676100711708636e-11,0.0005005017871227696,0.0005005017871228634,0.0007504390675300628,0.9982485573582244,0.0005005017871227696,0.9982485573582242,0.0007504390675300598,0.0005005017871228416,0.0005005017871228564,3.819690063199322e-15,0.00020407293489883654,0.0,0.0004998745608143507,0.0,0.0,1.0,-2.6128873311328496e-16,1.9144321347404662e-17,-1.6653345369377348e-16,-2.122382253360746e-16,0.9974981182906942,-5.262072933585543e-15,1.233558638995973e-16,-7.678740527090251e-17,-5.2709231393378975e-15,-0.9974981182906942,1.1248558566631206e-15,-1.6653345369377348e-16,-1.3769267343176171e-16,1.1780240492952425e-15,0.9979979928515086
step4,0.001,0.2,0,0.8499999999999999,0.7300000000000001,nan,nan,nan,0.04999999999999999,0.04999999999999999,0.05000000000000002,0.8500000000000001,0.04999999999999999,0.8499999999999999,0.04999999999999998,0.049999999999999975,0.049999999999999975,2.4659545749914493e-17,1.9229626863835638e-16,0.0,0.0,0.0,0.0,1.0,0.0,0.0,0.0,0.0,0.8,0.0,0.0,0.0,0.0,-0.8,0.0,0.0,0.0,0.0,0.8
step4,0.001,0.2,1,0.9878643338302008,0.9759250739147164,0.7217827946896574,0.15919214737666776,nan,0.0039631687528653686,0.00396316875286547,0.004209328664068155,0.987864333830201,0.0039631687528653686,0.9878643338302009,0.004209328664068221,0.003963168752865486,0.003963168752865399,6.437893769297321e-16,0.0002009887258585252,2.220446049250313e-16,0.0004923198224053849,0.0,0.0,1.0,-4.0852760172939834e-17,3.713511220906529e-17,0.0,-3.3479518792483615e-17,0.9836550051661329,-8.98806039925545e-16,-4.349929102982707e-17,2.0625774970369323e-17,-8.516975096592519e-16,-0.9836550051661327,2.122688048801034e-16,0.0,2.1874754230649732e-17,2.4447675899831924e-16,0.9841473249885383
step4,0.001,0.2,2,0.9981914737185573,0.9963873506827177,0.9647729447902977,0.01192475483523802,0.1711168978594042,0.0005189547468159847,0.0005189547468160748,0.000770616787810608,0.9981914737185575,0.0005189547468159847,0.9981914737185573,0.0007706167878105949,0.0005189547468160227,0.0005189547468159889,1.3313447433952563e-15,0.0002054811960213536,0.0,0.0005033240819890539,0.0,0.0,1.0,-7.157619971372983e-17,-3.5637834938703455e-17,-5.551115123125783e-17,-1.0357163193001726e-16,0.9974208569307469,-1.807631665883359e-15,-3.2321879351290626e-17,2.4572055186635638e-17,-1.861214267590622e-15,-0.9974208569307469,4.1556305619414513e-16,0.0,4.981511907023955e-17,4.000782452318935e-16,0.997924181012736
step4,0.001,0.2,3,0.9982484458766494,0.9965010239921555,0.9849910202557612,6.580064590865908e-05,0.011990540169787282,0.0005005349825622443,0.0005005349825623275,0.000750484158225862,0.9982484458766498,0.0005005349825622443,0.9982484458766494,0.0007504841582258376,0.0005005349825622922,0.0005005349825622207,2.0067876489535394e-15,0.0002040826473349781,2.220446049250313e-16,0.0004998983513270217,0.0,1.1102230246251565e-16,0.9999999999999999,-1.3730088110011546e-16,-4.360641056602672e-17,0.0,-1.1939379110833686e-16,0.9974979617184239,-2.7526063557449906e-15,-4.827351906840525e-17,-9.398444856767905e-18,-2.7788676810429634e-15,-0.9974979617184236,5.655261816108594e-16,0.0,-5.796302439133677e-18,6.40077553141224e-16,0.9979978600697509
step4,0.001,0.2,4,0.998248557139809,0.9965012459948493,0.9851033369629725,1.2884010533915717e-07,6.592929871567817e-05,0.0005005018484308515,0.0005005018484309531,0.0007504391633290356,0.9982485571398092,0.0005005018484308515,0.9982485571398091,0.0007504391633290391,0.0005005018484309649,0.0005005018484308706,2.653053174174679e-15,0.00020407296306061552,2.220446049250313e-16,0.0004998746297961709,0.0,0.0,1.0,-1.3375320990018066e-16,-2.897332444066207e-17,0.0,-1.4048833516699776e-16,0.9974981179764802,-3.6269626728953676e-15,-6.58569443858907e-17,-2.1286111388940204e-18,-3.6976878165377865e-15,-0.99749811797648,8.657774950876169e-16,1.1102230246251565e-16,1.0575753606083795e-17,7.192733133620851e-16,0.9979979926062764
step4,0.001,0.2,5,0.9982485573577923,0.9965012464297863,0.9851035563162376,2.532684155484423e-10,1.2909321071031166e-07,0.0005005017872391472,0.0005005017872392819,0.0007504390677292625,0.9982485573577927,0.0005005017872391472,0.9982485573577923,0.0007504390677291466,0.0005005017872391472,0.0005005017872392566,3.3182857613971453e-15,0.00020407293496643697,2.220446049250313e-16,0.0004998745609799959,0.0,0.0,1.0,-1.7923719024150177e-16,1.0136686962786915e-18,0.0,-1.1893868755488513e-16,0.9974981182900632,-4.499101408216196e-15,-8.19810096956083e-17,3.5282919542248984e-18,-4.649991616052409e-15,-0.9974981182900634,1.0460725053866657e-15,0.0,6.186258670592094e-17,1.0120858004729627e-15,0.9979979928510432
step4,0.001,0.2,6,0.9982485573582232,0.996501246430646,0.9851035567459836,5.020939416193103e-13,2.537703727499737e-10,0.0005005017871229714,0.0005005017871230722,0.0007504390675305315,0.9982485573582234,0.0005005017871229714,0.9982485573582232,0.0007504390675305567,0.000500501787123104,0.000500501787123007,3.9972978074087735e-15,0.0002040729348990985,2.220446049250313e-16,0.0004998745608149058,0.0,0.0,1.0,-2.267306872234162e-16,-1.1476849281358677e-17,-1.1102230246251565e-16,-2.257935739536859e-16,0.9974981182906929,-5.53930827459695e-15,-1.0568186132617729e-16,1.7213684308446335e-18,-5.490029522008188e-15,-0.9974981182906927,1.2263861395562812e-15,0.0,6.487056398409613e-17,1.2023375681751235e-15,0.9979979928515078
step4,0.001,0.3,0,0.7749999999999998,0.6174999999999999,nan,nan,nan,0.07500000000000001,0.07500000000000001,0.07500000000000001,0.7749999999999999,0.07500000000000001,0.7749999999999998,0.075,0.075,0.075,8.879893162462571e-18,1.9229626863835638e-16,0.0,0.0,0.0,0.0,1.0,0.0,0.0,0.0,0.0,0.7,0.0,0.0,0.0,0.0,-0.7,0.0,0.0,0.0,0.0,0.7
step4,0.001,0.3,1,0.9707632776389588,0.9426663084028155,0.6106253943840585,0.22604804734452577,nan,0.00966542251871917,0.009665422518719246,0.009905877323602775,0.9707632776389591,0.00966542251871917,0.9707632776389588,0.009905877323602832,0.009665422518719201,0.009665422518719161,6.249720062411182e-16,0.0001963305260551093,0.0,0.00048090960976721053,0.0,0.0,1.0,-6.505668891791815e-17,-3.9450399786988137e-17,-1.6653345369377348e-16,-6.713460675519827e-17,0.9608574003153562,-8.54349419776191e-16,1.684545107334139e-17,5.724108575969532e-17,-8.603017143022295e-16,-0.9608574003153562,1.78799699122534e-16,-1.1102230246251565e-16,2.0673353367869247e-17,1.513499399747913e-16,0.9613383099251234
step4,0.001,0.3,2,0.9979265767993011,0.9958589288898041,0.9319110966865076,0.03136547826046547,0.2574135221210849,0.0006063083793697816,0.0006063083793698143,0.0008608064419591915,0.9979265767993012,0.0006063083793697816,0.9979265767993012,0.0008608064419592034,0.0006063083793697751,0.0006063083793697868,1.3091174154070553e-15,0.00020779679795695458,0.0,0.0005089961251788511,0.0,0.0,1.0,-8.696846077163793e-17,-7.362100629982435e-17,-1.1102230246251565e-16,-8.473723958684096e-17,0.9970657703573421,-1.8039646763223523e-15,-4.970422605945864e-18,8.24220144615174e-17,-1.802239890016702e-15,-0.9970657703573421,3.835301699733643e-16,-1.6653345369377348e-16,-1.8804160944831742e-17,3.768760195112795e-16,0.997574766482521
step4,0.001,0.3,3,0.9982479014941299,0.9964999377865273,0.9844689047645161,0.0003710519897381613,0.03173651091928718,0.0005007001336653745,0.0005007001336654429,0.000750698238539113,0.9982479014941299,0.0005007001336653745,0.9982479014941299,0.0007506982385391328,0.0005007001336654326,0.0005007001336654573,1.9400181546435617e-15,0.0002041225978677951,0.0,0.0004999962097473887,0.0,0.0,1.0,-1.1559783962188037e-16,-1.2347704712273055e-16,-1.1102230246251565e-16,-1.2931598774747694e-16,0.9974972032555909,-2.680251721019164e-15,7.350974571835755e-18,1.7432300591248196e-16,-2.6639659619990892e-15,-0.9974972032555909,5.55920418031955e-16,-1.6653345369377348e-16,4.421828128171048e-17,6.121306020352044e-16,0.9979971994653383
step4,0.001,0.3,4,0.9982485560761828,0.9965012438726166,0.9851022637203607,7.574658545418702e-07,0.00037180829153127227,0.0005005021509017761,0.0005005021509018627,0.0007504396220134662,0.9982485560761829,0.0005005021509017761,0.9982485560761828,0.0007504396220134512,0.0005005021509018013,0.0005005021509018819,2.587465588771467e-15,0.00020407309060838143,2.220446049250313e-16,0.0004998749422233661,0.0,0.0,1.0,-1.3718817321081357e-16,-1.5296161040231337e-16,5.551115123125783e-17,-1.6577176190278011e-16,0.9974981164541694,-3.557460697906557e-15,-3.587312360807025e-17,2.0369325021088714e-16,-3.580677854136756e-15,-0.9974981164541696,7.390571405619624e-16,1.1102230246251565e-16,8.914929071555349e-17,7.930540613126388e-16,0.9979979913963928
step4,0.001,0.3,5,0.9982485573556945,0.9965012464256007,0.9851035542193317,1.4855953041586398e-09,7.589503026040082e-07,0.0005005017878097778,0.0005005017878098374,0.000750439068685645,0.9982485573556947,0.0005005017878097778,0.9982485573556945,0.0007504390686857201,0.0005005017878097817,0.0005005017878098379,3.2381627757830277e-15,0.0002040729352815496,2.220446049250313e-16,0.000499874561751934,0.0,0.0,1.0,-2.407494311076912e-16,-2.1397469307835726e-16,0.0,-1.6268813925211776e-16,0.9974981182870089,-4.480208465355625e-15,-1.0960678215049176e-16,2.0651972358374264e-16,-4.4421919960384685e-15,-0.9974981182870091,9.508493713215075e-16,0.0,7.938136581034813e-17,1.0189113997822042e-15,0.9979979928487608
step4,0.001,0.3,6,0.9982485573582188,0.9965012464306373,0.9851035567418481,2.9397771795842105e-12,1.488534129620942e-09,0.0005005017871241477,0.0005005017871241924,0.000750439067532557,0.9982485573582192,0.0005005017871241477,0.9982485573582188,0.0007504390675325487,0.0005005017871241837,0.0005005017871241536,3.897260212726219e-15,0.00020407293489982132,0.0,0.0004998745608167932,0.0,1.1102230246251565e-16,0.9999999999999999,-2.479369174285951e-16,-2.196490150192147e-16,0.0,-2.9933330797168653e-16,0.9974981182906865,-5.370106403473134e-15,-8.640262570593286e-17,2.3730586699913856e-16,-5.3865821436488356e-15,-0.9974981182906865,1.1469729083599172e-15,1.1102230246251565e-16,7.809775738700737e-17,1.1451558845732332e-15,0.9979979928515033
step4,0.001,0.3,7,0.998248557358224,0.9965012464306477,0.9851035567468247,6.079974128403109e-15,2.945827151064526e-12,0.0005005017871227933,0.0005005017871228908,0.0007504390675300482,0.9982485573582243,0.0005005017871227933,0.998248557358224,0.0007504390675300713,0.000500501787122784,0.0005005017871228778,4.4741609477191845e-15,0.00020407293489887394,2.220446049250313e-16,0.0004998745608145727,0.0,0.0,1.0,-2.856106195540718e-16,-2.4030101897887605e-16,0.0,-2.9778989412860316e-16,0.997498118290694,-6.15702653312952e-15,-3.410711384834374e-17,2.119507602303102e-16,-6.183821332707887e-15,-0.9974981182906942,1.3818103343601965e-15,0.0,5.600592129489712e-17,1.3180034911145893e-15,0.9979979928515086
step4,0.001,0.5,0,0.6249999999999998,0.4375,nan,nan,nan,0.12499999999999997,0.125,0.125,0.625,0.12499999999999997,0.6249999999999999,0.12499999999999997,0.12499999999999997,0.12499999999999997,4.844614790834e-18,2.254873622441467e-16,0.0,0.0,0.0,0.0,1.0,0.0,0.0,0.0,0.0,0.5,0.0,0.0,0.0,0.0,-0.5,0.0,0.0,0.0,0.0,0.5
step4,0.001,0.5,1,0.890945497771984,0.7977482053001372,0.4327735538951012,0.3070874590864189,nan,0.03628022517995049,0.03628022517995063,0.0364940518681148,0.8909454977719844,0.03628022517995049,0.8909454977719841,0.03649405186811478,0.0362802251799506,0.0362802251799505,6.078366264271496e-16,0.00017458875979718214,2.220446049250313e-16,0.00042765337632832967,0.0,0.0,1.0,-8.006318341020096e-17,-2.162332367342903e-17,-1.1102230246251565e-16,-8.874154762534502e-17,0.8544514459038696,-8.152416818605425e-16,4.3135589285554417e-17,2.8915785181292196e-17,-8.21618077479868e-16,-0.8544514459038693,1.9087972300669893e-16,-1.1102230246251565e-16,-1.6090811327759617e-18,2.0658255545469672e-16,0.8548790992801979
step4,0.001,0.5,2,0.993198830414149,0.9864593830408459,0.7887224780366194,0.1180719863559981,0.42515944376986,0.002177922827430471,0.002177922827430598,0.002445323930989691,0.9931988304141494,0.002177922827430471,0.9931988304141491,0.002445323930989628,0.002177922827430605,0.0021779228274305317,1.3527899823903553e-15,0.0002183320867922871,2.220446049250313e-16,0.0005348022071179903,0.0,0.0,1.0,-1.6843616248965067e-16,-1.2518605103802345e-17,-1.1102230246251565e-16,-1.318531562148304e-16,0.9907535064831597,-1.9391520893630307e-15,-7.80007980219978e-18,2.7081872334581263e-17,-1.756067705255254e-15,-0.9907535064831595,4.624947466059762e-16,-5.551115123125783e-17,-5.1674919650971684e-17,4.451177017768895e-16,0.9912883086902777
step4,0.001,0.5,3,0.9982301553403958,0.996464529104312,0.9751815351589742,0.005809689283226071,0.12388165554604694,0.0005063253615684196,0.0005063253615684845,0.0007571939364671158,0.998230155340396,0.0005063253615684196,0.9982301553403957,0.0007571939364670952,0.0005063253615684267,0.0005063253615684895,2.0101646436229718e-15,0.00020483333366689676,2.220446049250313e-16,0.0005017371497972878,0.0,0.0,1.0,-2.0291244422720334e-16,-2.8615384135248706e-17,-1.1102230246251565e-16,-1.7540934604731283e-16,0.9974729614039288,-2.75179896787241e-15,5.166511562226688e-17,4.3807395213077387e-17,-2.757132073592e-15,-0.997472961403929,7.185676013153429e-16,-5.551115123125783e-17,-2.1230684774370955e-17,6.172394392080771e-16,0.9979746985537261
step4,0.001,0.5,4,0.9982485215349359,0.9965011749528281,0.9850672776131315,2.122095621906841e-05,0.0058308984822093325,0.000500512286205132,0.000500512286205199,0.0007504538926535814,0.998248521534936,0.000500512286205132,0.9982485215349359,0.0007504538926535428,0.0005005122862051371,0.0005005122862051795,2.669860225041575e-15,0.00020407646709671477,0.0,0.0004998832128967345,0.0,0.0,1.0,-2.6791157078319616e-16,4.7109124331897035e-17,0.0,-2.1327958543955217e-16,0.9974980676422825,-3.7002586906936124e-15,8.900825047357905e-17,1.0090396818196019e-16,-3.612602464766416e-15,-0.9974980676422825,8.993804711478137e-16,0.0,-2.0372653199773378e-17,9.050753757491774e-16,0.9979979508551793
step4,0.001,0.5,5,0.998248557287872,0.9965012462902761,0.9851034861220471,4.1433946845033574e-08,2.1262339622941634e-05,0.0005005018066548733,0.0005005018066549289,0.0007504390988180489,0.9982485572878723,0.0005005018066548733,0.998248557287872,0.0007504390988180661,0.0005005018066549253,0.0005005018066549327,3.2909783920383373e-15,0.00020407294449750494,0.0,0.0004998745843263208,0.0,0.0,1.0,-2.669824137168822e-16,-1.6166563875491748e-17,-5.551115123125783e-17,-2.609259352266631e-16,0.9974981181890541,-4.576475186690231e-15,1.105440244235022e-16,-1.7617505600981684e-17,-4.468001089195711e-15,-0.9974981181890541,1.0674588440197035e-15,1.1102230246251565e-16,-5.2389058876356223e-17,1.056442000818524e-15,0.9979979927733804
step4,0.001,0.5,6,0.9982485573580848,0.99650124643037,0.9851035566081385,8.163843421256292e-11,4.151554238344956e-08,0.0005005017871600174,0.0005005017871600683,0.0007504390675948753,0.9982485573580849,0.0005005017871600174,0.9982485573580848,0.0007504390675948059,0.0005005017871600419,0.0005005017871600596,3.958979450971139e-15,0.00020407293492133265,0.0,0.0004998745608695288,0.0,1.1102230246251565e-16,0.9999999999999999,-2.893033649308221e-16,2.2763956196192958e-17,-1.1102230246251565e-16,-3.184702707690364e-16,0.9974981182904902,-5.493327473071976e-15,1.0557676732183063e-16,-1.2100912072203958e-17,-5.399553547974044e-15,-0.9974981182904902,1.2246333628457961e-15,-1.1102230246251565e-16,-1.1648165793343432e-16,1.2768618754910285e-15,0.9979979928513597
step4,0.001,0.5,7,0.9982485573582238,0.9965012464306473,0.9851035567465601,1.6208071151903655e-13,8.180047518106144e-11,0.0005005017871229008,0.0005005017871229304,0.0007504390675300726,0.998248557358224,0.0005005017871229008,0.9982485573582238,0.000750439067530099,0.0005005017871229073,0.0005005017871229066,4.581367188440885e-15,0.00020407293489883458,0.0,0.0004998745608143507,0.0,1.1102230246251565e-16,0.9999999999999999,-3.430733043644213e-16,4.4150143467196335e-17,-1.1102230246251565e-16,-3.8807447055516204e-16,0.9974981182906939,-6.272172043364176e-15,8.865755710856063e-17,2.3572138671275247e-17,-6.324972825545772e-15,-0.9974981182906939,1.4751919135516106e-15,-1.1102230246251565e-16,-1.0537666949673387e-16,1.4466129205729528e-15,0.9979979928515083
step4,0.003,0.05,0,0.9624999999999998,0.926875,nan,nan,nan,0.0124999999999999,0.012500000000000011,0.012500000000000067,0.9624999999999999,0.0124999999999999,0.9624999999999998,0.01250000000000003,0.01250000000000001,0.01250000000000001,8.494454310017238e-17,1.9229626863835638e-16,0.0,0.0,0.0,0.0,1.0,0.0,0.0,0.0,0.0,0.95,0.0,0.0,0.0,0.0,-0.95,0.0,0.0,0.0,0.0,0.95
step4,0.003,0.05,1,0.9941679123249644,0.9883815466889478,0.8955060143592185,0.036572028539788345,nan,0.001695351560074384,0.001695351560074539,0.002441384554886449,0.9941679123249645,0.001695351560074384,0.9941679123249645,0.0024413845548865117,0.0016953515600745491,0.0016953515600744002,6.631628118906426e-16,0.0006091333895233264,2.220446049250313e-16,0.0014920659896240362,0.0,0.0,1.0,-5.583575876805808e-17,2.301993263818759e-17,5.551115123125783e-17,-3.506427697298015e-17,0.9917265277700782,-8.853500791600615e-16,-5.904822192840051e-18,2.0513794691675398e-17,-9.28850473915628e-16,-0.991726527770078,2.318368250135515e-16,0.0,-1.3293743436200632e-17,2.2110282999797222e-16,0.9932185937597022
step4,0.003,0.05,2,0.9947335069237644,0.9895043698154533,0.954834497361519,0.000653099258782175,0.03722508106506369,0.001505596991337333,0.0015055969913374285,0.0022552990935604746,0.9947335069237645,0.001505596991337333,0.9947335069237644,0.0022552990935605683,0.0015055969913374287,0.0015055969913373422,1.3428002233902282e-15,0.000612129203179554,2.220446049250313e-16,0.0014994042044462752,0.0,0.0,1.0,-6.025188202221664e-17,4.873776550965972e-17,5.551115123125783e-17,-7.815914219569622e-17,0.9924782078302041,-1.8513931978993333e-15,-1.0288520022977674e-17,-2.3433760701249896e-17,-1.834024177387724e-15,-0.9924782078302039,4.1336704580607847e-16,2.220446049250313e-16,7.151963733823859e-19,4.400129807282176e-16,0.9939776120346504
step4,0.003,0.05,3,0.994736902626222,0.9895111132789397,0.9559175591876423,3.927110368970896e-06,0.000657019276690007,0.0015045543488277364,0.0015045543488278587,0.002253988676121898,0.9947369026262223,0.0015045543488277364,0.994736902626222,0.0022539886761218948,0.0015045543488278767,0.001504554348827759,1.995529770643158e-15,0.0006119105658655052,2.220446049250313e-16,0.001498868654588148,0.0,2.220446049250313e-16,0.9999999999999998,-1.0683891551836543e-16,3.867799501623272e-17,5.551115123125783e-17,-1.023297304329282e-16,0.9924829139501005,-2.719505998318691e-15,3.605429435417023e-17,-5.3071240022536786e-17,-2.7708585786910018e-15,-0.9924829139501002,5.8191129722013955e-16,1.6653345369377348e-16,5.532554489313954e-20,6.828679910313466e-16,0.9939817826046886
step4,0.003,0.05,4,0.9947369226363652,0.9895111530156067,0.9559240638522734,2.3217019426538507e-08,3.950306789073917e-06,0.0015045486057429019,0.0015045486057430166,0.0022539801521489168,0.9947369226363656,0.0015045486057429019,0.9947369226363652,0.0022539801521488253,0.0015045486057429674,0.001504548605742918,2.654074421809395e-15,0.0006119082952797463,0.0,0.0014988630928117752,0.0,0.0,1.0,-1.4737466251540896e-16,6.666869948532525e-17,1.1102230246251565e-16,-1.670475743320135e-16,0.9924829424842165,-3.687829958701155e-15,4.3092121818336344e-17,-6.438335571194525e-18,-3.5974141854253564e-15,-0.9924829424842165,8.802255327346693e-16,2.220446049250313e-16,1.9035713585433648e-17,8.578651995177298e-16,0.9939818055770283
step4,0.003,0.05,5,0.9947369227554593,0.9895111532521024,0.9559241021817894,1.3860567320367242e-10,2.3355573394160817e-08,0.0015045485731193544,0.0015045485731194185,0.002253980098301654,0.9947369227554594,0.0015045485731193544,0.9947369227554593,0.002253980098301714,0.0015045485731194194,0.0015045485731193956,3.2640901108534814e-15,0.0006119082779507836,0.0,0.0014988630503646183,0.0,0.0,1.0,-2.313893636905767e-16,5.809143757313604e-17,-5.551115123125783e-17,-1.9111102044166846e-16,0.9924829426571579,-4.555213312802649e-15,7.917199794013466e-18,-7.235795066561552e-17,-4.4385830748677134e-15,-0.9924829426571579,1.0206084539221463e-15,0.0,-4.405827399145867e-17,1.0038456616485291e-15,0.9939818057075225
step4,0.003,0.05,6,0.9947369227561726,0.9895111532535187,0.9559241024099103,8.319990456811618e-13,1.3943754905914883e-10,0.0015045485729298957,0.0015045485729299267,0.002253980097967358,0.9947369227561726,0.0015045485729298957,0.9947369227561726,0.002253980097967406,0.0015045485729299115,0.0015045485729299345,4.0082704933973445e-15,0.0006119082778325292,0.0,0.0014988630500749611,0.0,0.0,1.0,-3.057509541631089e-16,3.1614719314077133e-17,1.1102230246251565e-16,-2.790410835657202e-16,0.9924829426582054,-5.543068431961699e-15,1.2236177927802844e-17,-9.147743230007516e-18,-5.521346632179907e-15,-0.9924829426582054,1.1881729585687397e-15,1.6653345369377348e-16,-2.923163904008376e-17,1.1983517235531442e-15,0.9939818057082803
step4,0.003,0.1,0,0.9249999999999998,0.8574999999999999,nan,nan,nan,0.024999999999999935,0.024999999999999994,0.025000000000000026,0.925,0.024999999999999935,0.9249999999999998,0.024999999999999956,0.024999999999999988,0.024999999999999988,2.924295323337349e-18,1.7554167342883506e-16,0.0,1.1102230246251565e-16,0.0,0.0,1.0,0.0,0.0,0.0,0.0,0.9,0.0,0.0,0.0,0.0,-0.9,0.0,0.0,0.0,0.0,0.8999999999999999
step4,0.003,0.1,1,0.9924015169318742,0.9848803857411184,0.8285877149284329,0.07783094027277626,nan,0.0022847402985875266,0.002284740298587575,0.003029002470950534,0.9924015169318743,0.0022847402985875266,0.9924015169318742,0.0030290024709506095,0.002284740298587577,0.0022847402985875327,6.802355289158702e-16,0.0006076875190482347,0.0,0.0014885243447260166,0.0,0.0,1.0,-9.469893784690803e-17,6.80469552516065e-17,5.551115123125783e-17,-7.527667396322721e-17,0.9893725144609238,-9.027186237997014e-16,3.134124342272957e-18,-6.44492071602972e-17,-9.432052640568297e-16,-0.9893725144609238,1.9120512141425227e-16,1.1102230246251565e-16,1.478454587835647e-17,2.0027346620882705e-16,0.9908610388056498
step4,0.003,0.1,2,0.9947214644641575,0.989480455089048,0.9514573191753969,0.0026788496269869876,0.0805097450844573,0.0015093194098230102,0.0015093194098230514,0.0022598967161961045,0.9947214644641577,0.0015093194098230102,0.9947214644641574,0.002259896716196194,0.0015093194098230623,0.0015093194098230321,1.321673190964581e-15,0.0006128438043755961,0.0,0.0015011546127462472,0.0,0.0,1.0,-1.113980707518083e-16,1.752533531505787e-17,-1.6653345369377348e-16,-1.0066259889244655e-16,0.9924615677479615,-1.8362913338697523e-15,-3.354534212354599e-17,-3.5163154840322116e-17,-1.816861921673522e-15,-0.9924615677479615,3.320424462766855e-16,-5.551115123125783e-17,2.7527972469799103e-17,4.01494904975718e-16,0.9939627223607077
step4,0.003,0.1,3,0.9947368316722511,0.9895109723764032,0.9558944913271392,1.7768638669425593e-05,0.0026965925070403856,0.0015045748094051786,0.0015045748094053035,0.0022540187089382215,0.9947368316722511,0.0015045748094051786,0.994736831672251,0.0022540187089382818,0.0015045748094052837,0.0015045748094052575,1.9512511545451496e-15,0.0006119183815658551,0.0,0.0014988877990660399,0.0,0.0,1.0,-1.4160032249898717e-16,4.1317631284926404e-17,-5.551115123125783e-17,-1.0136851463176992e-16,0.992482812963313,-2.626359902183994e-15,-1.8269387715811178e-17,-2.9999940676362887e-17,-2.7633033981754585e-15,-0.992482812963313,5.524092452935992e-16,-1.6653345369377348e-16,4.7198905577520614e-18,5.750179166968932e-16,0.993981700762379
step4,0.003,0.1,4,0.9947369222143556,0.9895111521775843,0.9559239279393634,1.0502863098292295e-07,1.7873568539195804e-05,0.001504548721714194,0.001504548721714263,0.002253980342215812,0.9947369222143558,0.001504548721714194,0.9947369222143555,0.002253980342215847,0.0015045487217142121,0.0015045487217142661,2.5549696794052997e-15,0.0006119083557786947,0.0,0.0014988632410031233,0.0,0.0,1.0,-1.5653379813398237e-16,1.1142084568337067e-16,-5.551115123125783e-17,-1.3688098894818874e-16,0.9924829418721399,-3.560606676865316e-15,-2.901750467953801e-17,-3.9928859035085455e-17,-3.511318048216516e-15,-0.9924829418721399,7.074100077017255e-16,-1.1102230246251565e-16,4.020595172901426e-17,7.334671916042531e-16,0.993981805113143
step4,0.003,0.1,5,0.9947369227529321,0.9895111532470839,0.9559241013734432,6.266941834063866e-10,1.0565507682811456e-07,0.0015045485737917763,0.0015045485737918446,0.0022539800994839563,0.9947369227529324,0.0015045485737917763,0.9947369227529322,0.0022539800994839806,0.0015045485737918366,0.001504548573791789,3.209141430743453e-15,0.0006119082783671144,0.0,0.0014988630513842471,0.0,1.1102230246251565e-16,0.9999999999999999,-2.0089182270485417e-16,3.281567488405076e-17,-5.551115123125783e-17,-2.302438092418588e-16,0.9924829426534484,-4.416850643149e-15,-5.551583541587901e-18,-6.707879508605182e-17,-4.423044990717016e-15,-0.9924829426534484,1.0045525808279997e-15,-1.1102230246251565e-16,2.3457014749745364e-17,9.883028611441278e-16,0.9939818057048326
step4,0.003,0.1,6,0.9947369227561575,0.9895111532534889,0.9559241024050696,3.762150508063755e-12,6.304557251138407e-10,0.0015045485729338309,0.0015045485729339165,0.0022539800979744793,0.9947369227561578,0.0015045485729338309,0.9947369227561577,0.0022539800979745075,0.001504548572933902,0.0015045485729339291,3.809357637876279e-15,0.0006119082778351162,0.0,0.0014988630500811784,0.0,0.0,1.0,-2.71118034722105e-16,6.78243989340009e-17,-1.1102230246251565e-16,-2.141828857650429e-16,0.9924829426581833,-5.224314284750918e-15,-5.977939222492691e-18,-1.0195194744945419e-17,-5.2573571271226e-15,-0.9924829426581833,1.1894395808829366e-15,-1.1102230246251565e-16,-3.343171720280274e-17,1.2397968731028494e-15,0.9939818057082644
step4,0.003,0.1,7,0.9947369227561769,0.9895111532535273,0.9559241024112479,2.2602245077278707e-14,3.7847410004186815e-12,0.001504548572928799,0.0015045485729288466,0.0022539800979654184,0.9947369227561771,0.001504548572928799,0.994736922756177,0.002253980097965296,0.0015045485729288457,0.0015045485729288173,4.522732237451928e-15,0.0006119082778317659,0.0,0.0014988630500729627,0.0,0.0,1.0,-2.771517085021582e-16,6.912978538398775e-17,-1.6653345369377348e-16,-3.056044539828101e-16,0.9924829426582118,-6.19318825291616e-15,1.2405078016982102e-17,-5.56825225312799e-17,-6.243029927237375e-15,-0.9924829426582118,1.4702120128935855e-15,-1.6653345369377348e-16,1.0386910542247674e-17,1.4490938339796878e-15,0.9939818057082848
step4,0.003,0.2,0,0.8499999999999999,0.7300000000000001,nan,nan,nan,0.04999999999999999,0.04999999999999999,0.05000000000000002,0.8500000000000001,0.04999999999999999,0.8499999999999999,0.04999999999999998,0.049999999999999975,0.049999999999999975,2.4659545749914493e-17,1.9229626863835638e-16,0.0,0.0,0.0,0.0,1.0,0.0,0.0,0.0,0.0,0.8,0.0,0.0,0.0,0.0,-0.8,0.0,0.0,0.0,0.0,0.8
step4,0.003,0.2,1,0.9841477438224732,0.9686309074647799,0.7056027321907727,0.15490163765700626,nan,0.00503875615480715,0.005038756154807299,0.005774743867912252,0.9841477438224733,0.00503875615480715,0.9841477438224732,0.005774743867912301,0.0050387561548073095,0.0050387561548071585,6.326777683389033e-16,0.0006009314513550762,2.220446049250313e-16,0.001471975426210026,0.0,0.0,1.0,-6.641043177415355e-17,-4.687909516692818e-17,0.0,-6.962795542779277e-17,0.9783729999545612,-8.5765964948183995e-16,-6.156506271788997e-17,4.147404301568524e-17,-8.657936099598432e-16,-0.978372999954561,2.4710928357629644e-16,1.1102230246251565e-16,4.1318526482432787e-17,1.828216329951937e-16,0.9798449753807712
step4,0.003,0.2,2,0.9946359196028922,0.9893105833630838,0.9357832658004048,0.012110711821493437,0.16701231091885393,0.0015364718712573742,0.0015364718712575429,0.0022911366545926007,0.9946359196028924,0.0015364718712573742,0.9946359196028923,0.002291136654592634,0.0015364718712573805,0.0015364718712575437,1.296331455244526e-15,0.000616181215339727,2.220446049250313e-16,0.001509329566670492,0.0,0.0,1.0,-7.631595064100589e-17,-6.534774195270529e-17,0.0,-1.5581991937775534e-16,0.9923447829482996,-1.782722752489199e-15,-5.106640443438727e-17,6.779493287704575e-17,-1.7710273340712036e-15,-0.9923447829482999,4.3240318276055864e-16,-5.551115123125783e-17,6.1155381023327e-17,3.8592398576400734e-16,0.9938541125149701
step4,0.003,0.2,3,0.9947363268823433,0.9895099699413759,0.9557306350817643,0.00011601689903885647,0.012226647540267092,0.001504723170837714,0.0015047231708378381,0.002254226775980911,0.9947363268823435,0.001504723170837714,0.9947363268823435,0.002254226775980894,0.001504723170837715,0.0015047231708377679,1.933876342290799e-15,0.0006119671309924294,0.0,0.001499007210286285,0.0,0.0,1.0,-1.4246819518851577e-16,-6.923430435305355e-17,-1.6653345369377348e-16,-1.6449714606460769e-16,0.9924821001063626,-2.6142287469972938e-15,-8.801831619073227e-17,7.638165715703761e-17,-2.6971018216456337e-15,-0.9924821001063626,6.112987545016574e-16,-5.551115123125783e-17,4.972750466246243e-17,6.206924149521361e-16,0.9939811073166489
step4,0.003,0.2,4,0.9947369192203281,0.9895111462320434,0.9559229610024653,6.864593095280234e-07,0.00011670254574179317,0.0015045495552595493,0.0015045495552596581,0.002253981669152321,0.9947369192203284,0.0015045495552595493,0.9947369192203281,0.002253981669152339,0.0015045495552595933,0.0015045495552595608,2.6162553427897743e-15,0.0006119087586308956,0.0,0.0014988642277855568,0.0,1.1102230246251565e-16,0.9999999999999999,-1.307134859683816e-16,-6.224438130890804e-17,0.0,-1.4729979091461577e-16,0.992482937551176,-3.529326976998014e-15,-4.644139639017403e-17,6.934137308154615e-17,-3.684367727266895e-15,-0.992482937551176,8.266549985011647e-16,0.0,8.516058967190902e-17,7.788223345107048e-16,0.9939818017789616
step4,0.003,0.2,5,0.9947369227350356,0.9895111532115455,0.9559240956384452,4.086418588503651e-09,6.90543653514749e-07,0.0015045485785952141,0.0015045485785953137,0.0022539801077740415,0.9947369227350359,0.0015045485785952141,0.9947369227350356,0.002253980107773987,0.0015045485785952066,0.0015045485785953015,3.255293323139482e-15,0.0006119082812138384,2.220446049250313e-16,0.001498863058357447,0.0,2.220446049250313e-16,1.0000000000000002,-1.9663972813849914e-16,-9.869765944303529e-17,5.551115123125783e-17,-1.7679585094498145e-16,0.9924829426272617,-4.502922304928292e-15,-4.0046782620330493e-17,5.3713314063859685e-17,-4.478346667791921e-15,-0.9924829426272619,1.0012104521850917e-15,0.0,8.223162965416529e-17,9.808952340435496e-16,0.9939818056856191
step4,0.003,0.2,6,0.9947369227560496,0.9895111532532747,0.95592410237079,2.449668282055325e-11,4.110910156831182e-09,0.0015045485729620921,0.0015045485729621914,0.002253980098025784,0.9947369227560499,0.0015045485729620921,0.9947369227560497,0.002253980098025741,0.001504548572962136,0.0015045485729620997,3.8433833988116015e-15,0.0006119082778539238,0.0,0.0014988630501272526,0.0,1.1102230246251565e-16,0.9999999999999999,-2.1611540636985961e-16,-8.55149961133452e-17,1.1102230246251565e-16,-2.018229578965589e-16,0.9924829426580242,-5.2231122613508345e-15,-1.04645189495627e-16,6.75676057230329e-17,-5.362577655267406e-15,-0.9924829426580242,1.2478666887577582e-15,1.1102230246251565e-16,1.0599986468654372e-16,1.1460248726058572e-15,0.9939818057081514
step4,0.003,0.2,7,0.9947369227561761,0.9895111532535257,0.9559241024110414,1.4758095141920235e-13,2.4644250624383565e-11,0.0015045485729289483,0.0015045485729290498,0.002253980097965659,0.9947369227561762,0.0015045485729289483,0.9947369227561761,0.0022539800979655754,0.0015045485729289637,0.001504548572929054,4.520761618324949e-15,0.0006119082778318253,2.220446049250313e-16,0.0014988630500732958,0.0,1.1102230246251565e-16,0.9999999999999999,-2.5544720543360267e-16,-7.15978360329406e-17,1.1102230246251565e-16,-2.363050617580781e-16,0.9924829426582106,-6.228653949856171e-15,-1.1654765616756588e-16,7.596118385946731e-17,-6.239514739318328e-15,-0.9924829426582108,1.4125788484151094e-15,0.0,1.0535249100903733e-16,1.364925996687096e-15,0.9939818057082839
step4,0.003,0.3,0,0.7749999999999998,0.6174999999999999,nan,nan,nan,0.07500000000000001,0.07500000000000001,0.07500000000000001,0.7749999999999999,0.07500000000000001,0.7749999999999998,0.075,0.075,0.075,8.879893162462571e-18,1.9229626863835638e-16,0.0,0.0,0.0,0.0,1.0,0.0,0.0,0.0,0.0,0.7,0.0,0.0,0.0,0.0,-0.7,0.0,0.0,0.0,0.0,0.7
step4,0.003,0.3,1,0.9669533328100318,0.9353631196377914,0.5970865709516608,0.22164939364624162,nan,0.010775972327212327,0.010775972327212363,0.011494722535543081,0.9669533328100319,0.010775972327212327,0.9669533328100318,0.011494722535543168,0.010775972327212332,0.010775972327212367,6.188579785453716e-16,0.0005868570876431659,0.0,0.0014375004166615746,0.0,2.220446049250313e-16,0.9999999999999998,-6.499873934019079e-17,5.793756142903399e-17,-1.6653345369377348e-16,-6.582586576469544e-17,0.9554586102744889,-8.49160083483658e-16,1.8149076677922217e-17,2.0033959145776845e-17,-8.526190743148783e-16,-0.9554586102744889,1.1513305836545597e-16,-1.6653345369377348e-16,5.1746980475377705e-17,1.8428446938956002e-16,0.9568961106911504
step4,0.003,0.3,2,0.9942942378557862,0.9886322716158817,0.9036935535523869,0.03157057859960379,0.25321994119298896,0.0016475340513069478,0.0016475340513069905,0.002410694041599511,0.9942942378557864,0.0016475340513069478,0.9942942378557862,0.002410694041599574,0.0016475340513069975,0.0016475340513069558,1.2924934982880878e-15,0.0006231175227747437,0.0,0.0015263199805851668,0.0,2.220446049250313e-16,0.9999999999999998,-7.105694886131525e-17,-2.1916589987199787e-17,-5.551115123125783e-17,-1.320134112860202e-16,0.9918835438141868,-1.7878321466016268e-15,-1.4300356192450492e-17,-3.781941952688131e-17,-1.7908567814501092e-15,-0.9918835438141868,3.500993755478459e-16,-5.551115123125783e-17,4.421645281555319e-17,3.3317119936690568e-16,0.9934098637947719
step4,0.003,0.3,3,0.9947342680819234,0.9895058814538154,0.9550763436423884,0.0005082217491841557,0.032078670877088086,0.0015053396162929041,0.001505339616293007,0.002255052685490639,0.9947342680819238,0.0015053396162929041,0.9947342680819234,0.0022550526854906105,0.0015053396162930024,0.001505339616292908,1.8532540868759605e-15,0.0006121381576767443,2.220446049250313e-16,0.0014994261383952656,0.0,0.0,1.0,-1.2418126680109201e-16,-1.8552941223026912e-17,-5.551115123125783e-17,-1.2910465867904291e-16,0.9924792153964331,-2.521743386960784e-15,-7.37298994396892e-17,-2.0338596619532974e-17,-2.6065218641478047e-15,-0.9924792153964329,5.563886727101687e-16,-1.1102230246251565e-16,1.4646851738127038e-17,4.739971621946842e-16,0.9939786415348284
step4,0.003,0.3,4,0.9947369070412786,0.9895111220467503,0.9559190172960177,3.055715778493652e-06,0.0005112731942018276,0.001504552989707284,0.001504552989707309,0.00225398697930673,0.9947369070412788,0.001504552989707284,0.9947369070412786,0.002253986979306732,0.0015045529897072776,0.001504552989707284,2.4925427450804705e-15,0.0006119102901389543,0.0,0.001498867979198959,0.0,0.0,1.0,-1.4370728751697187e-16,2.4795512398735945e-17,-5.551115123125783e-17,-1.5981401927457763e-16,0.992482920061972,-3.4447106510005756e-15,-2.6973758684470198e-17,4.1940181760163954e-17,-3.453318436557388e-15,-0.992482920061972,6.990583536837081e-16,-1.6653345369377348e-16,2.6841300043327134e-17,7.122748518134687e-16,0.993981788041171
step4,0.003,0.3,5,0.9947369226623664,0.9895111530672406,0.955924072309599,1.8147973919794543e-08,3.073852279090014e-06,0.0015045485982667912,0.0015045485982668238,0.002253980141099828,0.9947369226623667,0.0015045485982667912,0.9947369226623665,0.0022539801410997773,0.001504548598266813,0.0015045485982668166,3.0997474684991286e-15,0.0006119082923624898,0.0,0.0014988630856659357,0.0,0.0,1.0,-2.023841564700182e-16,1.568900511288466e-17,-1.1102230246251565e-16,-2.1699006265647602e-16,0.9924829425212668,-4.295225243955786e-15,-3.078846668459875e-17,5.73165486993742e-17,-4.2767067876900565e-15,-0.9924829425212668,8.267760105430303e-16,-1.6653345369377348e-16,-1.987994624988623e-17,9.39972261729958e-16,0.9939818056069327
step4,0.003,0.3,6,0.994736922755614,0.9895111532524092,0.955924102231595,1.0863612544857511e-10,1.8256581598741142e-08,0.0015045485730769024,0.0015045485730769796,0.002253980098231978,0.994736922755614,0.0015045485730769024,0.9947369227556139,0.002253980098231946,0.001504548573076953,0.0015045485730769668,3.782144057006621e-15,0.0006119082779285367,0.0,0.0014988630503099953,0.0,0.0,1.0,-2.457754164591605e-16,-4.229800203226256e-17,-1.6653345369377348e-16,-2.9564668163686743e-16,0.9924829426573821,-5.302203690107058e-15,1.1445459265181192e-18,4.5277837491932727e-17,-5.151007148896038e-15,-0.9924829426573821,1.1186081950875906e-15,-5.551115123125783e-17,2.638063342649133e-17,1.071979872260162e-15,0.9939818057076921
step4,0.003,0.3,7,0.9947369227561738,0.989511153253521,0.9559241024102063,6.535758635132754e-13,1.0928963305188148e-10,0.0015045485729295557,0.001504548572929687,0.0022539800979668964,0.994736922756174,0.0015045485729295557,0.9947369227561739,0.0022539800979668027,0.0015045485729295587,0.0015045485729296875,4.4708197029950315e-15,0.0006119082778323208,2.220446049250313e-16,0.001498863050074406,0.0,0.0,1.0,-3.3424506854668827e-16,-2.3416892405387535e-17,-5.551115123125783e-17,-3.5631507332382474e-16,0.992482942658207,-6.1524086497557596e-15,1.503034120905926e-17,1.1170022954744448e-16,-6.196040999619728e-15,-0.9924829426582072,1.3450497804051446e-15,0.0,1.779856941151043e-18,1.2758081339752914e-15,0.9939818057082814
step4,0.003,0.5,0,0.6249999999999998,0.4375,nan,nan,nan,0.12499999999999997,0.125,0.125,0.625,0.12499999999999997,0.6249999999999999,0.12499999999999997,0.12499999999999997,0.12499999999999997,4.844614790834e-18,2.254873622441467e-16,0.0,0.0,0.0,0.0,1.0,0.0,0.0,0.0,0.0,0.5,0.0,0.0,0.0,0.0,-0.5,0.0,0.0,0.0,0.0,0.5
step4,0.003,0.5,1,0.8871319281712531,0.7912497305099028,0.42346071296908216,0.3026843278708852,nan,0.037409781026233414,0.03740978102623345,0.03804850977627994,0.8871319281712532,0.037409781026233414,0.8871319281712531,0.03804850977627987,0.03740978102623343,0.03740978102623345,5.510398169698302e-16,0.0005215198405531809,0.0,0.0012774575000928934,0.0,0.0,1.0,-4.1329245017308174e-17,-2.6216620479702288e-17,0.0,-8.676236524953293e-17,0.8490834183949734,-7.13585169844847e-16,4.5364820547062854e-17,3.329253550272771e-17,-7.733290229600151e-16,-0.8490834183949734,1.722903898973018e-16,0.0,5.876418189686036e-17,1.4629640393427873e-16,0.8503608758950663
step4,0.003,0.5,2,0.9891355532803151,0.9784289164124755,0.7646834933629039,0.11778371579371713,0.4204680286682451,0.0033543217143836403,0.00335432171438376,0.004155803290917261,0.9891355532803154,0.0033543217143836403,0.9891355532803151,0.0041558032909172395,0.0033543217143837414,0.003354321714383625,1.3107117406728447e-15,0.0006544069669162417,2.220446049250313e-16,0.0016029631530669608,0.0,0.0,1.0,-1.451175169882165e-16,-6.085720463022229e-17,5.551115123125783e-17,-9.748993298240422e-17,0.9849797499893982,-1.796513940488166e-15,-4.680256838705483e-17,5.195738548632428e-17,-1.8215386307431072e-15,-0.984979749989398,4.0462991884852404e-16,-5.551115123125783e-17,6.323952840821275e-17,3.419187085742194e-16,0.9865827131424652
step4,0.003,0.5,3,0.994693375626438,0.9894246759455251,0.9452343086340972,0.006417744197617712,0.12420129612924,0.0015179842686044932,0.0015179842686046424,0.002270655836352504,0.994693375626438,0.0015179842686044932,0.994693375626438,0.0022706558363525422,0.0015179842686046513,0.0015179842686045125,1.956869251931192e-15,0.0006145537616277522,2.220446049250313e-16,0.0015053431354957736,0.0,0.0,1.0,-1.6624715705713754e-16,-8.02967584520632e-17,-5.551115123125783e-17,-1.7561736805716463e-16,0.9924227197900858,-2.6447617625009262e-15,-2.3042850412069745e-17,5.033780760461104e-17,-2.7509512838004392e-15,-0.9924227197900856,5.666968204958503e-16,5.551115123125783e-17,6.656725237699841e-17,6.00498933161366e-16,0.9939280629255816
step4,0.003,0.5,4,0.9947366657275878,0.9895106428387491,0.9558406874290744,5.005555699633616e-05,0.006467746998878406,0.0015046225910614562,0.001504622591061496,0.002254089090289344,0.994736665727588,0.0015046225910614562,0.9947366657275877,0.0022540890902891988,0.0015046225910614749,0.001504622591061495,2.5630312763653706e-15,0.0006119368341393073,0.0,0.0014989329984553823,0.0,0.0,1.0,-2.350898090473406e-16,-5.454902745233692e-17,1.1102230246251565e-16,-2.273028474047662e-16,0.9924825766372988,-3.5087225851632132e-15,-4.994105691607054e-17,1.0179323779562087e-16,-3.556284122535075e-15,-0.9924825766372988,8.012216520218761e-16,1.1102230246251565e-16,3.5874808656770324e-17,7.223664272945019e-16,0.9939815096357542
step4,0.003,0.5,5,0.9947369212271475,0.9895111502171976,0.955923610071264,2.963831502728363e-07,5.035166208452107e-05,0.0015045489927330866,0.0015045489927332288,0.002253980787385783,0.9947369212271477,0.0015045489927330866,0.9947369212271475,0.0022539807873858575,0.0015045489927330911,0.0015045489927331451,3.2945785649871966e-15,0.0006119084979724994,0.0,0.0014988635893055102,0.0,2.220446049250313e-16,0.9999999999999998,-2.527104705774274e-16,-1.0059835322783665e-16,1.6653345369377348e-16,-3.370980031495983e-16,0.9924829404397618,-4.546769691798452e-15,-1.493987790402655e-17,4.06132076545981e-17,-4.5375362719163355e-15,-0.9924829404397618,9.815871949585327e-16,2.220446049250313e-16,2.7446450250855776e-18,9.385942274533663e-16,0.9939818040290673
step4,0.003,0.5,6,0.9947369227470196,0.9895111532353431,0.9559240994824774,1.7685625369892165e-09,2.9815101460958296e-07,0.0015045485753641208,0.001504548575364146,0.002253980102252051,0.9947369227470199,0.0015045485753641208,0.9947369227470197,0.0022539801022520554,0.0015045485753641243,0.0015045485753641024,3.972236880408437e-15,0.0006119082793434279,0.0,0.0014988630537758896,0.0,0.0,1.0,-3.2851939560571114e-16,-5.649712574750227e-17,4.440892098500626e-16,-3.362040052677124e-16,0.9924829426447678,-5.478968451942759e-15,-3.9497506093507653e-17,8.742728671025115e-17,-5.473529671513616e-15,-0.9924829426447678,1.1227654993763336e-15,3.3306690738754696e-16,3.027134650089364e-17,1.106174038387879e-15,0.9939818056985437
step4,0.003,0.5,7,0.994736922756122,0.9895111532534182,0.9559241023937446,1.0617292819700456e-11,1.7791781190120735e-09,0.0015045485729431039,0.001504548572943145,0.0022539800979915654,0.994736922756122,0.0015045485729431039,0.994736922756122,0.002253980097991525,0.0015045485729431392,0.0015045485729431756,4.606186404567857e-15,0.0006119082778414395,0.0,0.0014988630500968325,0.0,0.0,1.0,-3.8219044025100906e-16,-8.209314309584759e-17,3.885780586188048e-16,-3.859928662522421e-16,0.9924829426581306,-6.365765141473628e-15,-2.3690587609835238e-17,5.649255170382506e-17,-6.335294750083931e-15,-0.9924829426581306,1.288842877517862e-15,5.551115123125783e-16,-1.1276276530890603e-17,1.3409242911762012e-15,0.9939818057082275
step4,0.003,0.5,8,0.9947369227561766,0.9895111532535268,0.9559241024111798,6.387394775350393e-14,1.0681159645664537e-11,0.0015045485729288585,0.0015045485729289372,0.0022539800979654305,0.9947369227561769,0.0015045485729288585,0.9947369227561766,0.0022539800979653533,0.001504548572928903,0.0015045485729288577,5.2694388439575575e-15,0.0006119082778317262,0.0,0.0014988630500730737,0.0,0.0,1.0,-4.448616327762879e-16,-9.20280042397211e-17,4.996003610813204e-16,-4.0196999335224687e-16,0.9924829426582115,-7.312938829572872e-15,4.378563876649421e-18,8.382405323119272e-17,-7.215954455625901e-15,-0.9924829426582115,1.5073447913826175e-15,4.996003610813204e-16,-1.5558573236177827e-17,1.5386468255095056e-15,0.9939818057082845
step4,0.01,0.05,0,0.9624999999999998,0.926875,nan,nan,nan,0.0124999999999999,0.012500000000000011,0.012500000000000067,0.9624999999999999,0.0124999999999999,0.9624999999999998,0.01250000000000003,0.01250000000000001,0.01250000000000001,8.494454310017238e-17,1.9229626863835638e-16,0.0,0.0,0.0,0.0,1.0,0.0,0.0,0.0,0.0,0.95,0.0,0.0,0.0,0.0,-0.95,0.0,0.0,0.0,0.0,0.95
step4,0.01,0.05,1,0.9818082644541717,0.964061815171106,0.826067278795056,0.02238554685906976,nan,0.005243958611125598,0.00524395861112581,0.007703818323576707,0.9818082644541717,0.005243958611125598,0.9818082644541717,0.007703818323576655,0.005243958611125602,0.005243958611125813,6.51649275587287e-16,0.002008467044778089,4.440892098500626e-16,0.004919719424902214,0.0,1.1102230246251565e-16,0.9999999999999999,-5.3618346934591044e-17,-1.8102712146684342e-17,-1.1102230246251565e-16,-6.877370560777107e-17,0.9741044461305949,-9.192528842003017e-16,-1.8843052551036414e-17,5.510633580005609e-17,-8.579429356953763e-16,-0.9741044461305953,2.2056687821012613e-16,-1.1102230246251565e-16,5.533685087689137e-18,1.5052127121965764e-16,0.9790241655554971
step4,0.01,0.05,2,0.9823401659412387,0.9651003047782651,0.8590291091900284,0.0006148179206025677,0.02299977151866865,0.00505528939933352,0.005055289399333583,0.0075492552600937585,0.9823401659412392,0.00505528939933352,0.9823401659412389,0.007549255260093802,0.005055289399333535,0.005055289399333555,1.3383816968760305e-15,0.00203631459826123,0.0,0.0049879317215204555,0.0,2.220446049250313e-16,0.9999999999999998,-8.772320649895992e-17,-4.1329366280160804e-17,-1.1102230246251565e-16,-8.635931001247187e-17,0.9747909106811452,-1.803782428846503e-15,4.086254629785924e-17,2.1544817438830637e-17,-1.8964688892737313e-15,-0.9747909106811452,3.94487520963947e-16,-1.6653345369377348e-16,4.372498370169388e-17,2.876568453062838e-16,0.9797788424026657
step4,0.01,0.05,3,0.9823507356252738,0.9651209451447307,0.8599496106672484,1.2209616559834705e-05,0.0006269953528091,0.005051905878798873,0.005051905878798918,0.007545452617128332,0.9823507356252739,0.005051905878798873,0.9823507356252738,0.007545452617128318,0.005051905878798897,0.005051905878798858,2.011579143624385e-15,0.0020359723862294794,0.0,0.0049870934766588215,0.0,0.0,1.0,-8.651899564219329e-17,6.676839910178492e-18,-1.6653345369377348e-16,-1.0709920987235818e-16,0.9748052830081456,-2.7886272548446617e-15,-3.354577415549549e-17,-4.292361280078833e-17,-2.7789512841687312e-15,-0.9748052830081456,5.269045130134265e-16,-2.7755575615628914e-16,-1.5612546481962386e-17,5.287612086200692e-16,0.9797923764848044
step4,0.01,0.05,4,0.9823509471635645,0.9651213581873062,0.8599679059758302,2.4501484358406324e-07,1.2454327505286831e-05,0.00505184319414211,0.00505184319414224,0.007545366448150648,0.9823509471635649,0.00505184319414211,0.9823509471635646,0.007545366448150689,0.005051843194142233,0.005051843194142193,2.700046357837913e-15,0.0020359532113616912,0.0,0.004987046508016846,0.0,1.1102230246251565e-16,0.9999999999999999,-1.217409451973212e-16,-6.201910460670692e-18,-2.7755575615628914e-16,-9.94235996232397e-17,0.9748055807154141,-3.786256514449174e-15,-7.327503462876631e-17,1.3038669230060026e-17,-3.680011297445844e-15,-0.9748055807154141,7.640888905620557e-16,-3.3306690738754696e-16,2.074841941544848e-18,7.028188914150901e-16,0.979792627223431
step4,0.01,0.05,5,0.9823509514466118,0.9651213665495777,0.8599682720905205,4.976272882661756e-09,2.4998851228681704e-07,0.005051841991540373,0.005051841991540442,0.007545364570307252,0.9823509514466121,0.005051841991540373,0.9823509514466118,0.007545364570307204,0.005051841991540432,0.005051841991540378,3.3173836328215105e-15,0.0020359526600291877,0.0,0.004987045157533565,0.0,0.0,1.0,-1.51472249380779e-16,-2.445154088014646e-17,-3.885780586188048e-16,-2.3157865651663755e-16,0.9748055868763048,-4.5234702374817194e-15,-2.255597573026815e-17,-1.0071243669374823e-17,-4.612774478648554e-15,-0.9748055868763048,9.403618290085013e-16,-3.885780586188048e-16,2.4836291712725065e-17,9.59886187646287e-16,0.9797926320338384
step4,0.01,0.05,6,0.9823509515339958,0.9651213667201786,0.8599682795027115,1.0178566317342833e-10,5.078036921818968e-09,0.005051841967875135,0.005051841967875197,0.007545364530253834,0.982350951533996,0.005051841967875135,0.9823509515339958,0.007545364530253776,0.0050518419678751685,0.005051841967875163,3.9620834724240765e-15,0.002035952646648261,0.0,0.004987045124757339,0.0,0.0,1.0,-2.604709902746729e-16,-9.092916686431323e-17,-3.885780586188048e-16,-2.789674524493246e-16,0.9748055870037422,-5.485599485965845e-15,-4.105658787857114e-20,-1.252910659974394e-17,-5.41008462445826e-15,-0.9748055870037422,1.2166834256343152e-15,-5.551115123125783e-16,1.6115467566845195e-17,1.1529687791915626e-15,0.9797926321284995
step4,0.01,0.05,7,0.9823509515357873,0.965121366723676,0.8599682796539294,2.0905714319798195e-12,1.0387605854224236e-10,0.005051841967401249,0.005051841967401324,0.0075453645294101795,0.9823509515357876,0.005051841967401249,0.9823509515357873,0.007545364529410063,0.005051841967401274,0.005051841967401245,4.62143952218365e-15,0.0020359526463462918,0.0,0.004987045124017597,0.0,0.0,1.0,-3.016032343930443e-16,-9.673047291631711e-17,-5.551115123125783e-16,-3.0588404982752346e-16,0.9748055870063774,-6.4265794551985694e-15,-4.8411302838585874e-17,1.5046917492740686e-17,-6.294986087915613e-15,-0.9748055870063774,1.3455057265047266e-15,-6.661338147750939e-16,1.5384347153307437e-17,1.3136842453021212e-15,0.979792632130395
step4,0.01,0.05,8,0.9823509515358242,0.9651213667237479,0.8599682796570295,4.306014359553277e-14,2.1336260354591146e-12,0.005051841967391673,0.005051841967391737,0.0075453645293924185,0.9823509515358243,0.005051841967391673,0.9823509515358242,0.007545364529392394,0.005051841967391693,0.005051841967391664,5.220362093643324e-15,0.0020359526463397466,0.0,0.004987045124001388,0.0,0.0,1.0,-3.083354435907652e-16,-1.4041089507481674e-16,-7.216449660063518e-16,-3.533327956250709e-16,0.9748055870064319,-7.226994204114562e-15,-3.9303870861479507e-17,1.1566943148262213e-16,-7.141138070258974e-15,-0.9748055870064319,1.447794025784988e-15,-7.771561172376096e-16,6.098954009001148e-17,1.489770947125243e-15,0.9797926321304333
step4,0.01,0.1,0,0.9249999999999998,0.8574999999999999,nan,nan,nan,0.024999999999999935,0.024999999999999994,0.025000000000000026,0.925,0.024999999999999935,0.9249999999999998,0.024999999999999956,0.024999999999999988,0.024999999999999988,2.924295323337349e-18,1.7554167342883506e-16,0.0,1.1102230246251565e-16,0.0,0.0,1.0,0.0,0.0,0.0,0.0,0.9,0.0,0.0,0.0,0.0,-0.9,0.0,0.0,0.0,0.0,0.8999999999999999
step4,0.01,0.1,1,0.9798454608824757,0.9602365413574734,0.7645743283197499,0.0633617532034638,nan,0.005900425688045721,0.005900425688045839,0.00835368774143229,0.9798454608824758,0.005900425688045721,0.9798454608824757,0.008353687741432372,0.005900425688045732,0.005900425688045823,6.553565048091649e-16,0.0020030800787098975,2.220446049250313e-16,0.00490652410677328,0.0,2.220446049250313e-16,0.9999999999999998,-9.521521834863795e-17,-1.668828630395744e-19,5.551115123125783e-17,-6.500003231117587e-17,0.9714917731410434,-9.711927341757853e-16,3.9081616194352677e-17,-8.401456458477696e-17,-8.231721674827874e-16,-0.9714917731410436,2.2825586382748e-16,5.551115123125783e-17,7.418764233963688e-18,1.4802509951611204e-16,0.9763982972478167
step4,0.01,0.1,2,0.9822989360119248,0.9650197993615183,0.8556384443514522,0.002833255500098306,0.0661945204684907,0.005067976951764576,0.005067976951764619,0.007565110084546054,0.9822989360119249,0.005067976951764576,0.9822989360119246,0.007565110084545972,0.005067976951764603,0.005067976951764619,1.3624987153893831e-15,0.002038900665037341,0.0,0.004994266265562763,0.0,0.0,1.0,-1.1932869476001392e-16,8.194243420279873e-17,5.551115123125783e-17,-1.1830330203376463e-16,0.9747338259273789,-1.9048794156933058e-15,3.4638372005386608e-18,-7.727221026651537e-17,-1.840646650961658e-15,-0.9747338259273789,4.2777288213722094e-16,1.6653345369377348e-16,-4.709422737955426e-17,4.038069473662578e-16,0.9797280921929417
step4,0.01,0.1,3,0.9823499045597517,0.9651193225027382,0.859878251883753,5.892171746100773e-05,0.0028920705620255082,0.005052145376890393,0.0050521453768904295,0.007545804686467432,0.9823499045597519,0.005052145376890393,0.9823499045597516,0.0075458046864673575,0.005052145376890405,0.005052145376890403,2.0611106485421775e-15,0.0020360643002682107,0.0,0.004987318619153913,0.0,0.0,1.0,-1.3088704251090273e-16,1.2114276584258616e-16,1.1102230246251565e-16,-1.484165104466132e-16,0.9748040998732844,-2.7983213897425468e-15,2.4674041390723333e-17,-8.036854463893568e-17,-2.866754618293256e-15,-0.9748040998732844,6.58103050083005e-16,5.551115123125783e-17,-5.202892612709295e-17,6.378098363806814e-16,0.9797914184924383
step4,0.01,0.1,4,0.9823509302689384,0.9651213252029236,0.8599664676905161,1.1893643485243734e-06,6.0109985919239875e-05,0.005051847849320165,0.005051847849320187,0.007545374032421064,0.9823509302689384,0.005051847849320165,0.9823509302689384,0.007545374032421013,0.005051847849320193,0.005051847849320203,2.5961865820349873e-15,0.0020359556029555703,0.0,0.004987052366201672,0.0,0.0,1.0,-2.30128994499129e-16,1.1509904513003486e-16,1.1102230246251565e-16,-1.3578223080018572e-16,0.9748055562365175,-3.578205277039259e-15,8.066350637106728e-17,-1.4222664131277712e-16,-3.557134107071075e-15,-0.9748055562365175,7.998169372179544e-16,2.220446049250313e-16,-1.145861533362096e-16,8.252783290680454e-16,0.9797926086027192
step4,0.01,0.1,5,0.982350951101039,0.965121365874923,0.8599682428536627,2.422748688214894e-08,1.2135825713354582e-06,0.005051842083979309,0.005051842083979391,0.007545364731002174,0.9823509511010393,0.005051842083979309,0.982350951101039,0.007545364731002086,0.005051842083979411,0.005051842083979326,3.242447567619035e-15,0.0020359527157599276,2.220446049250313e-16,0.004987045294045367,0.0,0.0,1.0,-2.0599334845919013e-16,9.345147783343859e-17,1.6653345369377348e-16,-2.2468465807217377e-16,0.9748055863700372,-4.467647056869572e-15,1.1521573791023612e-16,-1.0056257041517393e-16,-4.47504569503475e-15,-0.974805586370037,9.653532159220473e-16,2.220446049250313e-16,-1.021775242635352e-16,9.522376949450135e-16,0.9797926316640826
step4,0.01,0.1,6,0.9823509515268993,0.9651213667063245,0.8599682789047078,4.964039568462293e-10,2.4723814496389316e-08,0.005051841969737281,0.005051841969737458,0.007545364533625566,0.9823509515268996,0.005051841969737281,0.9823509515268992,0.007545364533625716,0.005051841969737467,0.00505184196973731,3.82695977120857e-15,0.0020359526478809634,2.220446049250313e-16,0.004987045127776479,0.0,0.0,1.0,-2.2785498762116655e-16,1.3712447756292027e-16,1.1102230246251565e-16,-2.4170984614974447e-16,0.9748055869932739,-5.344115167434868e-15,2.1952965456502991e-16,-1.1689836309325425e-16,-5.1961125476281724e-15,-0.9748055869932737,1.1049025106392205e-15,5.551115123125783e-17,-1.3490761694171776e-16,1.252102863182736e-15,0.9797926321210504
step4,0.01,0.1,7,0.9823509515356411,0.9651213667233907,0.8599682796416496,1.020612196113833e-11,5.066094602377806e-10,0.00505184196743907,0.005051841967439136,0.007545364529480494,0.9823509515356412,0.00505184196743907,0.9823509515356411,0.007545364529480579,0.005051841967439124,0.0050518419674391276,4.479798115092979e-15,0.002035952646372959,0.0,0.004987045124082878,0.0,0.0,1.0,-2.24575600920002e-16,1.680375751253001e-16,0.0,-2.6428022218204664e-16,0.9748055870061607,-6.14855491706475e-15,2.083900432548853e-16,-1.1156300181031817e-16,-6.21514960535289e-15,-0.9748055870061607,1.33762135363562e-15,-1.1102230246251565e-16,-1.2422620991092078e-16,1.3521123341094129e-15,0.9797926321302436
step4,0.01,0.1,8,0.9823509515358209,0.9651213667237416,0.8599682796567765,2.1017619531884249e-13,1.04162918827384e-11,0.005051841967392426,0.0050518419673925025,0.0075453645293940405,0.9823509515358212,0.005051841967392426,0.982350951535821,0.007545364529394053,0.0050518419673925155,0.005051841967392454,5.100920178398921e-15,0.0020359526463404475,2.220446049250313e-16,0.004987045124003053,0.0,0.0,1.0,-3.25092526690125e-16,1.1552907851221868e-16,5.551115123125783e-17,-2.5960428765775703e-16,0.9748055870064272,-7.058143332168453e-15,1.7737139394927483e-16,-1.3725066772715278e-16,-7.0224829947358286e-15,-0.9748055870064269,1.549288145166603e-15,1.1102230246251565e-16,-1.7783372884748377e-16,1.5080057429250154e-15,0.9797926321304302
step4,0.01,0.2,0,0.8499999999999999,0.7300000000000001,nan,nan,nan,0.04999999999999999,0.04999999999999999,0.05000000000000002,0.8500000000000001,0.04999999999999999,0.8499999999999999,0.04999999999999998,0.049999999999999975,0.049999999999999975,2.4659545749914493e-17,1.9229626863835638e-16,0.0,0.0,0.0,0.0,1.0,0.0,0.0,0.0,0.0,0.8,0.0,0.0,0.0,0.0,-0.8,0.0,0.0,0.0,0.0,0.8
step4,0.01,0.2,1,0.9712111276594562,0.9435312388365256,0.6515602571759431,0.13997655011249363,nan,0.008788211085324665,0.008788211085324751,0.01121245016989439,0.9712111276594564,0.008788211085324665,0.971211127659456,0.011212450169894405,0.008788211085324656,0.008788211085324724,6.567326625255523e-16,0.0019793829239025413,2.220446049250313e-16,0.00484847816913947,0.0,0.0,1.0,-8.87536089782541e-17,5.972782595462147e-19,1.6653345369377348e-16,-8.35536800239514e-17,0.9599986774895618,-8.785545012788674e-16,-2.7144071692941758e-17,4.2726313648611484e-17,-8.547453542396984e-16,-0.959998677489562,1.8294436693497993e-16,1.6653345369377348e-16,1.449455342819055e-17,2.0451395093675056e-16,0.9648471556587013
step4,0.01,0.2,2,0.9820825907941961,0.9645974298942339,0.8408311169194429,0.012553484426531621,0.15252961884014415,0.005135454305617745,0.005135454305617799,0.007646500594568097,0.9820825907941964,0.005135454305617745,0.9820825907941961,0.007646500594568043,0.005135454305617764,0.005135454305617745,1.324900013470121e-15,0.0020502607094792027,0.0,0.00502209257790065,0.0,0.0,1.0,-1.2020720734105968e-16,-1.3884932487559826e-17,2.220446049250313e-16,-7.553673047269927e-17,0.9744360901996283,-1.8009262797544987e-15,2.7696593913453652e-17,3.102401430128716e-17,-1.8555780594862204e-15,-0.9744360901996283,3.6168365450683466e-16,2.7755575615628914e-16,1.61058574852947e-17,3.0675837184264564e-16,0.9794581827775289
step4,0.01,0.2,3,0.9823455318205154,0.9651107847119273,0.8595038699776774,0.0003039289705615313,0.012857029433944674,0.0050534174273267765,0.005053417427326922,0.007547633324830575,0.9823455318205156,0.0050534174273267765,0.9823455318205154,0.007547633324830657,0.005053417427326834,0.005053417427326899,1.9731938591842272e-15,0.002036518752407382,2.220446049250313e-16,0.004988431795007631,0.0,0.0,1.0,-1.107842427934876e-16,-1.8430212437558057e-17,3.3306690738754696e-16,-9.506872743066442e-17,0.9747978984956849,-2.6583072631540202e-15,4.758509711858131e-17,6.333916477399481e-17,-2.777756043276753e-15,-0.9747978984956851,5.913068612201523e-16,2.220446049250313e-16,4.938385367653152e-17,4.2958056577675097e-16,0.9797863302906925
step4,0.01,0.2,4,0.9823508414862145,0.9651211518656049,0.8599588999219033,6.155779729366089e-06,0.0003100788058776559,0.005051872467500478,0.005051872467500538,0.007545413578784306,0.9823508414862148,0.005051872467500478,0.9823508414862145,0.007545413578784269,0.005051872467500479,0.005051872467500515,2.5843408739601992e-15,0.0020359677917659233,0.0,0.004987082222567607,0.0,0.0,1.0,-1.5287746996799827e-16,5.818432194931178e-17,3.3306690738754696e-16,-1.2451310162826335e-16,0.9748054279074304,-3.5352664833355853e-15,4.9910710414665673e-17,4.1604281429954204e-17,-3.609447108118103e-15,-0.9748054279074304,7.440119477078854e-16,2.7755575615628914e-16,2.416346526962695e-17,6.577729064944189e-16,0.979792510129998
step4,0.01,0.2,5,0.9823509492865666,0.9651213623325465,0.8599680892100857,1.2535249578576435e-07,6.281081892968881e-06,0.005051842571345402,0.005051842571345465,0.0075453655707422495,0.9823509492865667,0.005051842571345402,0.9823509492865667,0.007545365570742275,0.005051842571345448,0.005051842571345396,3.2326172568117103e-15,0.002035953003472163,0.0,0.004987045998793627,0.0,0.0,1.0,-1.4200312267879342e-16,-5.2323044448495976e-17,4.440892098500626e-16,-2.0786931458370495e-16,0.9748055837158246,-4.463650334805568e-15,9.143106842503215e-18,2.2150745995293122e-17,-4.420413636374609e-15,-0.9748055837158246,9.931460881304642e-16,4.440892098500626e-16,3.5800482729537233e-17,8.952633887707445e-16,0.9797926297146182
step4,0.01,0.2,6,0.9823509514896592,0.9651213666336231,0.8599682757647988,2.5677656087993848e-09,1.2791984640917035e-07,0.005051841979535889,0.005051841979535959,0.0075453645512687855,0.9823509514896595,0.005051841979535889,0.9823509514896593,0.007545364551268764,0.00505184197953591,0.005051841979535907,3.789907701395748e-15,0.0020359526542859537,0.0,0.004987045143465707,0.0,0.0,1.0,-2.6260304344822315e-16,1.0348877239704858e-17,4.440892098500626e-16,-2.1587231130040104e-16,0.9748055869383907,-5.243275470217393e-15,-8.64855302106462e-17,2.565769209568781e-17,-5.158589222734203e-15,-0.9748055869383907,1.1568452850451362e-15,4.440892098500626e-16,6.182721420362807e-18,1.218088816038241e-15,0.9797926320818564
step4,0.01,0.2,7,0.9823509515348745,0.9651213667218939,0.8599682795772083,5.2785699976206226e-11,2.6205479393595533e-09,0.005051841967638133,0.00505184196763816,0.007545364529849069,0.9823509515348747,0.005051841967638133,0.9823509515348745,0.007545364529849023,0.005051841967638146,0.005051841967638164,4.5148630846515274e-15,0.0020359526465112947,0.0,0.0049870451244217184,0.0,1.1102230246251565e-16,0.9999999999999999,-2.6388020800609295e-16,-5.052774377573537e-17,5.551115123125783e-16,-2.723432118550541e-16,0.9748055870050256,-6.187503382703419e-15,-1.1057972406492893e-16,8.884275588139772e-17,-6.209015501220899e-15,-0.9748055870050256,1.370600152570612e-15,5.551115123125783e-16,1.7566725187991796e-17,1.3773205669739023e-15,0.9797926321294473
step4,0.01,0.2,8,0.982350951535805,0.9651213667237106,0.85996827965545,1.0875853414371082e-12,5.3873257436867075e-11,0.005051841967396472,0.005051841967396611,0.007545364529401682,0.9823509515358052,0.005051841967396472,0.982350951535805,0.007545364529401669,0.005051841967396512,0.005051841967396502,5.087785182001304e-15,0.002035952646343328,0.0,0.00498704512401027,0.0,1.1102230246251565e-16,0.9999999999999999,-3.6535398349561137e-16,-1.0577368531623675e-16,4.440892098500626e-16,-3.5579065864245793e-16,0.9748055870064035,-6.974509410283001e-15,-5.833596002755929e-17,1.4315553375538167e-16,-7.01912843771949e-15,-0.9748055870064035,1.5643622736692339e-15,5.551115123125783e-16,9.301326979227607e-17,1.562762060175142e-15,0.9797926321304138
step4,0.01,0.2,9,0.9823509515358243,0.9651213667237482,0.8599682796570602,2.2554186666977064e-14,1.1101306936556691e-12,0.005051841967391543,0.005051841967391701,0.00754536452939228,0.9823509515358245,0.005051841967391543,0.9823509515358243,0.007545364529392295,0.005051841967391509,0.005051841967391637,5.707071814286732e-15,0.0020359526463397193,2.220446049250313e-16,0.00498704512400161,0.0,0.0,1.0,-4.21660418676211e-16,-1.4843034758053754e-16,4.440892098500626e-16,-3.9544618024104123e-16,0.974805587006432,-7.853317419925396e-15,-1.194449998713713e-16,9.016160919920075e-17,-7.830599335629462e-15,-0.9748055870064323,1.8367288001175284e-15,4.996003610813204e-16,1.235442680009552e-16,1.7597542357846506e-15,0.9797926321304337
step4,0.01,0.3,0,0.7749999999999998,0.6174999999999999,nan,nan,nan,0.07500000000000001,0.07500000000000001,0.07500000000000001,0.7749999999999999,0.07500000000000001,0.7749999999999998,0.075,0.075,0.075,8.879893162462571e-18,1.9229626863835638e-16,0.0,0.0,0.0,0.0,1.0,0.0,0.0,0.0,0.0,0.7,0.0,0.0,0.0,0.0,-0.7,0.0,0.0,0.0,0.0,0.7
step4,0.01,0.3,1,0.9536987108352482,0.910259564170453,0.5518419591078786,0.20635253572734535,nan,0.01464530511560592,0.014645305115605994,0.01701067893353962,0.9536987108352484,0.01464530511560592,0.9536987108352482,0.01701067893353963,0.014645305115605968,0.014645305115605904,6.154111639029453e-16,0.0019313196349588259,2.220446049250313e-16,0.004730747635867338,0.0,2.220446049250313e-16,0.9999999999999998,-6.416933918145193e-17,3.462450441453433e-17,5.551115123125783e-17,-8.968354459574877e-18,0.9366880319017088,-8.320379777192317e-16,2.996973766938582e-17,6.950474706170496e-17,-8.733574668505733e-16,-0.9366880319017086,1.6522649597080735e-16,-5.551115123125783e-17,2.7358672047584195e-17,1.2802396056312287e-16,0.9414187795375761
step4,0.01,0.3,2,0.9814589450074589,0.9633805491002803,0.8113396078387753,0.03205507130176269,0.23840726937288959,0.005333974576546155,0.005333974576546215,0.007873105839448502,0.9814589450074591,0.005333974576546155,0.9814589450074589,0.007873105839448535,0.005333974576546219,0.005333974576546194,1.3087413605953573e-15,0.002073191994686491,0.0,0.005078262525804678,0.0,0.0,1.0,-5.437028057576061e-17,-1.3870667496708226e-17,0.0,-5.1213990253312315e-17,0.9735858391680106,-1.7837510725094273e-15,5.5525616727212296e-18,4.9180680466580256e-17,-1.8426293663401645e-15,-0.9735858391680106,3.725611659616306e-16,0.0,1.1741573074523491e-17,3.5450406656552824e-16,0.9786641016938152
step4,0.01,0.3,3,0.9823327707706337,0.9650858684536663,0.8584252452512351,0.001009630763279879,0.03306393558989991,0.0050571849029760465,0.005057184902976117,0.007552859423413912,0.982332770770634,0.0050571849029760465,0.9823327707706337,0.007552859423413931,0.005057184902976052,0.005057184902976118,1.979288792306524e-15,0.002037709713045926,2.220446049250313e-16,0.0049913490408758365,0.0,0.0,1.0,-7.928522568143145e-17,-4.8478185414455127e-17,-5.551115123125783e-17,-5.501096240917962e-17,0.9747799113472199,-2.717878427183098e-15,7.027964280107718e-18,3.912624673534987e-17,-2.7647619205338076e-15,-0.9747799113472201,5.578254966259873e-16,-5.551115123125783e-17,5.748659214200048e-17,5.561651089208576e-16,0.9797712603880957
step4,0.01,0.3,4,0.9823505828578941,0.9651206469186606,0.8599368145275209,2.0638438192935087e-05,0.0010302461866713386,0.005051944899973982,0.005051944899974087,0.007545527342157726,0.9823505828578944,0.005051944899973982,0.9823505828578941,0.007545527342157713,0.005051944899973999,0.00505194489997406,2.6230865269619594e-15,0.0020360015383043646,2.220446049250313e-16,0.0049871648843674565,0.0,0.0,1.0,-5.3935545845385595e-17,-9.48347940091756e-17,-1.1102230246251565e-16,-8.081269699221363e-17,0.9748050555157365,-3.6926430813402536e-15,-4.0609742730282234e-18,6.699420540712062e-17,-3.5402812700270818e-15,-0.9748050555157367,7.992557961503553e-16,-1.6653345369377348e-16,-4.408686241994735e-18,7.865360264459677e-16,0.9797922204001039
step4,0.01,0.3,5,0.9823509440080601,0.965121352027277,0.8599676416327535,4.1974180471086394e-07,2.1057981384665704e-05,0.005051843998454639,0.005051843998454747,0.007545367995030127,0.9823509440080602,0.005051843998454639,0.98235094400806,0.007545367995030171,0.005051843998454694,0.005051843998454763,3.3416834876701443e-15,0.002035953817665129,2.220446049250313e-16,0.004987047993151084,0.0,0.0,1.0,-1.0324575357474306e-16,-7.724199948064088e-17,-2.220446049250313e-16,-1.1234240757689932e-16,0.97480557601303,-4.631086638233298e-15,4.2277026092032526e-17,1.2121470017101932e-16,-4.587815057134782e-15,-0.9748055760130302,9.842228064840773e-16,-2.7755575615628914e-16,6.1637102775233576e-18,9.985969137620158e-16,0.9797926240061811
step4,0.01,0.3,6,0.9823509513814166,0.9651213664223068,0.8599682666303641,8.590673345416842e-09,4.283308359838026e-07,0.0050518420081363665,0.005051842008136456,0.00754536460231046,0.9823509513814168,0.0050518420081363665,0.9823509513814166,0.007545364602310374,0.0050518420081363665,0.005051842008136436,4.017100212828167e-15,0.0020359526726090762,2.220446049250313e-16,0.004987045188348027,0.0,0.0,1.0,-1.3256491887900465e-16,-1.316124968170368e-16,-2.220446049250313e-16,-1.347628328125166e-16,0.9748055867791063,-5.492725053686694e-15,-3.1217521210879736e-17,1.1366117927603705e-16,-5.614517848269592e-15,-0.9748055867791066,1.1583653540290538e-15,-2.220446049250313e-16,-2.3543389007962215e-18,1.1293332959221188e-15,0.9797926319674544
step4,0.01,0.3,7,0.9823509515326483,0.9651213667175478,0.8599682793899008,1.7650826167457558e-10,8.767168239221456e-09,0.005051841968217761,0.005051841968217855,0.007545364530915878,0.9823509515326483,0.005051841968217761,0.9823509515326483,0.007545364530915843,0.005051841968217796,0.005051841968217827,4.717159590444647e-15,0.002035952646909079,0.0,0.00498704512539605,0.0,2.220446049250313e-16,0.9999999999999998,-1.7819289590274852e-16,-1.2331113745752508e-16,-3.3306690738754696e-16,-2.304995927384464e-16,0.9748055870017326,-6.436237848670546e-15,1.1551623792023324e-18,1.5715336342362476e-16,-6.595938848399877e-15,-0.9748055870017326,1.4315149389887233e-15,-3.885780586188048e-16,8.16099224789754e-17,1.2845367629073145e-15,0.9797926321271286
step4,0.01,0.3,8,0.9823509515357591,0.9651213667236209,0.8599682796515979,3.6351137052117726e-12,1.8014326717843588e-10,0.005051841967408302,0.005051841967408448,0.007545364529423978,0.9823509515357595,0.005051841967408302,0.9823509515357591,0.007545364529423854,0.005051841967408442,0.005051841967408314,5.289925248033641e-15,0.002035952646351788,2.220446049250313e-16,0.00498704512403092,0.0,0.0,1.0,-3.0354922775607965e-16,-2.027118776321446e-16,-4.996003610813204e-16,-2.3187839387282084e-16,0.9748055870063356,-7.242040863927214e-15,-6.6949718516875e-17,1.6287838576847308e-16,-7.367275790650238e-15,-0.9748055870063354,1.5468306217907395e-15,-4.996003610813204e-16,4.293135773098788e-17,1.4602747924973085e-15,0.9797926321303665
step4,0.01,0.3,9,0.9823509515358233,0.9651213667237464,0.8599682796569807,7.510663984545495e-14,3.710216492534645e-12,0.005051841967391802,0.005051841967391865,0.007545364529392767,0.9823509515358236,0.005051841967391802,0.9823509515358233,0.0075453645293927,0.005051841967391859,0.005051841967391803,5.931933957913821e-15,0.002035952646339826,2.220446049250313e-16,0.00498704512400161,0.0,1.1102230246251565e-16,0.9999999999999999,-3.5361130448604282e-16,-2.0151749108746934e-16,-5.551115123125783e-16,-3.5408214410580243e-16,0.9748055870064309,-8.165339125670917e-15,-7.987972961771848e-17,2.0463208311269895e-16,-8.207245278599994e-15,-0.9748055870064307,1.6942499452958056e-15,-5.551115123125783e-16,4.503980408104257e-17,1.7041596223917377e-15,0.9797926321304326
step4,0.01,0.5,0,0.6249999999999998,0.4375,nan,nan,nan,0.12499999999999997,0.125,0.125,0.625,0.12499999999999997,0.6249999999999999,0.12499999999999997,0.12499999999999997,0.12499999999999997,4.844614790834e-18,2.254873622441467e-16,0.0,0.0,0.0,0.0,1.0,0.0,0.0,0.0,0.0,0.5,0.0,0.0,0.0,0.0,-0.5,0.0,0.0,0.0,0.0,0.5
step4,0.01,0.5,1,0.8738864728469946,0.7689820398802545,0.39229268219897545,0.28739444502853495,nan,0.041338809921761394,0.04133880992176142,0.043435907309482324,0.8738864728469948,0.041338809921761394,0.8738864728469947,0.04343590730948239,0.041338809921761366,0.04133880992176139,5.466250346186193e-16,0.0017122728469466796,0.0,0.004194194775442028,0.0,0.0,1.0,-6.18927984870989e-17,2.2214776618701666e-17,-1.6653345369377348e-16,-1.0197829928043254e-16,0.8304505655375125,-6.996338932594704e-16,-2.170796289305942e-18,-3.1539680189824486e-17,-7.524766949838481e-16,-0.8304505655375125,1.6416209634865855e-16,-1.1102230246251565e-16,5.180708106908759e-17,1.8215791574383427e-16,0.8346447603129545
step4,0.01,0.5,2,0.9747566431350037,0.9503676465797142,0.6861133475944355,0.11647575324703943,0.40387003286293766,0.0075271133869839225,0.0075271133869840925,0.010189130091027978,0.9747566431350039,0.0075271133869839225,0.9747566431350038,0.010189130091027976,0.0075271133869841125,0.007527113386983997,1.2031789731371065e-15,0.002173527537224359,2.220446049250313e-16,0.005324033408087625,0.0,1.1102230246251565e-16,0.9999999999999999,-1.2986128055963126e-16,5.3093541884004965e-17,-2.7755575615628914e-16,-1.4606852471829441e-16,0.964567513043976,-1.6498154101571652e-15,-3.482495056181802e-17,-5.3498348559375295e-17,-1.6072543881005238e-15,-0.9645675130439758,4.195392008254712e-16,-3.3306690738754696e-16,-9.714446966070357e-18,3.762295782330317e-16,0.9698915464520637
step4,0.01,0.5,3,0.9821776415244288,0.9647829971993788,0.8468908053198884,0.00856993396588624,0.12504432446145397,0.005104238855098969,0.005104238855099168,0.007613880765372699,0.982177641524429,0.005104238855098969,0.9821776415244288,0.007613880765372693,0.005104238855099071,0.005104238855099212,1.7623138495845037e-15,0.002049114039091309,2.220446049250313e-16,0.005019283820547282,0.0,1.1102230246251565e-16,0.9999999999999999,-1.310761807669105e-16,8.290182423910243e-17,-3.885780586188048e-16,-1.7592464182103182e-16,0.9745637607590562,-2.3320562997946668e-15,-4.28070110278824e-17,-2.130575246967394e-18,-2.4418219122351596e-15,-0.9745637607590564,5.752199987493239e-16,-3.3306690738754696e-16,3.16201820720948e-17,5.267373245134723e-16,0.9795830445796034
step4,0.01,0.5,4,0.9823474415398677,0.965114513648531,0.8596683540296428,0.00019648180942170545,0.008766172047476989,0.005052841004039936,0.005052841004040009,0.007546876452052161,0.9823474415398679,0.005052841004039936,0.9823474415398676,0.007546876452052135,0.005052841004039984,0.005052841004039963,2.392774910214391e-15,0.0020363714160144706,0.0,0.004988070896024377,0.0,0.0,1.0,-2.0667343003652373e-16,3.6749476276583776e-17,-4.440892098500626e-16,-2.247030688277921e-16,0.9748005650878158,-3.1840870146533676e-15,-4.0272503680617235e-17,-2.7195847801815753e-17,-3.3237759417563437e-15,-0.9748005650878158,7.31917874469666e-16,-4.440892098500626e-16,7.911465756393505e-17,7.935274635102072e-16,0.9797886359838401
step4,0.01,0.5,5,0.9823508800538909,0.9651212271669493,0.8599622051948964,3.991387582736653e-06,0.00020047043749495686,0.005051861500991259,0.005051861500991305,0.0075453969441263485,0.9823508800538912,0.005051861500991259,0.9823508800538909,0.007545396944126275,0.005051861500991249,0.005051861500991283,3.0084265758182173e-15,0.0020359631637418005,0.0,0.004987070886269929,0.0,0.0,1.0,-2.6730508384923855e-16,1.5846134643092956e-17,-3.885780586188048e-16,-3.169466721826212e-16,0.9748054831097649,-4.107813084269734e-15,-1.9286781767159708e-17,2.841549510394593e-17,-4.104011352069962e-15,-0.9748054831097649,9.330972220917852e-16,-4.996003610813204e-16,3.092595610752682e-17,9.826977431473128e-16,0.9797925539960348
step4,0.01,0.5,6,0.9823509500720654,0.9651213638661031,0.8599681559560584,8.150046816745362e-08,4.072865123333656e-06,0.0050518423568343546,0.005051842356834534,0.0075453652142653165,0.9823509500720656,0.0050518423568343546,0.9823509500720654,0.007545365214265249,0.005051842356834518,0.0050518423568344075,3.659927534301339e-15,0.00203595288755741,2.220446049250313e-16,0.004987045714861527,0.0,2.220446049250313e-16,0.9999999999999998,-3.37686698087647e-16,-1.1884518743900116e-17,-3.3306690738754696e-16,-3.659818506236435e-16,0.9748055848578004,-4.917429112059175e-15,3.8422461609946154e-17,3.737750759440474e-17,-5.127015731829763e-15,-0.9748055848578002,1.0503395633307065e-15,-4.440892098500626e-16,4.524668815861521e-17,1.1838820469579088e-15,0.979792630572662
step4,0.01,0.5,7,0.9823509515057455,0.9651213666650277,0.8599682771241204,1.6721979266912175e-09,8.317247839521322e-08,0.005051841975257798,0.005051841975257871,0.007545364543738546,0.9823509515057456,0.005051841975257798,0.9823509515057454,0.007545364543738597,0.005051841975257862,0.0050518419752577925,4.326140955544126e-15,0.0020359526516306784,2.220446049250313e-16,0.0049870451369614655,0.0,2.220446049250313e-16,0.9999999999999998,-4.1545081425920925e-16,-2.9592595873785016e-17,-4.440892098500626e-16,-3.6199526512829884e-16,0.9748055869620071,-5.943875031262298e-15,8.710236259557365e-17,5.215465441113409e-18,-5.959377310651111e-15,-0.9748055869620069,1.2783306464593137e-15,-3.885780586188048e-16,-1.1146799514192907e-17,1.2746181649672612e-15,0.9797926320989686
step4,0.01,0.5,8,0.9823509515352054,0.9651213667225398,0.8599682796050447,3.440904346428255e-11,1.7066054525438026e-09,0.005051841967551714,0.005051841967551739,0.007545364529691241,0.9823509515352054,0.005051841967551714,0.9823509515352052,0.007545364529691164,0.005051841967551719,0.005051841967551709,4.949184623911045e-15,0.0020359526464530154,0.0,0.004987045124278833,0.0,0.0,1.0,-4.447538240523396e-16,4.1810947571696817e-17,-3.885780586188048e-16,-4.491594793656048e-16,0.9748055870055143,-6.836523839699306e-15,4.519714346922278e-17,-2.0981757461187528e-18,-6.8017970470303575e-15,-0.9748055870055143,1.4512603819170424e-15,-3.885780586188048e-16,-9.067712697854948e-17,1.4883243299731978e-15,0.9797926321297932
step4,0.01,0.5,9,0.9823509515358118,0.9651213667237237,0.8599682796560226,7.090571910477793e-13,3.5118088350844694e-11,0.005051841967394712,0.005051841967394798,0.007545364529398627,0.9823509515358121,0.005051841967394712,0.9823509515358119,0.007545364529398475,0.005051841967394729,0.005051841967394782,5.584312453434892e-15,0.0020359526463421744,0.0,0.004987045124007383,0.0,0.0,1.0,-5.680040045793664e-16,4.480804175267399e-18,-2.7755575615628914e-16,-5.251434152832109e-16,0.9748055870064135,-7.708286566145219e-15,5.5111099078462474e-17,-3.276151557674359e-17,-7.676399534015326e-15,-0.9748055870064135,1.6615182149959902e-15,-4.440892098500626e-16,-4.297594624011942e-17,1.6785656250349067e-15,0.9797926321304209
step4,0.02,0.05,0,0.9624999999999998,0.926875,nan,nan,nan,0.0124999999999999,0.012500000000000011,0.012500000000000067,0.9624999999999999,0.0124999999999999,0.9624999999999998,0.01250000000000003,0.01250000000000001,0.01250000000000001,8.494454310017238e-17,1.9229626863835638e-16,0.0,0.0,0.0,0.0,1.0,0.0,0.0,0.0,0.0,0.95,0.0,0.0,0.0,0.0,-0.95,0.0,0.0,0.0,0.0,0.95
step4,0.02,0.05,1,0.9643183787218947,0.9303499636165257,0.7354233340998795,0.004477057619168991,nan,0.010279594937397987,0.010279594937398023,0.015122431403309078,0.964318378721895,0.010279594937397987,0.9643183787218949,0.015122431403309091,0.010279594937398029,0.010279594937397997,6.483820892162561e-16,0.003954159416408537,0.0,0.009685672931822209,0.0,0.0,1.0,-3.0797124049342407e-17,-2.9661578711212557e-17,0.0,-2.7918190962897116e-17,0.9491959473185858,-8.92897394157693e-16,2.8717320315666306e-17,1.525839076492463e-17,-8.90608899849028e-16,-0.9491959473185858,2.23932530708784e-16,0.0,-3.679379044500747e-18,1.7439441132189538e-16,0.958881620250408
step4,0.02,0.05,2,0.9643793783479853,0.9304669935652321,0.7381501961641371,0.0001252639151341205,0.004601597989804368,0.010216973479892399,0.01021697347989252,0.015186674692229512,0.9643793783479855,0.010216973479892399,0.9643793783479853,0.015186674692229491,0.01021697347989251,0.010216973479892453,1.3369152514537453e-15,0.0040577440481055545,2.220446049250313e-16,0.009939402424673949,0.0,1.1102230246251565e-16,0.9999999999999999,-5.749103665642112e-17,-3.628537126946691e-17,0.0,-7.76697269189735e-17,0.949192703655756,-1.923520343349174e-15,4.998971063194756e-17,1.254664819460343e-17,-1.7651269914679665e-15,-0.9491927036557558,4.055085149152951e-16,0.0,-1.9444482941957194e-17,3.923081310581852e-16,0.95913210608043
step4,0.02,0.05,3,0.9643810658260473,0.9304702302154345,0.7382420315220647,3.3358636638885097e-06,0.00012859862738563187,0.010215305605664339,0.0102153056056644,0.015188322962623848,0.9643810658260477,0.010215305605664339,0.9643810658260473,0.015188322962623776,0.010215305605664417,0.01021530560566437,2.028691634528701e-15,0.004060451668851605,0.0,0.009946034713918861,0.0,0.0,1.0,-1.0323727412612372e-16,4.5371399519412457e-17,-5.551115123125783e-17,-8.814749259275796e-17,0.9491927428634237,-2.8325587339280574e-15,8.996319207757177e-17,-3.34535664659262e-17,-2.7550700614330183e-15,-0.9491927428634237,6.449952452116943e-16,0.0,-9.878281925070971e-17,5.924951864122836e-16,0.9591387775773426
step4,0.02,0.05,4,0.9643811134415332,0.9304703214963292,0.7382445713756076,8.941382867829352e-08,3.4252130180850945e-06,0.010215260947689044,0.010215260947689108,0.01518836466308853,0.9643811134415332,0.010215260947689044,0.9643811134415332,0.01518836466308837,0.010215260947689028,0.010215260947689094,2.675590944418385e-15,0.004060522180222529,2.220446049250313e-16,0.00994620743079877,0.0,2.220446049250313e-16,0.9999999999999998,-1.4243857427528405e-16,2.893026596810362e-17,-1.1102230246251565e-16,-1.6355020670958805e-16,0.9491927487784448,-3.6667843801310984e-15,4.349130170487781e-17,-5.9738306022168855e-18,-3.70593758855545e-15,-0.9491927487784451,8.263099428168971e-16,-1.1102230246251565e-16,-6.025208037126988e-17,8.222277558253458e-16,0.9591389562092436
step4,0.02,0.05,5,0.9643811148327379,0.9304703241614268,0.7382446430052523,2.4321070870994526e-09,9.184178507482472e-08,0.010215259738462837,0.010215259738462861,0.015188365690336164,0.9643811148327383,0.010215259738462837,0.964381114832738,0.015188365690336112,0.010215259738462832,0.010215259738462837,3.316446755510563e-15,0.004060524006295847,0.0,0.00994621190374656,0.0,1.1102230246251565e-16,0.9999999999999999,-1.672498869594235e-16,1.0440263602820722e-17,-1.1102230246251565e-16,-2.262754060780472e-16,0.949192749142402,-4.55397696465718e-15,1.0602349067373906e-16,3.186042678717011e-18,-4.599930060295861e-15,-0.949192749142402,1.0028505307493205e-15,-1.1102230246251565e-16,-9.258233327460576e-17,9.786202228824745e-16,0.9591389610461486
step4,0.02,0.05,6,0.9643811148752887,0.9304703242428671,0.7382446450965988,6.789199104367042e-11,2.4997455070421525e-09,0.010215259705151447,0.010215259705151549,0.015188365714408233,0.964381114875289,0.010215259705151447,0.9643811148752887,0.015188365714408177,0.010215259705151535,0.010215259705151436,3.934945330045554e-15,0.004060524053149241,2.220446049250313e-16,0.009946212018513312,0.0,0.0,1.0,-2.320728276860555e-16,1.9530773444652752e-17,0.0,-1.979992767435288e-16,0.9491927491608808,-5.462763970830454e-15,9.974942334780309e-17,-3.13957954742505e-17,-5.4185458454424504e-15,-0.9491927491608806,1.0828797661056548e-15,0.0,3.128384637360235e-17,1.2054926766683388e-15,0.9591389611793941
step4,0.02,0.05,7,0.9643811148766634,0.9304703242454955,0.7382446451605064,1.9797693616594142e-12,6.985766591671606e-11,0.010215259704210194,0.010215259704210396,0.01518836571491611,0.9643811148766636,0.010215259704210194,0.9643811148766633,0.015188365714915997,0.010215259704210179,0.010215259704210309,4.476740193893636e-15,0.004060524054332369,2.220446049250313e-16,0.00994621202141166,0.0,0.0,1.0,-2.863475593180495e-16,1.6392189534143277e-17,-1.6653345369377348e-16,-2.6098999533629237e-16,0.9491927491617475,-6.135919727400434e-15,8.440338454059012e-18,-7.029206639398095e-17,-6.248937907378813e-15,-0.9491927491617477,1.289428231082833e-15,0.0,-4.128872645840407e-17,1.2612228685615116e-15,0.9591389611831591
step4,0.02,0.05,8,0.9643811148767105,0.9304703242455856,0.7382446451625688,6.172577333334867e-14,2.0408003096688093e-12,0.010215259704182666,0.010215259704182713,0.015188365714923907,0.9643811148767107,0.010215259704182666,0.9643811148767106,0.015188365714923931,0.010215259704182711,0.010215259704182673,5.008056831444469e-15,0.004060524054361346,0.0,0.009946212021482381,0.0,0.0,1.0,-2.9729104822552396e-16,-3.8541159916477596e-18,-1.6653345369377348e-16,-3.2517547994631843e-16,0.9491927491617869,-6.942680271136537e-15,1.7416820295256413e-17,-3.006827769252538e-17,-6.917961163472477e-15,-0.9491927491617869,1.4210948644402242e-15,-1.6653345369377348e-16,9.284752952386936e-18,1.4131270773258482e-15,0.9591389611832692
step4,0.02,0.1,0,0.9249999999999998,0.8574999999999999,nan,nan,nan,0.024999999999999935,0.024999999999999994,0.025000000000000026,0.925,0.024999999999999935,0.9249999999999998,0.024999999999999956,0.024999999999999988,0.024999999999999988,2.924295323337349e-18,1.7554167342883506e-16,0.0,1.1102230246251565e-16,0.0,0.0,1.0,0.0,0.0,0.0,0.0,0.9,0.0,0.0,0.0,0.0,-0.9,0.0,0.0,0.0,0.0,0.8999999999999999
step4,0.02,0.1,1,0.962082746510559,0.9260979881644824,0.6809836113907776,0.04300051680475293,nan,0.01102985795069365,0.011029857950693731,0.015857537588053482,0.9620827465105593,0.01102985795069365,0.962082746510559,0.015857537588053475,0.011029857950693691,0.011029857950693655,6.572038778664538e-16,0.003941783917718679,0.0,0.00965535927471961,0.0,0.0,1.0,-3.335106806546346e-17,-4.664766611412457e-17,-1.1102230246251565e-16,-4.634040905409213e-17,0.9462252089225057,-9.096531106857196e-16,-6.5730019663735985e-18,-7.872112966642342e-17,-8.601121082046724e-16,-0.9462252089225057,2.346606475458414e-16,-5.551115123125783e-17,2.094433985272597e-17,1.9212632853806882e-16,0.9558805681972253
step4,0.02,0.1,2,0.9642850504220457,0.9302873556577136,0.7348135999180089,0.002545908490864581,0.04554409838860638,0.010246102253878458,0.01024610225387852,0.015222745070197106,0.9642850504220457,0.010246102253878458,0.9642850504220457,0.015222745070197078,0.010246102253878484,0.010246102253878496,1.2605091296132684e-15,0.004063411844022656,0.0,0.009953285632637199,0.0,1.1102230246251565e-16,0.9999999999999999,3.520693927232373e-18,-5.228167981211584e-19,-1.1102230246251565e-16,-3.4809995997350624e-17,0.9490623053518488,-1.7703573500288563e-15,-4.881006913320348e-17,4.614658473211989e-17,-1.6647467803493416e-15,-0.9490623053518488,5.01889518735594e-16,0.0,5.258657479908452e-17,3.8502189576632734e-16,0.959015590984486
step4,0.02,0.1,3,0.9643771240868153,0.9304627245601051,0.7381010666518184,0.00010634788075931599,0.0026519941331579933,0.010216448557374386,0.010216448557374443,0.015189978798435417,0.9643771240868154,0.010216448557374386,0.9643771240868154,0.015189978798435502,0.010216448557374396,0.01021644855737442,1.882040801403023e-15,0.004060870436967033,0.0,0.009947060482122128,0.0,1.1102230246251565e-16,0.9999999999999999,-6.223123133555694e-17,-1.4101977092593536e-17,-1.1102230246251565e-16,-4.700327086861192e-17,0.9491871452883801,-2.653661250144179e-15,-5.448090941081183e-17,3.8505504383890984e-17,-2.5504486846089353e-15,-0.9491871452883801,5.691612846341964e-16,-1.1102230246251565e-16,-6.8497268593732506e-18,5.253840392939584e-16,0.9591342057705022
step4,0.02,0.1,4,0.9643809473991236,0.9304700053659327,0.7382386815623478,4.426779818255209e-06,0.00011076940314048148,0.010215307092502566,0.010215307092502682,0.01518843841587084,0.9643809473991238,0.010215307092502566,0.9643809473991237,0.015188438415870848,0.010215307092502622,0.01021530709250259,2.5033100379567876e-15,0.0040605447220347585,0.0,0.009946262646736481,0.0,0.0,1.0,-1.2037431955626208e-16,-9.13936997754409e-18,-1.6653345369377348e-16,-7.241667982787884e-17,0.949192508983253,-3.4182467976089063e-15,-3.937761617802599e-18,2.655057005605715e-19,-3.478233058893867e-15,-0.949192508983253,7.542961719459634e-16,-5.551115123125783e-17,5.831783262328091e-17,8.041669846789264e-16,0.9591387716299895
step4,0.02,0.1,5,0.9643811077987574,0.9304703107703955,0.7382443949324431,1.8625090215980145e-07,4.6129395175557294e-06,0.010215261639923721,0.010215261639923746,0.015188368921394888,0.9643811077987576,0.010215261639923721,0.9643811077987575,0.015188368921394852,0.010215261639923758,0.010215261639923732,3.08033492726775e-15,0.00406052509190794,0.0,0.009946214562942202,0.0,0.0,1.0,-1.6825970260938257e-16,1.0147549341601034e-17,-5.551115123125783e-17,-1.5565151233682868e-16,0.9491927388773628,-4.241614897064504e-15,-1.0911329711271432e-17,-5.993744803418161e-17,-4.218871376313268e-15,-0.9491927388773628,1.0431599267923675e-15,0.0,3.466529342072845e-17,9.879224719587515e-16,0.959138953440305
step4,0.02,0.1,6,0.9643811145762492,0.930470323673595,0.7382446345884326,7.888235505475395e-09,1.9413760394475842e-07,0.010215259784574908,0.010215259784574921,0.015188365854600695,0.9643811145762495,0.010215259784574908,0.9643811145762493,0.015188365854600655,0.010215259784574928,0.010215259784574928,3.642466974409435e-15,0.004060524102766966,0.0,0.009946212140051536,0.0,1.1102230246251565e-16,0.9999999999999999,-2.0363355826382583e-16,3.86062088406161e-17,-1.6653345369377348e-16,-1.9428222972763336e-16,0.9491927487216487,-5.011339265522141e-15,-6.195030073352749e-17,1.2943298529856104e-17,-5.011843002803441e-15,-0.9491927487216487,1.1053021708968866e-15,-1.1102230246251565e-16,-1.6894959016256132e-17,1.2232346373172465e-15,0.9591389608617003
step4,0.02,0.1,7,0.9643811148639219,0.9304703242212404,0.738244644713789,3.353770665152999e-10,8.223587212953775e-09,0.010215259707556905,0.010215259707556977,0.015188365720964207,0.9643811148639221,0.010215259707556905,0.9643811148639219,0.01518836572096417,0.010215259707556955,0.010215259707556903,4.216650644415125e-15,0.004060524056538093,0.0,0.00994621202681445,0.0,0.0,1.0,-2.386797427334928e-16,4.211882035627088e-17,-3.3306690738754696e-16,-2.4871045603174967e-16,0.9491927491429578,-5.835535178780906e-15,-4.5086849450498226e-17,3.119666782357063e-18,-5.763593512661476e-15,-0.9491927491429578,1.3182448918162665e-15,-2.7755575615628914e-16,6.837614338780772e-18,1.3344998594889173e-15,0.9591389611697723
step4,0.02,0.1,8,0.9643811148761665,0.93047032424455,0.7382446451435357,1.4291199872682087e-11,3.496678509199749e-10,0.010215259704324468,0.010215259704324579,0.015188365715184178,0.9643811148761666,0.010215259704324468,0.9643811148761665,0.015188365715184185,0.010215259704324575,0.01021525970432446,4.837885604015702e-15,0.004060524054458051,2.220446049250313e-16,0.009946212021719303,0.0,0.0,1.0,-3.428962253646893e-16,4.9192830696351976e-17,-2.7755575615628914e-16,-2.899298829234819e-16,0.9491927491609826,-6.659446961368827e-15,-1.634588836582815e-17,3.982553336861071e-18,-6.64917488130738e-15,-0.9491927491609824,1.4573591897329988e-15,-2.7755575615628914e-16,-1.7030791138508176e-17,1.5772115936354021e-15,0.9591389611827019
step4,0.02,0.1,9,0.964381114876689,0.9304703242455448,0.7382446451618268,6.102739142496092e-13,1.490146651040425e-11,0.01021525970418784,0.0102152597041879,0.015188365714935079,0.9643811148766892,0.01021525970418784,0.964381114876689,0.015188365714935098,0.01021525970418785,0.010215259704187836,5.434213194468606e-15,0.004060524054366251,0.0,0.009946212021494594,0.0,0.0,1.0,-3.8763538133108516e-16,-1.175749308845629e-17,-2.220446049250313e-16,-3.290252815055157e-16,0.9491927491617541,-7.434586746873398e-15,-1.665373285746759e-19,-3.7767880810296236e-17,-7.538155917515004e-15,-0.9491927491617541,1.7138679983799392e-15,-3.885780586188048e-16,-3.066505449127999e-17,1.6312017416650324e-15,0.9591389611832487
step4,0.02,0.2,0,0.8499999999999999,0.7300000000000001,nan,nan,nan,0.04999999999999999,0.04999999999999999,0.05000000000000002,0.8500000000000001,0.04999999999999999,0.8499999999999999,0.04999999999999998,0.049999999999999975,0.049999999999999975,2.4659545749914493e-17,1.9229626863835638e-16,0.0,0.0,0.0,0.0,1.0,0.0,0.0,0.0,0.0,0.8,0.0,0.0,0.0,0.0,-0.8,0.0,0.0,0.0,0.0,0.8
step4,0.02,0.2,1,0.9529234534284492,0.9088169823589067,0.5809322291145906,0.11890944820907923,nan,0.014103654612147472,0.014103654612147536,0.018869237347255575,0.9529234534284493,0.014103654612147472,0.9529234534284492,0.018869237347255537,0.014103654612147524,0.014103654612147472,6.785111399630182e-16,0.003891082009343916,0.0,0.009531165470216041,0.0,1.1102230246251565e-16,0.9999999999999999,-8.247152762631632e-17,-3.0378659354468694e-17,5.551115123125783e-17,-6.241901408387301e-17,0.9340542160811939,-8.864353322621389e-16,-5.781751590583829e-17,2.3955405405162067e-17,-9.32573342992133e-16,-0.9340542160811939,2.0589366793315244e-16,1.1102230246251565e-16,4.823351403101897e-17,2.9118048320031585e-16,0.9435853815514099
step4,0.02,0.2,2,0.9638543398577413,0.9294673913619543,0.7212529056594157,0.012623414079070272,0.13153116584888871,0.010380221696851611,0.010380221696851679,0.015385216748555003,0.9638543398577415,0.010380221696851611,0.9638543398577414,0.015385216748555005,0.01038022169685163,0.010380221696851648,1.2936917106766778e-15,0.004086561347276028,0.0,0.010009990103406752,0.0,1.1102230246251565e-16,0.9999999999999999,-1.0367402562245699e-16,-2.218805909872797e-17,1.1102230246251565e-16,-1.0843162521723289e-16,0.9484691231091865,-1.8188609709958335e-15,-6.630035408496629e-17,7.201599168563046e-18,-1.692199468517643e-15,-0.9484691231091865,4.812768418062696e-16,1.1102230246251565e-16,8.590877579784157e-17,4.825278658762398e-16,0.9584791132125933
step4,0.02,0.2,3,0.9643590535463511,0.9304283155132922,0.7374576269560706,0.0005832807516839071,0.013205809022445112,0.01022171826398035,0.01022171826398048,0.015197509925687937,0.9643590535463514,0.01022171826398035,0.9643590535463511,0.015197509925687828,0.010221718263980455,0.010221718263980339,1.8880404376513825e-15,0.004062716879192783,2.220446049250313e-16,0.009951583323414837,0.0,0.0,1.0,-1.955217232910851e-16,-3.44147525916177e-17,2.7755575615628914e-16,-1.6306026463002774e-16,0.9491615436206636,-2.536043882656103e-15,-1.0440037445945849e-16,1.0013521548388428e-16,-2.563066486853302e-15,-0.9491615436206634,7.354721782029892e-16,2.7755575615628914e-16,7.388748821683279e-17,7.100769529523122e-16,0.9591131269440785
step4,0.02,0.2,4,0.9643801866204167,0.93046855689418,0.7382116802078662,2.449008074518978e-05,0.0006077483244840388,0.01021551931469863,0.01021551931469872,0.015188774750185678,0.9643801866204167,0.01021551931469863,0.9643801866204167,0.0151887747501857,0.010215519314698667,0.010215519314698683,2.4997943786202325e-15,0.004060646059155412,0.0,0.009946510870973979,0.0,1.1102230246251565e-16,0.9999999999999999,-2.141115510838415e-16,-1.0227686855255899e-16,2.7755575615628914e-16,-2.635904251493289e-16,0.9491914118702311,-3.3574469732416905e-15,-1.649555582159912e-16,7.673395403490919e-17,-3.4138242132323125e-15,-0.9491914118702311,9.253303365089197e-16,3.3306690738754696e-16,1.0922990913449222e-16,8.954145501089749e-16,0.9591379227412051
step4,0.02,0.2,5,0.9643810755857445,0.9304702494440394,0.738243258292435,1.0330276226099676e-06,2.5522722163138514e-05,0.010215270368954367,0.01021527036895448,0.015188383676346584,0.9643810755857447,0.010215270368954367,0.9643810755857446,0.015188383676346454,0.01021527036895446,0.010215270368954359,3.093324347947572e-15,0.004060530012051776,2.220446049250313e-16,0.00994622661478406,0.0,0.0,1.0,-2.989194420735009e-16,-1.566692962755814e-16,5.551115123125783e-16,-2.7698710492092233e-16,0.9491926919093984,-4.147032770441898e-15,-1.0739755833919672e-16,1.401861408082887e-16,-4.25998032454964e-15,-0.9491926919093981,1.103891747105399e-15,4.440892098500626e-16,1.4302527956723435e-16,9.942662211219677e-16,0.9591389185241824
step4,0.02,0.2,6,0.9643811132071781,0.930470321067326,0.7382445864646154,4.381169956245496e-08,1.0768328737952008e-06,0.010215260148749362,0.010215260148749501,0.015188366495322939,0.9643811132071786,0.010215260148749362,0.9643811132071781,0.015188366495322816,0.01021526014874947,0.010215260148749373,3.713714382965984e-15,0.00406052432856713,2.220446049250313e-16,0.009946212693146661,0.0,0.0,1.0,-3.546626422335518e-16,-1.4268361349972808e-16,6.661338147750939e-16,-3.0293958123619363e-16,0.9491927467118556,-5.09146952527665e-15,-1.200149229962615e-16,1.756306161154617e-16,-4.972684780920627e-15,-0.9491927467118554,1.269689308072005e-15,7.216449660063518e-16,1.9488639782735039e-16,1.2712078946060793e-15,0.9591389594050023
step4,0.02,0.2,7,0.9643811148056,0.9304703241102181,0.7382446426686061,1.864197076865728e-09,4.5675790393430145e-08,0.010215259722890578,0.010215259722890682,0.0151883657486188,0.9643811148056002,0.010215259722890578,0.9643811148056,0.015188365748618751,0.01021525972289055,0.010215259722890615,4.29425971541019e-15,0.0040605240665981274,2.220446049250313e-16,0.009946212051456516,0.0,0.0,1.0,-3.7833122503299884e-16,-1.6663766540013866e-16,7.216449660063518e-16,-4.3243891794388935e-16,0.9491927490569813,-5.886954346035311e-15,-1.523401203061322e-16,1.7709087230610857e-16,-5.800393616789905e-15,-0.9491927490569815,1.4395337959732556e-15,6.106226635438361e-16,1.882952792195472e-16,1.4109804858439567e-15,0.9591389611084378
step4,0.02,0.2,8,0.9643811148736787,0.9304703242398145,0.7382446450564144,7.947651963504599e-11,1.9436718604867877e-09,0.010215259704973884,0.010215259704973952,0.015188365716373352,0.964381114873679,0.010215259704973884,0.9643811148736788,0.015188365716373357,0.010215259704973889,0.010215259704973879,4.977607339214033e-15,0.0040605240548987455,0.0,0.009946212022798884,0.0,0.0,1.0,-4.961877194649306e-16,-1.8229806022187914e-16,7.771561172376096e-16,-4.721980740295459e-16,0.9491927491573057,-6.751019764556666e-15,-1.688487478346335e-16,1.6680260894521348e-16,-6.7947813780423715e-15,-0.9491927491573057,1.6416346301438162e-15,7.771561172376096e-16,1.5962243211762369e-16,1.6225990948098685e-15,0.9591389611801046
step4,0.02,0.2,9,0.9643811148765824,0.9304703242453418,0.7382446451581111,3.3919657229491653e-12,8.286845719280148e-11,0.010215259704215461,0.010215259704215515,0.015188365714986343,0.9643811148765826,0.010215259704215461,0.9643811148765825,0.015188365714986307,0.010215259704215487,0.010215259704215498,5.6156772564303195e-15,0.004060524054385488,0.0,0.009946212021541667,0.0,0.0,1.0,-5.451958925198888e-16,-2.1566787460566608e-16,7.771561172376096e-16,-5.410962466908337e-16,0.9491927491615963,-7.720296015507157e-15,-1.917208393196346e-16,2.1379673829626785e-16,-7.624989597897709e-15,-0.9491927491615963,1.7889686862021047e-15,8.326672684688674e-16,1.5339642274297482e-16,1.8207039089768035e-15,0.959138961183138
step4,0.02,0.2,10,0.9643811148767065,0.9304703242455779,0.7382446451624484,1.4490409877523027e-13,3.5368683214250206e-12,0.01021525970418321,0.010215259704183315,0.015188365714926846,0.9643811148767066,0.01021525970418321,0.9643811148767065,0.015188365714926773,0.010215259704183254,0.010215259704183228,6.204013492337753e-15,0.004060524054363255,0.0,0.009946212021487155,0.0,0.0,1.0,-5.678525870614684e-16,-2.741626223763805e-16,9.43689570931383e-16,-5.816519148336504e-16,0.9491927491617799,-8.578305642578832e-15,-9.221229159280991e-17,1.5817374335827798e-16,-8.391885745519686e-15,-0.9491927491617799,1.973610331211075e-15,7.216449660063518e-16,1.8782525548332058e-16,1.9581348551493196e-15,0.959138961183267
step4,0.02,0.3,0,0.7749999999999998,0.6174999999999999,nan,nan,nan,0.07500000000000001,0.07500000000000001,0.07500000000000001,0.7749999999999999,0.07500000000000001,0.7749999999999998,0.075,0.075,0.075,8.879893162462571e-18,1.9229626863835638e-16,0.0,0.0,0.0,0.0,1.0,0.0,0.0,0.0,0.0,0.7,0.0,0.0,0.0,0.0,-0.7,0.0,0.0,0.0,0.0,0.7
step4,0.02,0.3,1,0.9349802959464095,0.8756117185297382,0.49265159769442557,0.18476824457889002,nan,0.02012525661459459,0.020125256614594675,0.024769190824400832,0.9349802959464097,0.02012525661459459,0.9349802959464096,0.0247691908244008,0.02012525661459467,0.020125256614594602,5.75285973472517e-16,0.0037917564043600713,2.220446049250313e-16,0.009287868419612266,0.0,1.1102230246251565e-16,0.9999999999999999,-6.658232628551241e-17,-2.88041007498796e-17,-1.1102230246251565e-16,-3.899032250406723e-17,0.9102111051220091,-8.081397796311971e-16,1.754373884271814e-17,-2.4667346890328158e-17,-7.496417574987392e-16,-0.9102111051220089,1.7849271741494132e-16,-1.1102230246251565e-16,3.2696678086635525e-17,1.7840509440767227e-16,0.9194989735416214
step4,0.02,0.3,2,0.9627926486845284,0.9274482160239027,0.6951961798166407,0.03211673575323593,0.21688362747234427,0.010715770647952328,0.010715770647952415,0.015775810019566534,0.9627926486845286,0.010715770647952328,0.9627926486845285,0.015775810019566534,0.010715770647952415,0.010715770647952346,1.2559586169906763e-15,0.00413150484628262,2.220446049250313e-16,0.010120078743228067,0.0,0.0,1.0,-1.1875054245873869e-16,-7.867795782486478e-17,-1.6653345369377348e-16,-1.32654778293164e-16,0.9470168386649622,-1.7050737955657048e-15,-6.423809772621248e-17,1.1136798602720437e-17,-1.73282150218711e-15,-0.947016838664962,3.6575561411063127e-16,-2.7755575615628914e-16,-3.890223719447862e-17,3.761552408562783e-16,0.9571369174081903
step4,0.02,0.3,3,0.9643139476879704,0.9303424282049999,0.7358731463001484,0.001757829152543929,0.03387270166817893,0.010235009963821142,0.010235009963821182,0.015216032384387072,0.9643139476879707,0.010235009963821142,0.9643139476879704,0.015216032384387077,0.01023500996382119,0.010235009963821184,1.92678533682412e-15,0.004066987775916365,0.0,0.009962044841131723,0.0,0.0,1.0,-1.9237878824038925e-16,-1.0777359128514466e-16,-5.551115123125783e-16,-1.6674085560931125e-16,0.9490979153035836,-2.6337220931621613e-15,-7.7589010556486e-18,1.863182563877207e-16,-2.6076960187332153e-15,-0.9490979153035836,5.68692975485833e-16,-3.3306690738754696e-16,2.1702276913408648e-17,5.811225131057899e-16,0.9590599601447153
step4,0.02,0.3,4,0.9643782891832093,0.9304649442347404,0.7381442830006926,7.45449896951814e-05,0.0018323011580254954,0.010216052270212423,0.01021605227021251,0.015189606276365609,0.9643782891832094,0.010216052270212423,0.9643782891832093,0.015189606276365538,0.010216052270212468,0.010216052270212477,2.583652347489529e-15,0.0040608898410834145,0.0,0.009947108012306138,0.0,1.1102230246251565e-16,0.9999999999999999,-2.6730268531085166e-16,-2.0875234024151515e-16,-4.996003610813204e-16,-2.1044017667430515e-16,0.9491886829068439,-3.573781617726082e-15,-4.427953801636527e-17,1.3781508100184757e-16,-3.448245141497411e-15,-0.9491886829068439,7.712408525751735e-16,-5.551115123125783e-16,5.8322415526842815e-18,7.496380299237766e-16,0.95913579091915
step4,0.02,0.3,5,0.9643809953148386,0.9304700966243107,0.7382404233781554,3.144068533837408e-06,7.768779355696372e-05,0.01021529221758287,0.010215292217582961,0.01518842024999532,0.9643809953148388,0.01021529221758287,0.9643809953148387,0.01518842024999531,0.010215292217582893,0.010215292217582947,3.194048231038264e-15,0.004060542034980521,0.0,0.009946256064824799,0.0,0.0,1.0,-3.1453493287616266e-16,-1.986913859820905e-16,-5.551115123125783e-16,-3.276332614668887e-16,0.9491925750648434,-4.378492559344204e-15,-6.634699188964918e-18,1.5983405462161018e-16,-4.342466142915089e-15,-0.9491925750648434,9.682654012431532e-16,-7.216449660063518e-16,2.6010968382476484e-17,9.302946003021339e-16,0.9591388311296682
step4,0.02,0.3,6,0.9643811097975468,0.9304703145764385,0.7382444665444187,1.3330111820576083e-07,3.277348551216266e-06,0.01021526105827712,0.010215261058277176,0.015188368085898716,0.964381109797547,0.01021526105827712,0.9643811097975467,0.015188368085898659,0.010215261058277183,0.01021526105827714,3.724618334819337e-15,0.004060524884640618,0.0,0.009946214055242986,0.0,1.1102230246251565e-16,0.9999999999999999,-3.276924228615928e-16,-1.6593843499592423e-16,-6.661338147750939e-16,-3.6785526554108945e-16,0.9491927417116482,-5.07113139276435e-15,6.958077138602304e-18,2.2614270835411244e-16,-5.107788970252178e-15,-0.9491927417116482,1.0995274981064924e-15,-5.551115123125783e-16,4.8666807264036683e-17,1.117271093488826e-15,0.9591389557668912
step4,0.02,0.3,7,0.9643811146604018,0.9304703238338154,0.738244637575098,5.670883515696795e-09,1.3897165385190592e-07,0.010215259761132679,0.010215259761132765,0.015188365817332537,0.964381114660402,0.010215259761132679,0.9643811146604019,0.015188365817332546,0.010215259761132713,0.010215259761132656,4.347535881635933e-15,0.004060524091478174,2.220446049250313e-16,0.009946212112399655,0.0,0.0,1.0,-3.748606747779063e-16,-2.0891910824299378e-16,-7.771561172376096e-16,-3.57898796875066e-16,0.9491927488430696,-5.953177567154833e-15,-3.3728020718244413e-17,2.373601813103179e-16,-5.907806917407291e-15,-0.9491927488430694,1.2894548091158262e-15,-8.326672684688674e-16,1.524987808046636e-17,1.337443311218848e-15,0.9591389609554692
step4,0.02,0.3,8,0.9643811148674859,0.9304703242280259,0.7382446448395166,2.4173892072308307e-10,5.912616750102874e-09,0.010215259706591952,0.010215259706592022,0.015188365719329855,0.9643811148674861,0.010215259706591952,0.9643811148674859,0.015188365719329912,0.010215259706592041,0.010215259706592029,4.963474347682397e-15,0.004060524055991636,0.0,0.009946212025475853,0.0,0.0,1.0,-4.069580742774041e-16,-1.5718938899396846e-16,-8.326672684688674e-16,-4.121942705348623e-16,0.9491927491481562,-6.779142755160639e-15,-1.136471972661694e-17,1.9700363847785372e-16,-6.796291186344663e-15,-0.9491927491481562,1.5082948955405995e-15,-7.771561172376096e-16,2.0619209096721745e-17,1.446643251202716e-15,0.9591389611736321
step4,0.02,0.3,9,0.964381114876318,0.9304703242448382,0.7382446451488602,1.0316752551168925e-11,2.520555810625672e-10,0.010215259704284062,0.010215259704284245,0.015188365715113245,0.964381114876318,0.010215259704284062,0.964381114876318,0.015188365715113346,0.010215259704284236,0.010215259704284182,5.560167297111388e-15,0.004060524054433082,0.0,0.009946212021658352,0.0,1.1102230246251565e-16,0.9999999999999999,-4.795478954914556e-16,-2.022191238693308e-16,-8.326672684688674e-16,-4.923763442103658e-16,0.9491927491612048,-7.689573663951897e-15,2.0381901693102826e-17,2.792433648008905e-16,-7.536182290749291e-15,-0.9491927491612048,1.6791220142654133e-15,-9.992007221626409e-16,1.9084806459881994e-17,1.7112437624162272e-15,0.9591389611828631
step4,0.02,0.3,10,0.9643811148766952,0.9304703242455563,0.7382446451620533,4.407496178974433e-13,1.0757500106323952e-11,0.010215259704186205,0.010215259704186257,0.015188365714932477,0.9643811148766954,0.010215259704186205,0.9643811148766951,0.015188365714932308,0.010215259704186182,0.010215259704186215,6.230483223668168e-15,0.004060524054365349,0.0,0.009946212021492262,0.0,0.0,1.0,-5.802435171378007e-16,-2.373452442959498e-16,-9.43689570931383e-16,-5.387067146858875e-16,0.949192749161763,-8.505369713818813e-15,5.236782885611826e-18,2.6815859134191547e-16,-8.564539166286649e-15,-0.949192749161763,1.8934878169880903e-15,-1.0547118733938987e-15,-2.6028786877996214e-17,1.7906352993950895e-15,0.9591389611832553
step4,0.02,0.5,0,0.6249999999999998,0.4375,nan,nan,nan,0.12499999999999997,0.125,0.125,0.625,0.12499999999999997,0.6249999999999999,0.12499999999999997,0.12499999999999997,0.12499999999999997,4.844614790834e-18,2.254873622441467e-16,0.0,0.0,0.0,0.0,1.0,0.0,0.0,0.0,0.0,0.5,0.0,0.0,0.0,0.0,-0.5,0.0,0.0,0.0,0.0,0.5
step4,0.02,0.5,1,0.8552395803057604,0.7384311575771663,0.3514025874221617,0.2658788770688744,nan,0.04688570016857519,0.04688570016857528,0.05098901935708875,0.8552395803057606,0.04688570016857519,0.8552395803057605,0.05098901935708877,0.04688570016857529,0.04688570016857522,5.288789702599796e-16,0.0033503460878764133,2.220446049250313e-16,0.008206638377026954,0.0,0.0,1.0,-6.959399704194255e-17,-4.724914623945691e-17,0.0,-1.1267227459229768e-16,0.804250560948672,-7.340269987873645e-16,-1.6550976861713205e-17,1.3386804902055168e-17,-6.975196835586384e-16,-0.8042505609486718,1.7476842971681672e-16,-5.551115123125783e-17,1.575086406051989e-17,1.6058901800330232e-16,0.8124571993256989
step4,0.02,0.5,2,0.953796598380575,0.9104581928910347,0.5875482994658364,0.11380796738592898,0.37968617898266943,0.01363775478063142,0.013637754780631497,0.01892789205816194,0.9537965983805751,0.01363775478063142,0.9537965983805748,0.018927892058161908,0.013637754780631485,0.013637754780631423,1.1601218665254665e-15,0.004319378999741934,2.220446049250313e-16,0.01058027455506072,0.0,1.1102230246251565e-16,0.9999999999999999,-1.16654149112463e-16,-4.26437723032503e-17,-5.551115123125783e-17,-1.7247160971831796e-16,0.9348687063224133,-1.6076666959621793e-15,7.172541463696983e-19,4.6704110948867583e-17,-1.5484873939690737e-15,-0.934868706322413,3.7455815789160737e-16,-1.1102230246251565e-16,1.6978613983469268e-17,4.128497457533173e-16,0.945448980877474
step4,0.02,0.5,3,0.9638949830918999,0.9295448686455106,0.722540791011146,0.011662682622484133,0.1254666888610473,0.01036138014038458,0.010361380140384622,0.015382256627330629,0.9638949830919001,0.01036138014038458,0.9638949830918999,0.015382256627330653,0.010361380140384615,0.010361380140384643,1.8064075777913257e-15,0.004099528484851809,0.0,0.010041752973892093,0.0,1.1102230246251565e-16,0.9999999999999999,-2.272806662638589e-16,-4.6108113929108964e-17,-1.6653345369377348e-16,-1.9179076476046349e-16,0.9485127264645694,-2.501495261407222e-15,2.4568579845436358e-17,7.860166066385335e-17,-2.4391189273534268e-15,-0.9485127264645694,6.286631344947595e-16,-1.1102230246251565e-16,1.864412862804955e-17,5.673707266080297e-16,0.9585544794384615
step4,0.02,0.5,4,0.964360641095475,0.930431341774896,0.7375184246761866,0.0005389370403884408,0.012201000409079028,0.010221086353185154,0.010221086353185216,0.015197186198154338,0.9643606410954751,0.010221086353185154,0.964360641095475,0.015197186198154307,0.010221086353185173,0.010221086353185188,2.4401698852193053e-15,0.004062968509772295,0.0,0.009952199689938324,0.0,0.0,1.0,-2.4134560996614753e-16,-4.4211335265624e-17,-5.551115123125783e-17,-2.5214453628241253e-16,0.9491634548973209,-3.29895758565892e-15,1.8180283873379305e-17,1.188633927297064e-16,-3.3920651639383924e-15,-0.9491634548973209,8.463199160547521e-16,-5.551115123125783e-17,-4.591985772676761e-17,7.521135989001798e-16,0.9591156545872592
step4,0.02,0.5,5,0.9643802501010514,0.9304686778467341,0.7382140549659568,2.2761060397826505e-05,0.000561685322567056,0.010215497095736263,0.010215497095736407,0.015188755707475875,0.9643802501010517,0.010215497095736263,0.9643802501010513,0.015188755707475682,0.010215497095736287,0.010215497095736407,3.0340273755557022e-15,0.004060648652554562,2.220446049250313e-16,0.009946517223478835,0.0,1.1102230246251565e-16,0.9999999999999999,-2.83042534357443e-16,-1.0861901853672673e-16,-1.1102230246251565e-16,-2.9538494549681077e-16,0.9491914943935758,-4.07467139381934e-15,5.759595374352084e-17,8.775256133635594e-17,-4.2367848139046005e-15,-0.949191494393576,1.0205276339348485e-15,-1.1102230246251565e-16,-4.9776358955330393e-17,9.8092129676295e-16,0.9591380116170546
step4,0.02,0.5,6,0.9643810781838245,0.9304702543925816,0.7382433532059267,9.635325459983486e-07,2.372438023110328e-05,0.01021526954527906,0.010215269545279166,0.015188382725617048,0.9643810781838246,0.01021526954527906,0.9643810781838246,0.015188382725617075,0.010215269545279104,0.01021526954527916,3.690269431059975e-15,0.004060529908312577,2.220446049250313e-16,0.009946226360675992,0.0,0.0,1.0,-4.2151012323962183e-16,-9.42064684076427e-17,-2.7755575615628914e-16,-3.806663892860349e-16,0.9491926954582075,-5.083367902651131e-15,4.9486532849242823e-17,1.3706645054501505e-16,-5.026830041172924e-15,-0.9491926954582077,1.2126034590766466e-15,-3.3306690738754696e-16,-6.789402133740463e-17,1.1523826982169469e-15,0.9591389218188835
step4,0.02,0.5,7,0.9643811133152149,0.9304703212730562,0.738244590347819,4.0949548586729566e-08,1.0044785785762923e-06,0.010215260116849603,0.010215260116849643,0.015188366451085815,0.9643811133152151,0.010215260116849603,0.9643811133152149,0.015188366451085782,0.010215260116849596,0.010215260116849634,4.298557021354954e-15,0.004060524318493874,0.0,0.009946212668472287,0.0,2.220446049250313e-16,1.0000000000000002,-4.394522266479098e-16,-8.155440140611617e-17,-1.6653345369377348e-16,-4.856060395850378e-16,0.9491927468641294,-5.880707802164918e-15,4.2553490779996016e-17,4.433909710809253e-17,-5.897554329551909e-15,-0.9491927468641294,1.4305850014163697e-15,-2.7755575615628914e-16,-6.14199497623846e-17,1.3857743401440062e-15,0.9591389595326016
step4,0.02,0.5,8,0.964381114810139,0.9304703241188605,0.738244642830046,1.7445556264494434e-09,4.26940465934444e-08,0.010215259721613716,0.010215259721613835,0.015188365746633035,0.9643811148101392,0.010215259721613716,0.964381114810139,0.015188365746633084,0.010215259721613839,0.01021525972161374,4.985986873053532e-15,0.004060524066019315,2.220446049250313e-16,0.009946212050038539,0.0,2.220446049250313e-16,0.9999999999999998,-5.791489544694932e-16,-5.098166106325699e-17,-2.7755575615628914e-16,-5.361844325996672e-16,0.9491927490635063,-6.765879191238426e-15,6.999620616242051e-18,2.8143377002012604e-17,-6.925565032041675e-15,-0.949192749063506,1.660619012497313e-15,-1.6653345369377348e-16,-3.434474614835208e-17,1.4894938697821022e-15,0.9591389611135448
step4,0.02,0.5,9,0.9643811148738706,0.9304703242401796,0.7382446450631963,7.443060754078499e-11,1.8189852956956816e-09,0.010215259704921598,0.010215259704921653,0.015188365716286047,0.9643811148738708,0.010215259704921598,0.9643811148738706,0.015188365716286012,0.01021525970492161,0.010215259704921612,5.6263270468108466e-15,0.004060524054870131,0.0,0.009946212022728829,0.0,0.0,1.0,-6.494432790309559e-16,-1.2279506268713284e-16,-3.3306690738754696e-16,-5.971838729272978e-16,0.9491927491575848,-7.779425552294181e-15,1.348057276341024e-17,9.591315953984061e-17,-7.66327700495438e-15,-0.9491927491575848,1.785138661896876e-15,-3.885780586188048e-16,-1.2038053407648912e-18,1.7376534013121742e-15,0.9591389611803136
step4,0.02,0.5,10,0.9643811148765906,0.9304703242453574,0.7382446451583975,3.1781968821795486e-12,7.760878949121217e-11,0.010215259704213258,0.010215259704213305,0.015188365714982548,0.9643811148765908,0.010215259704213258,0.9643811148765906,0.015188365714982605,0.010215259704213251,0.01021525970421328,6.268555600502113e-15,0.004060524054384292,0.0,0.00994621202153867,0.0,1.1102230246251565e-16,0.9999999999999999,-7.242739749887688e-16,-1.235756431253067e-16,-3.885780586188048e-16,-6.595772084598539e-16,0.9491927491616082,-8.620910515657531e-15,7.382917066969115e-17,4.72596329297992e-17,-8.622385184039153e-15,-0.9491927491616082,1.8999997321881394e-15,-3.3306690738754696e-16,-8.602716374386597e-17,1.9045024731325265e-15,0.9591389611831469
step4,0.02,0.5,11,0.964381114876707,0.9304703242455787,0.7382446451624605,1.3594880204953142e-13,3.3141440774854166e-12,0.010215259704183084,0.01021525970418317,0.015188365714926528,0.9643811148767072,0.010215259704183084,0.964381114876707,0.015188365714926601,0.010215259704183188,0.010215259704183126,6.8739510659033414e-15,0.004060524054363143,2.220446049250313e-16,0.009946212021486822,0.0,0.0,1.0,-7.5593441478752015e-16,-5.5030922007335125e-17,-4.440892098500626e-16,-7.848285108972919e-16,0.9491927491617806,-9.410231686178736e-15,5.98881037470443e-17,6.431823638865645e-17,-9.480485045296763e-15,-0.9491927491617804,2.0386608061847355e-15,-3.3306690738754696e-16,-7.881511204610793e-17,2.190016036267073e-15,0.9591389611832675
step4,0.05,0.05,0,0.9624999999999998,0.926875,nan,nan,nan,0.0124999999999999,0.012500000000000011,0.012500000000000067,0.9624999999999999,0.0124999999999999,0.9624999999999998,0.01250000000000003,0.01250000000000001,0.01250000000000001,8.494454310017238e-17,1.9229626863835638e-16,0.0,0.0,0.0,0.0,1.0,0.0,0.0,0.0,0.0,0.95,0.0,0.0,0.0,0.0,-0.95,0.0,0.0,0.0,0.0,0.95
step4,0.05,0.05,1,0.9130319152556521,0.8362370700144192,0.5154404691462419,0.057891545398960166,nan,0.0251456983046048,0.02514569830460489,0.036676688135138066,0.9130319152556523,0.0251456983046048,0.9130319152556521,0.036676688135138066,0.02514569830460491,0.025145698304604832,6.028645976854618e-16,0.009415013771342719,2.220446049250313e-16,0.023061979661066268,0.0,0.0,1.0,-1.01339687753867e-17,3.084723850057505e-17,-2.220446049250313e-16,-8.138039440858795e-18,0.8763552271205143,-8.528717913644196e-16,-7.065674865820021e-17,-8.138039440856552e-20,-7.419456446899048e-16,-0.8763552271205141,1.2751473192731677e-16,-1.6653345369377348e-16,-2.282363837477529e-18,1.9482466421415834e-16,0.8994172067815805
step4,0.05,0.05,2,0.9087035193633363,0.8286198891888874,0.46646334935367345,0.005029014285689096,0.06291424638782682,0.026360838558937776,0.026360838558937824,0.03857480351878785,0.9087035193633364,0.026360838558937776,0.9087035193633364,0.03857480351878793,0.026360838558937793,0.026360838558937824,1.1697637632070511e-15,0.009972660629288687,0.0,0.02442792991970022,0.0,0.0,1.0,-2.348333573350183e-17,8.83333948505148e-17,-2.220446049250313e-16,-8.165196225620226e-17,0.8701287158445485,-1.6123578387083965e-15,-8.181113787449033e-17,-1.8524564124204473e-17,-1.581586064146998e-15,-0.8701287158445485,3.8539959059702466e-16,-3.885780586188048e-16,6.512661437345748e-17,3.212977737260987e-16,0.8945566457642488
step4,0.05,0.05,3,0.9082044601193167,0.8277449781301432,0.462347328855047,0.0005803491988453068,0.005609348426032329,0.026499129148866138,0.026499129148866183,0.038797281582950635,0.908204460119317,0.026499129148866138,0.9082044601193167,0.038797281582950635,0.026499129148866134,0.026499129148866162,1.7245809126041828e-15,0.010041399414157983,0.0,0.024596304868168994,0.0,1.1102230246251565e-16,0.9999999999999999,-8.65458041436445e-17,1.6113097159429705e-16,-3.3306690738754696e-16,-8.999981634354397e-17,0.8694071785363663,-2.3704288481626376e-15,-1.1620161229222267e-16,-1.310077971774974e-16,-2.309451283757068e-15,-0.8694071785363663,5.671176494367784e-16,-3.3306690738754696e-16,1.1435960907550893e-16,5.338998681684262e-16,0.8940034834045353
step4,0.05,0.05,4,0.9081454567297034,0.8276415913004582,0.46187456183864695,6.866686414069481e-05,0.0006490148596183066,0.026515302388134033,0.02651530238813413,0.038823938494028286,0.9081454567297034,0.026515302388134033,0.9081454567297034,0.038823938494028314,0.026515302388134102,0.02651530238813409,2.3006093645779455e-15,0.010049959296346167,0.0,0.024617272211788443,0.0,0.0,1.0,-1.2476785974738312e-16,1.1837281534426228e-16,-5.551115123125783e-16,-1.6202017997097116e-16,0.8693215182356752,-3.0869476819639018e-15,-1.8866924543276153e-16,-8.155500090467042e-17,-3.177249778208274e-15,-0.8693215182356752,6.323686178674156e-16,-6.106226635438361e-16,1.1246723278249527e-16,5.683103022395445e-16,0.8939387904474636
step4,0.05,0.05,5,0.9081384531065249,0.8276293207047173,0.46181869572229517,8.154797652421317e-06,7.682160431626238e-05,0.02651720880513601,0.026517208805136083,0.03882712928320286,0.9081384531065251,0.02651720880513601,0.908138453106525,0.038827129283202914,0.026517208805136073,0.026517208805136024,2.8511643734824943e-15,0.010051007981833794,0.0,0.024619840956133676,0.0,2.220446049250313e-16,1.0000000000000002,-2.1521074342606543e-16,1.0639310299377518e-16,-5.551115123125783e-16,-2.1762741688913254e-16,0.8693113238233222,-3.907766596928465e-15,-1.6806710932672274e-16,-8.229150237961359e-17,-3.912917185123599e-15,-0.8693113238233222,7.776028708346428e-16,-4.996003610813204e-16,1.6065585912637026e-16,8.163707602790808e-16,0.8939311647794559
step4,0.05,0.05,6,0.908137620863188,0.8276278626410852,0.4618120651821048,9.693433488107167e-07,9.124138489492981e-06,0.02651743438453478,0.02651743438453487,0.038827510367741895,0.9081376208631884,0.02651743438453478,0.908137620863188,0.0388275103677419,0.026517434384534803,0.026517434384534872,3.4287068511627848e-15,0.010051134951249055,2.220446049250313e-16,0.024620151966414205,0.0,2.220446049250313e-16,0.9999999999999998,-2.6756530857152977e-16,1.2749234925964852e-16,-4.440892098500626e-16,-2.962899943253887e-16,0.8693101104954463,-4.734113670385245e-15,-1.711179402253907e-16,-1.0536370123159122e-16,-4.681240973448923e-15,-0.8693101104954465,9.69054573980012e-16,-3.885780586188048e-16,1.6503604263001994e-16,1.0196367817439168e-15,0.8939302624618605
step4,0.05,0.05,7,0.9081375219164014,0.8276276892929928,0.4618112773027129,1.1526897269608834e-07,1.084612213843137e-06,0.026517461135417024,0.026517461135417173,0.03882755581276441,0.9081375219164016,0.026517461135417024,0.9081375219164014,0.03882755581276433,0.026517461135417038,0.026517461135417086,4.015156036091605e-15,0.010051150214950672,0.0,0.024620189354694677,0.0,0.0,1.0,-3.304578106813694e-16,1.1243506903615477e-16,-6.106226635438361e-16,-3.2335811751723684e-16,0.8693099661036372,-5.4776636119323725e-15,-1.3316295013391825e-16,-1.2443837668500394e-16,-5.542207303642711e-15,-0.8693099661036372,1.1680080684404732e-15,-5.551115123125783e-16,2.1930225975250711e-16,1.1832000511310488e-15,0.8939301554583319
step4,0.05,0.05,8,0.908137510149031,0.8276276686775965,0.4618111836323224,1.3710098044800497e-08,1.2897906614708286e-07,0.02651746431190943,0.026517464311909447,0.03882756122715015,0.908137510149031,0.02651746431190943,0.9081375101490309,0.038827561227150156,0.02651746431190942,0.02651746431190942,4.580209905336921e-15,0.010051152042182994,0.0,0.02462019383048142,0.0,0.0,1.0,-3.9666385791679615e-16,5.1342194662921965e-17,-5.551115123125783e-16,-4.165507381232365e-16,0.869309948921881,-6.279758169788935e-15,-1.8765683040792624e-16,-7.357306975137833e-17,-6.305236223123353e-15,-0.869309948921881,1.3479568192459635e-15,-5.551115123125783e-16,2.2578904879573977e-16,1.3914166200665777e-15,0.8939301427523624
step4,0.05,0.05,9,0.9081375087493408,0.8276276662254798,0.4618111724925851,1.6308850747960253e-09,1.5340982923871183e-08,0.026517464689394584,0.026517464689394657,0.03882756187186995,0.9081375087493408,0.026517464689394584,0.9081375087493408,0.03882756187186988,0.026517464689394615,0.026517464689394633,5.1580704436225894e-15,0.010051152260379064,0.0,0.024620194364950554,0.0,2.220446049250313e-16,1.0000000000000002,-5.208196274999723e-16,6.713315699375058e-17,-3.3306690738754696e-16,-4.897604958872997e-16,0.8693099468774711,-7.066425907816957e-15,-1.313534096289553e-16,2.034613336030294e-17,-7.104808521165914e-15,-0.8693099468774711,1.5968831846463074e-15,-4.996003610813204e-16,1.9547563051277398e-16,1.6018765121233755e-15,0.8939301412424216
step4,0.05,0.05,10,0.908137508582835,0.8276276659337798,0.4618111711675591,1.9401652079407056e-10,1.824901587259874e-09,0.02651746473427506,0.026517464734275114,0.038827561948614614,0.9081375085828353,0.02651746473427506,0.9081375085828352,0.038827561948614565,0.026517464734275034,0.026517464734275065,5.723976866807241e-15,0.010051152286396128,0.0,0.02462019442867902,0.0,0.0,1.0,-5.405963827887185e-16,3.8485074685244853e-17,-6.106226635438361e-16,-6.187404502145087e-16,0.8693099466342207,-7.803850233850316e-15,-1.4001469172592139e-16,-2.7794271545161403e-17,-7.859127609434847e-15,-0.8693099466342207,1.8332108529382776e-15,-7.216449660063518e-16,1.831351807692113e-16,1.799824412073621e-15,0.8939301410628997
step4,0.05,0.05,11,0.9081375085630266,0.8276276658990773,0.4618111710099361,2.308204828826335e-11,2.1709856869329229e-10,0.026517464739612473,0.026517464739612497,0.03882756195774835,0.9081375085630267,0.026517464739612473,0.9081375085630266,0.038827561957748294,0.026517464739612494,0.026517464739612494,6.300105597623695e-15,0.010051152289495779,0.0,0.024620194436271614,0.0,0.0,1.0,-6.924609542466118e-16,5.2895405358984734e-17,-7.771561172376096e-16,-6.459897362635843e-16,0.8693099466052784,-8.62687571612342e-15,-1.755829365237794e-16,3.6332381117149223e-19,-8.628698315255973e-15,-0.8693099466052784,1.9951252603480287e-15,-6.661338147750939e-16,1.7154598785028016e-16,1.959114654600955e-15,0.89393014104155
step4,0.05,0.05,12,0.9081375085606699,0.8276276658949487,0.4618111709911843,2.7461234605493207e-12,2.5828171700906035e-11,0.026517464740247396,0.02651746474024745,0.038827561958835126,0.9081375085606701,0.026517464740247396,0.9081375085606699,0.03882756195883514,0.02651746474024739,0.02651746474024743,6.852029542219892e-15,0.010051152289864782,0.0,0.024620194437175447,0.0,0.0,1.0,-7.231290325769693e-16,4.646684467694915e-17,-6.661338147750939e-16,-7.706098035268261e-16,0.8693099466018349,-9.372412853834528e-15,-1.85220349192886e-16,-1.0227565284903442e-16,-9.421657879347281e-15,-0.8693099466018349,2.1940323620519888e-15,-6.661338147750939e-16,1.7776197487946091e-16,2.083673411024378e-15,0.8939301410390104
step4,0.05,0.05,13,0.9081375085603893,0.8276276658944574,0.46181117098895336,3.268730178440858e-13,3.0729961271318445e-12,0.02651746474032296,0.026517464740323,0.03882756195896455,0.9081375085603896,0.02651746474032296,0.9081375085603893,0.03882756195896449,0.02651746474032296,0.026517464740322953,7.417654794565767e-15,0.010051152289908705,0.0,0.02462019443728314,0.0,1.1102230246251565e-16,0.9999999999999999,-8.045470221049577e-16,7.774675404667276e-17,-6.106226635438361e-16,-8.185685466074146e-16,0.869309946601425,-1.0164685893668304e-14,-1.520641195406992e-16,-2.797593346150534e-17,-1.018416296164595e-14,-0.869309946601425,2.3321334428979946e-15,-7.771561172376096e-16,1.8344407344666586e-16,2.2776088491253408e-15,0.8939301410387082
step4,0.05,0.1,0,0.9249999999999998,0.8574999999999999,nan,nan,nan,0.024999999999999935,0.024999999999999994,0.025000000000000026,0.925,0.024999999999999935,0.9249999999999998,0.024999999999999956,0.024999999999999988,0.024999999999999988,2.924295323337349e-18,1.7554167342883506e-16,0.0,1.1102230246251565e-16,0.0,0.0,1.0,0.0,0.0,0.0,0.0,0.9,0.0,0.0,0.0,0.0,-0.9,0.0,0.0,0.0,0.0,0.8999999999999999
step4,0.05,0.1,1,0.9100330157841576,0.830945951669686,0.4779529880646465,0.019660194765108774,nan,0.026162716386242037,0.02616271638624214,0.037641551443358054,0.9100330157841579,0.026162716386242037,0.9100330157841577,0.037641551443358096,0.026162716386242138,0.026162716386242058,5.516439770880455e-16,0.00937242957716855,2.220446049250313e-16,0.022957670114231887,0.0,0.0,1.0,-4.57565638605812e-17,7.195277100166952e-17,0.0,-4.1248767909720936e-17,0.8723914643407998,-7.886534549735493e-16,-9.368147796825401e-18,-1.544634713215081e-17,-7.120665243628819e-16,-0.8723914643407996,2.2529140263299663e-16,1.1102230246251565e-16,-3.01850355247126e-17,1.3840278083751029e-16,0.8953491344550317
step4,0.05,0.1,2,0.9083681797391341,0.8280313224914877,0.4636042401810802,0.0020187764539378004,0.02164714671835328,0.026466038240970248,0.026466038240970314,0.038699743778924996,0.9083681797391343,0.026466038240970248,0.9083681797391342,0.03869974377892507,0.026466038240970345,0.026466038240970297,1.1081820342469264e-15,0.009988778743816616,0.0,0.02446741107590944,0.0,0.0,1.0,-6.24626759950615e-17,-1.0615524754840401e-17,-5.551115123125783e-17,-1.431388038538888e-16,0.8696684359602093,-1.5382706632501185e-15,-2.8913128225681814e-17,-9.066060775069321e-17,-1.4877338072487751e-15,-0.8696684359602093,3.5543668062498656e-16,0.0,1.585973802100474e-17,4.0987959346928265e-16,0.8941358470361187
step4,0.05,0.1,3,0.9081654445209295,0.8276765701590645,0.4620292909028448,0.0002407353707914593,0.0022589086553498547,0.026510698578658863,0.0265106985786589,0.03881315832175244,0.9081654445209298,0.026510698578658863,0.9081654445209296,0.03881315832175241,0.02651069857865893,0.02651069857865892,1.6828703451619914e-15,0.0100449163172368,0.0,0.024604919486187038,0.0,0.0,1.0,-1.5440769578689496e-16,1.1126078261973283e-17,-1.6653345369377348e-16,-1.4816613401501709e-16,0.8693522861991774,-2.3013575655793896e-15,-3.2393021365557306e-17,-2.56022363923007e-17,-2.2813567556093172e-15,-0.8693522861991774,6.565686860387477e-16,-1.1102230246251565e-16,1.6546540457945415e-17,5.673437426919381e-16,0.8939572056853644
step4,0.05,0.1,4,0.9081408690225372,0.8276335503881407,0.4618375969013979,2.892019153123359e-05,0.00026963354652449696,0.02651661357215506,0.026516613572155127,0.03882590383315252,0.9081408690225374,0.02651661357215506,0.9081408690225372,0.038825903833152514,0.02651661357215508,0.02651661357215509,2.271881595287918e-15,0.01005049341175133,0.0,0.024618580521994837,0.0,0.0,1.0,-2.0339604941189498e-16,-4.926843109023121e-17,-3.3306690738754696e-16,-2.397799946137163e-16,0.8693149651893849,-3.10869706056952e-15,-4.494720805991537e-17,4.7592695900601236e-17,-3.0738048217831024e-15,-0.8693149651893849,7.956259666785109e-16,-1.6653345369377348e-16,1.015130810737744e-16,7.72763693247129e-16,0.8939335457113797
step4,0.05,0.1,5,0.9081379110172162,0.8276283707625214,0.46181435073421045,3.4655792302358476e-06,3.238487653709772e-05,0.026517360183929837,0.02651736018392996,0.03882736861492368,0.9081379110172163,0.026517360183929837,0.9081379110172163,0.03882736861492374,0.026517360183929844,0.02651736018392997,2.8212194258766594e-15,0.010051079795097909,2.220446049250313e-16,0.02462001686198778,0.0,0.0,1.0,-2.8731009430259796e-16,-4.9616066339957185e-17,-3.885780586188048e-16,-2.6813112647241033e-16,0.8693105424022926,-3.863371281115218e-15,-6.01380873829997e-17,2.779408018311568e-17,-3.843681770223409e-15,-0.8693105424022928,9.446984620826267e-16,-2.220446049250313e-16,2.487521728057555e-17,9.402028849394352e-16,0.8939305592642803
step4,0.05,0.1,6,0.908137556631674,0.8276277500962141,0.4618115518712566,4.142284808465744e-07,3.879770469865814e-06,0.02651745206654197,0.026517452066541995,0.03882753923524183,0.9081375566316741,0.02651745206654197,0.9081375566316741,0.03882753923524189,0.026517452066541988,0.026517452066541995,3.3704178182679475e-15,0.010051144084165747,0.0,0.024620174337399825,0.0,0.0,1.0,-3.92495401618007e-16,4.085799964400443e-17,-3.885780586188048e-16,-3.6895502596331157e-16,0.8693100173964322,-4.620169989239572e-15,-4.4134127373678974e-17,4.178220382646967e-18,-4.584484712517924e-15,-0.8693100173964322,1.0625082464112876e-15,-3.885780586188048e-16,9.691974225509981e-17,1.1459655000468907e-15,0.893930191733832
step4,0.05,0.1,7,0.9081375142931358,0.8276276759365931,0.46181121648795664,4.942435195641833e-08,4.636512669986575e-07,0.02651746321578956,0.026517463215789672,0.0388275592752847,0.908137514293136,0.02651746321578956,0.9081375142931358,0.03882755927528467,0.026517463215789603,0.026517463215789596,3.955571092650664e-15,0.010051151343469638,0.0,0.024620192118990136,0.0,0.0,1.0,-4.603872241183001e-16,-8.762688230391706e-17,-6.106226635438361e-16,-4.078309378782427e-16,0.8693099550178514,-5.38819145216201e-15,-1.3953188375184944e-16,2.1617764635862154e-17,-5.401162223296472e-15,-0.8693099550178514,1.2698963047017037e-15,-4.996003610813204e-16,8.893055403507747e-17,1.2619392813920585e-15,0.8939301471368415
step4,0.05,0.1,8,0.9081375092433754,0.8276276670908997,0.4618111764150571,5.89058094439096e-09,5.531486673495702e-08,0.02651746455776213,0.026517464557762185,0.038827561641100024,0.9081375092433756,0.02651746455776213,0.9081375092433754,0.03882756164110005,0.02651746455776218,0.026517464557762167,4.497318708338723e-15,0.01005115217943374,0.0,0.024620194166675713,0.0,0.0,1.0,-5.64934062971059e-16,-7.01532855685617e-17,-6.661338147750939e-16,-5.153748201152575e-16,0.8693099476022755,-6.095330753275965e-15,-1.416409693394548e-16,1.760303844524793e-16,-6.156271079581786e-15,-0.8693099476022755,1.4386457303831184e-15,-6.106226635438361e-16,9.41664820471332e-17,1.5340530268608728e-15,0.8939301417689512
step4,0.05,0.1,9,0.9081375086416839,0.8276276660368709,0.4618111716351975,7.015797552546876e-10,6.592157895632872e-09,0.02651746471852701,0.026517464718527065,0.03882756192126212,0.9081375086416839,0.02651746471852701,0.9081375086416839,0.03882756192126206,0.026517464718526992,0.02651746471852701,5.086886771634506e-15,0.010051152276921174,0.0,0.02462019440547014,0.0,2.220446049250313e-16,1.0000000000000002,-6.028058277333143e-16,-1.3983198086163025e-16,-6.661338147750939e-16,-6.768722592967535e-16,0.8693099467204219,-6.890992913655834e-15,-1.4636203390672532e-16,1.1099542416272578e-16,-6.98019223934168e-15,-0.8693099467204219,1.6750832055751613e-15,-7.216449660063518e-16,1.332509314278143e-16,1.6573174578333248e-15,0.8939301411258921
step4,0.05,0.1,10,0.9081375085700332,0.827627665911352,0.4618111710656423,8.352464562234283e-11,7.851042817469732e-10,0.026517464737732588,0.02651746473773273,0.038827561954501155,0.9081375085700334,0.026517464737732588,0.9081375085700333,0.03882756195450123,0.02651746473773266,0.026517464737732685,5.705522109066712e-15,0.010051152288379469,0.0,0.024620194433537024,0.0,0.0,1.0,-7.45003205192695e-16,-1.0281382622777817e-16,-7.216449660063518e-16,-7.043032078717125e-16,0.8693099466155322,-7.752280786317698e-15,-1.2912117265388956e-16,4.632378591882519e-17,-7.768401902161253e-15,-0.8693099466155322,1.9558814342923763e-15,-8.881784197001252e-16,1.64834247242266e-16,1.8322260841019865e-15,0.8939301410490692
step4,0.05,0.1,11,0.9081375085615035,0.8276276658964095,0.46181117099781704,9.94165619982238e-12,9.34662967942985e-11,0.02651746474002331,0.02651746474002336,0.03882756195844943,0.9081375085615039,0.02651746474002331,0.9081375085615037,0.038827561958449455,0.02651746474002336,0.02651746474002331,6.285557518369401e-15,0.010051152289732823,0.0,0.02462019443685215,0.0,0.0,1.0,-8.06415631685124e-16,-9.944853944181024e-17,-1.0547118733938987e-15,-8.479977752973973e-16,0.8693099466030544,-8.563459372725476e-15,-1.422396139201215e-16,5.268195262130348e-17,-8.525634342160918e-15,-0.8693099466030544,2.081344857689251e-15,-9.43689570931383e-16,1.3788050722206758e-16,2.0763388115562273e-15,0.8939301410399065
step4,0.05,0.1,12,0.9081375085604887,0.8276276658946315,0.4618111709897426,1.1828420973668765e-12,1.1124497929885707e-11,0.026517464740296204,0.02651746474029631,0.038827561958918504,0.9081375085604888,0.026517464740296204,0.9081375085604888,0.03882756195891857,0.026517464740296322,0.026517464740296235,6.8498254047039125e-15,0.010051152289893006,2.220446049250313e-16,0.024620194437244503,0.0,0.0,1.0,-9.42446596772915e-16,-1.0622225774838091e-16,-1.0547118733938987e-15,-9.183009327770548e-16,0.8693099466015705,-9.338409008669375e-15,-1.4383350210915987e-16,1.1299370527939285e-16,-9.303469469656396e-15,-0.8693099466015702,2.2324503884502805e-15,-1.1102230246251565e-15,1.634270698391701e-16,2.1881267359735436e-15,0.893930141038815
step4,0.05,0.1,13,0.9081375085603679,0.8276276658944197,0.4618111709887819,1.4079049848698052e-13,1.3236317543203335e-12,0.026517464740328626,0.02651746474032875,0.038827561958974306,0.908137508560368,0.026517464740328626,0.9081375085603679,0.03882756195897436,0.02651746474032876,0.026517464740328733,7.429923931059889e-15,0.010051152289912092,0.0,0.024620194437291243,0.0,0.0,1.0,-9.952252841294157e-16,-1.4600167352610402e-16,-1.2212453270876722e-15,-1.0776184239851277e-15,0.8693099466013937,-1.00973298783076e-14,-1.9099172346585039e-16,1.4387622923065036e-16,-1.010937715402754e-14,-0.8693099466013937,2.408137982368921e-15,-1.1102230246251565e-15,1.366792581989937e-16,2.3791714789962953e-15,0.893930141038685
step4,0.05,0.2,0,0.8499999999999999,0.7300000000000001,nan,nan,nan,0.04999999999999999,0.04999999999999999,0.05000000000000002,0.8500000000000001,0.04999999999999999,0.8499999999999999,0.04999999999999998,0.049999999999999975,0.049999999999999975,2.4659545749914493e-17,1.9229626863835638e-16,0.0,0.0,0.0,0.0,1.0,0.0,0.0,0.0,0.0,0.8,0.0,0.0,0.0,0.0,-0.8,0.0,0.0,0.0,0.0,0.8
step4,0.05,0.2,1,0.8994314439402809,0.8124333103873521,0.40905707688766024,0.05781868281881061,nan,0.02975803205503508,0.02975803205503517,0.04105249194964867,0.8994314439402811,0.02975803205503508,0.899431443940281,0.041052491949648606,0.029758032055035077,0.029758032055035157,6.000362319578508e-16,0.009221887887377211,2.220446049250313e-16,0.022588919789227058,0.0,0.0,1.0,-8.094817586163396e-17,-2.3526381422335227e-17,-1.1102230246251565e-16,-5.168266857080525e-17,0.8583789519906324,-8.06347334363183e-16,-4.4382476198435605e-17,3.814673156416579e-17,-7.930021112955383e-16,-0.8583789519906326,1.891339895878707e-16,-5.551115123125783e-17,1.1753458148189583e-17,2.3229257350541817e-16,0.8809678717798595
step4,0.05,0.2,2,0.90710251242873,0.82581251955076,0.4536007477148911,0.008895956668737876,0.06669707388477927,0.026864939776852996,0.02686493977685305,0.039167608017563686,0.9071025124287302,0.026864939776852996,0.9071025124287301,0.03916760801756367,0.02686493977685301,0.02686493977685302,1.1774749914678196e-15,0.010045086554828386,0.0,0.02460533648142127,0.0,0.0,1.0,-8.498437566539785e-17,-2.328059208829349e-17,1.6653345369377348e-16,-9.469444408505514e-17,0.8679349044111665,-1.5623298085162206e-15,-8.862046844151907e-18,4.2723469889936966e-17,-1.6471653589805307e-15,-0.8679349044111665,4.3913376755352955e-16,5.551115123125783e-17,2.37648756657636e-17,4.0973842075396684e-16,0.8925402408925878
step4,0.05,0.2,3,0.9080171475683316,0.82741658442909,0.46083033835128695,0.0010562080700866315,0.009949107940044097,0.02655480831549636,0.026554808315496465,0.0388732358006754,0.9080171475683319,0.02655480831549636,0.9080171475683316,0.038873235800675414,0.026554808315496364,0.02655480831549646,1.739686267963087e-15,0.01005795392405476,2.220446049250313e-16,0.02463685497035817,0.0,0.0,1.0,-1.328581190929099e-16,-8.379239880196916e-17,5.551115123125783e-17,-1.0176514242637698e-16,0.8691439117676563,-2.3842230345766055e-15,7.18825687722264e-18,1.0886503608403115e-16,-2.3645508498914294e-15,-0.8691439117676565,5.949435193924603e-16,0.0,3.0156289882414805e-17,6.506233318741118e-16,0.8937807667380144
step4,0.05,0.2,4,0.9081234222138264,0.8276029712753853,0.4616971109895579,0.0001228364593604559,0.0011788683984124849,0.026521609368481424,0.026521609368481545,0.038833359049210474,0.9081234222138265,0.026521609368481424,0.9081234222138264,0.0388333590492105,0.02652160936848155,0.02652160936848146,2.261561651065918e-15,0.010052501519553251,2.220446049250313e-16,0.0246234993614578,0.0,0.0,1.0,-1.7589867456430586e-16,-7.25873176478807e-17,1.1102230246251565e-16,-1.5554100733859662e-16,0.8692900631646161,-3.00359588259591e-15,-1.7538893947274674e-17,1.3900568996965706e-16,-3.17615813955157e-15,-0.8692900631646159,7.499512994809446e-16,5.551115123125783e-17,8.887624403322896e-18,8.096808880556108e-16,0.8939135625260739
step4,0.05,0.2,5,0.9081358497234564,0.8276247585830565,0.46179782700216115,1.4396081871162125e-05,0.00013722438249820184,0.02651793647132963,0.026517936471329665,0.03882827733388417,0.9081358497234565,0.02651793647132963,0.9081358497234564,0.038828277333884116,0.026517936471329634,0.026517936471329644,2.8492408249127417e-15,0.01005135122433064,0.0,0.024620681725109006,0.0,0.0,1.0,-2.0041226328030373e-16,-9.755299131401669e-17,2.220446049250313e-16,-2.3907397578015467e-16,0.8693075723895725,-3.893529254869226e-15,-1.8589749473207062e-17,8.429355984953778e-17,-3.895459941477406e-15,-0.8693075723895725,9.36040846026023e-16,3.885780586188048e-16,6.62498446815618e-17,9.997347906842446e-16,0.8939282541146815
step4,0.05,0.2,6,0.9081373124212332,0.8276273221944678,0.46180959999364446,1.697767411176669e-06,1.609348806749838e-05,0.02651751934190112,0.026517519341901153,0.03882764889496433,0.9081373124212333,0.02651751934190112,0.9081373124212333,0.038827648894964366,0.026517519341901122,0.026517519341901115,3.4115432602810207e-15,0.010051178690853499,0.0,0.02462025910612653,0.0,0.0,1.0,-3.5485779635067977e-16,-1.114862907186824e-16,2.220446049250313e-16,-2.7867031116581143e-16,0.869309663526269,-4.655442816105876e-15,-3.2309234608415675e-17,1.4405838119588554e-16,-4.682025671705489e-15,-0.869309663526269,1.088483598276133e-15,2.220446049250313e-16,2.375811710815061e-18,1.2019292131737798e-15,0.8939299226323956
step4,0.05,0.2,7,0.9081374853115186,0.8276276251589666,0.46181098526693126,2.0096454160481792e-07,1.8987162327292724e-06,0.026517471128215387,0.026517471128215415,0.03882757243205032,0.9081374853115188,0.026517471128215387,0.9081374853115186,0.03882757243205034,0.026517471128215436,0.026517471128215408,3.988214902629637e-15,0.010051155625455154,0.0,0.02462020260766984,0.0,0.0,1.0,-4.1858778520844493e-16,-1.783602721893975e-16,3.3306690738754696e-16,-4.1709590298358343e-16,0.8693099128794685,-5.45075497744879e-15,-5.0918256872358884e-17,1.6912730212444072e-16,-5.445674001150386e-15,-0.8693099128794685,1.3062591122351003e-15,4.440892098500626e-16,4.3447097315900376e-17,1.3309283203915176e-15,0.8939301154871383
step4,0.05,0.2,8,0.9081375058004818,0.8276276610589834,0.4618111489768545,2.3838726917979465e-08,2.2480259063106993e-07,0.026517465492626117,0.026517465492626197,0.03882756321426559,0.9081375058004819,0.026517465492626117,0.9081375058004819,0.0388275632142656,0.026517465492626176,0.02651746549262615,4.5358476246997794e-15,0.010051152700604775,0.0,0.02462019544327887,0.0,0.0,1.0,-4.62724960271707e-16,-2.054982281769811e-16,3.885780586188048e-16,-4.8612728254116855e-16,0.8693099425862164,-6.1859365999530875e-15,-2.952457060935028e-17,1.972848388788153e-16,-6.202218021661604e-15,-0.8693099425862164,1.5635676139106088e-15,2.220446049250313e-16,7.538124007689885e-17,1.5504912504715874e-15,0.8939301380294953
step4,0.05,0.2,9,0.9081375082324319,0.8276276653198833,0.46181116837579095,2.8312628007311967e-09,2.6669960640950358e-08,0.026517464829289447,0.026517464829289582,0.03882756210898883,0.9081375082324321,0.026517464829289447,0.9081375082324319,0.03882756210898881,0.026517464829289482,0.026517464829289482,5.139180952868796e-15,0.010051152339762236,0.0,0.024620194559398678,0.0,1.1102230246251565e-16,0.9999999999999999,-5.913310436100702e-16,-2.3263623762029207e-16,4.440892098500626e-16,-5.789564964047098e-16,0.8693099461234433,-6.945442676075606e-15,-5.187364844531946e-17,2.719478742133197e-16,-7.086298574276196e-15,-0.8693099461234433,1.7258572711011133e-15,5.551115123125783e-16,3.198373217826086e-17,1.7231994307408141e-15,0.8939301406828419
step4,0.05,0.2,10,0.9081375085213681,0.8276276658260946,0.461811170678211,3.3650357647015506e-10,3.1677651338213024e-09,0.026517464750877795,0.026517464750877857,0.03882756197687619,0.9081375085213683,0.026517464750877795,0.9081375085213681,0.038827561976876125,0.026517464750877802,0.02651746475087782,5.697450156853825e-15,0.010051152295915543,0.0,0.024620194451996702,0.0,0.0,1.0,-6.968579075301941e-16,-3.126696597976464e-16,2.7755575615628914e-16,-7.110246989740875e-16,0.8693099465444921,-7.820286740809493e-15,-5.398130888695395e-17,2.310739440712925e-16,-7.758356704083129e-15,-0.8693099465444921,1.9045356613414382e-15,3.885780586188048e-16,7.686849723417047e-17,1.881928783043126e-15,0.8939301409964888
step4,0.05,0.2,11,0.9081375085557155,0.8276276658862693,0.4618111709517473,4.001132015907326e-11,3.7651484332847286e-10,0.026517464741584926,0.026517464741585065,0.03882756196111421,0.9081375085557156,0.026517464741584926,0.9081375085557157,0.03882756196111418,0.026517464741584968,0.026517464741584947,6.24002376924014e-15,0.010051152290633528,0.0,0.024620194439058385,0.0,1.1102230246251565e-16,0.9999999999999999,-7.793474870493452e-16,-2.964041067389976e-16,4.996003610813204e-16,-8.280149657650217e-16,0.8693099465946016,-8.469377712417673e-15,-7.753057400710189e-17,3.179083348154428e-16,-8.565505005876013e-15,-0.8693099465946016,2.0443606971904315e-15,5.551115123125783e-16,4.753132653466348e-17,2.0964873878691987e-15,0.89393014103366
step4,0.05,0.2,12,0.9081375085598002,0.8276276658934254,0.4618111709842633,4.758917130226598e-12,4.477023496784131e-11,0.026517464740481875,0.026517464740481955,0.03882756195923572,0.9081375085598005,0.026517464740481875,0.9081375085598004,0.0388275619592357,0.026517464740481896,0.026517464740481896,6.805959593614222e-15,0.01005115229000039,0.0,0.024620194437507625,0.0,0.0,1.0,-8.725300899945297e-16,-3.1241079137495886e-16,4.996003610813204e-16,-8.776086659344388e-16,0.8693099466005648,-9.301610279255744e-15,-5.356435523376008e-17,3.5115246351713314e-16,-9.269009103565509e-15,-0.8693099466005648,2.2523566888363355e-15,6.106226635438361e-16,8.711915553658021e-17,2.289732510573187e-15,0.8939301410380724
step4,0.05,0.2,13,0.9081375085602861,0.8276276658942763,0.4618111709881302,5.658603728116184e-13,5.324777266542831e-12,0.026517464740350712,0.026517464740350844,0.038827561959012075,0.9081375085602861,0.026517464740350712,0.9081375085602861,0.03882756195901214,0.026517464740350813,0.02651746474035085,7.355566704037836e-15,0.010051152289924856,0.0,0.024620194437322662,0.0,0.0,1.0,-9.720392711889085e-16,-3.256562150640032e-16,5.551115123125783e-16,-1.0590889096160084e-15,0.869309946601274,-1.0041115066450677e-14,-1.730478086162458e-17,3.7622180648623574e-16,-1.0049921391514124e-14,-0.869309946601274,2.430100065293316e-15,6.106226635438361e-16,7.904981287382985e-17,2.4188646053720536e-15,0.8939301410385967
step4,0.05,0.3,0,0.7749999999999998,0.6174999999999999,nan,nan,nan,0.07500000000000001,0.07500000000000001,0.07500000000000001,0.7749999999999999,0.07500000000000001,0.7749999999999998,0.075,0.075,0.075,8.879893162462571e-18,1.9229626863835638e-16,0.0,0.0,0.0,0.0,1.0,0.0,0.0,0.0,0.0,0.7,0.0,0.0,0.0,0.0,-0.7,0.0,0.0,0.0,0.0,0.7
step4,0.05,0.3,1,0.8803618293809834,0.779888170120784,0.34826656702561354,0.12199020037448487,nan,0.03622511873166642,0.03622511873166652,0.04718793315568344,0.8803618293809835,0.03622511873166642,0.8803618293809835,0.047187933155683454,0.03622511873166642,0.0362251187316665,5.663083941941932e-16,0.008951100494555072,2.220446049250313e-16,0.021925628848034173,0.0,0.0,1.0,-3.674265520165673e-17,6.007163156506516e-18,0.0,-2.2643542324275175e-17,0.8331738962253,-8.053026783295479e-16,4.115050472493271e-17,1.0117327421484611e-17,-7.626063441172461e-16,-0.8331738962253002,1.1619862334764647e-16,0.0,-3.556947931302684e-17,1.7466542016013652e-16,0.8550995250733342
step4,0.05,0.3,2,0.9044928776640968,0.8212507908315667,0.43601465286745555,0.027889631284826417,0.14986914993363692,0.02769468742483818,0.02769468742483821,0.04011774748622661,0.904492877664097,0.02769468742483818,0.9044928776640969,0.04011774748622664,0.02769468742483826,0.02769468742483826,1.1637738290432327e-15,0.010143386064783426,0.0,0.02484612012277687,0.0,2.220446049250313e-16,1.0000000000000002,-8.306432840067666e-17,5.437982308996574e-17,-1.6653345369377348e-16,-7.850320325769486e-17,0.8643751301778703,-1.6397986364882957e-15,7.512610825129971e-17,5.3105108086087644e-17,-1.588976230657016e-15,-0.8643751301778703,2.990262685940346e-16,0.0,1.6596709234056868e-17,2.414646934515786e-16,0.8892212503006471
step4,0.05,0.3,3,0.9077060565752574,0.8268713617683765,0.4583653622206905,0.0037107355216558554,0.03159470977931602,0.02664789421924593,0.02664789421924601,0.038998154986250574,0.9077060565752575,0.02664789421924593,0.9077060565752575,0.03899815498625053,0.026647894219245943,0.026647894219245998,1.7150124831483407e-15,0.010083945689825057,2.220446049250313e-16,0.024700521534009257,0.0,0.0,1.0,-1.0278923334748658e-16,6.568173049914335e-17,0.0,-1.286683800645033e-16,0.8687079015890069,-2.3659330200654467e-15,-3.6573991098297257e-19,5.58234081360931e-17,-2.3916517632669363e-15,-0.8687079015890071,3.962555282136051e-16,-1.1102230246251565e-16,-3.3499769205574526e-17,4.727258895950921e-16,0.8934084231230162
step4,0.05,0.3,4,0.90808676954072,0.8275387307037088,0.46140249442481923,0.00044045759201767767,0.004150775735190807,0.026532143429034632,0.026532143429034757,0.03884894360121041,0.9080867695407202,0.026532143429034632,0.90808676954072,0.03884894360121035,0.02653214342903466,0.02653214342903475,2.2865376538649573e-15,0.010056625228551443,2.220446049250313e-16,0.02463360034435136,0.0,0.0,1.0,-1.3912860735856814e-16,3.679184528300766e-17,0.0,-2.292785614127635e-16,0.8692378259395097,-3.1601097372071792e-15,-3.6666120622291343e-17,5.2546791632267126e-17,-3.16880178297442e-15,-0.8692378259395099,6.64499947613669e-16,-5.551115123125783e-17,-1.1385713306921857e-17,5.973061079278899e-16,0.8938714262838611
step4,0.05,0.3,5,0.9081315200795581,0.8276171712837133,0.4617631139612186,5.1887739638888276e-05,0.0004923260245776952,0.026519149683106345,0.026519149683106386,0.038830180554228905,0.9081315200795583,0.026519149683106345,0.9081315200795582,0.03883018055422895,0.026519149683106362,0.026519149683106345,2.87210551589023e-15,0.010051914613967244,0.0,0.024622061742245127,0.0,0.0,1.0,-2.4712073375246605e-16,-3.14989107243359e-17,2.220446049250313e-16,-2.5944019907340693e-16,0.8693013395253294,-3.910190455077094e-15,-2.0030660985336803e-17,3.0704057173253315e-17,-3.990982171213838e-15,-0.8693013395253294,8.777360215081106e-16,2.220446049250313e-16,4.763162040025544e-17,8.623797667624394e-16,0.8939234012675745
step4,0.05,0.3,6,0.908136799588531,0.8276264236078383,0.46180550011990606,6.132277278701924e-06,5.8019173514632365e-05,0.02651766081355832,0.026517660813558386,0.03882787878435231,0.9081367995885314,0.02651766081355832,0.908136799588531,0.03882787878435214,0.02651766081355832,0.02651766081355833,3.4244770236012685e-15,0.010051250883628227,0.0,0.024620435941587582,0.0,0.0,1.0,-2.814427555389391e-16,-5.259403827852406e-17,1.6653345369377348e-16,-3.4861347767881423e-16,0.8693089208041791,-4.746960231118207e-15,-6.547973873241173e-17,9.319370195374229e-17,-4.679457021325976e-15,-0.8693089208041791,1.0171241645993765e-15,1.6653345369377348e-16,7.82728222847484e-17,1.0772933074458307e-15,0.8939293567457667
step4,0.05,0.3,7,0.908137424460613,0.8276275185436504,0.46181049970658145,7.26682981212631e-07,6.858923800192061e-06,0.02651748775541749,0.026517487755417575,0.03882760002855183,0.9081374244606133,0.02651748775541749,0.908137424460613,0.03882760002855171,0.02651748775541747,0.02651748775541755,3.999490527827542e-15,0.010051164581850527,2.220446049250313e-16,0.024620224546268554,0.0,1.1102230246251565e-16,0.9999999999999999,-3.87313756814368e-16,-8.935280892233667e-17,0.0,-4.243628283160005e-16,0.8693098244320613,-5.499681710081775e-15,-4.1949552501745826e-17,4.523388024429971e-17,-5.492133420483888e-15,-0.8693098244320615,1.235266392237527e-15,0.0,6.489804963832575e-17,1.3043093995804749e-15,0.8939300489783298
step4,0.05,0.3,8,0.9081374985723345,0.8276276483952903,0.4618110913661929,8.625433351558668e-08,8.12935747540583e-07,0.026517467456312397,0.02651746745631248,0.03882756651504046,0.9081374985723347,0.026517467456312397,0.9081374985723346,0.038827566515040525,0.026517467456312397,0.026517467456312456,4.5603131295501e-15,0.010051153792333126,2.220446049250313e-16,0.024620198117456304,0.0,0.0,1.0,-4.075895849518322e-16,-1.6796235609764645e-16,-1.1102230246251565e-16,-4.9393880647261735e-16,0.8693099320572941,-6.284723655623387e-15,-7.368637840532794e-17,8.592609616092243e-17,-6.235886354192102e-15,-0.8693099320572943,1.4981645837716894e-15,-1.1102230246251565e-16,5.693921363868042e-17,1.4481521917332407e-15,0.8939301301747504
step4,0.05,0.3,9,0.9081375073732822,0.8276276638146953,0.4618111615328363,1.024793352204309e-08,9.65021999257633e-08,0.026517465061886097,0.02651746506188627,0.038827562502945084,0.9081375073732822,0.026517465061886097,0.9081375073732821,0.03882756250294514,0.02651746506188622,0.026517465061886257,5.121451731039209e-15,0.01005115247151174,0.0,0.024620194882117863,0.0,0.0,1.0,-4.760988537849796e-16,-1.7861907233291788e-16,-3.3306690738754696e-16,-4.837656645029854e-16,0.8693099448703372,-7.016511949492665e-15,-1.1613937035356597e-16,1.1680860768885465e-16,-7.0428019841736505e-15,-0.8693099448703372,1.5991129985971441e-15,-3.885780586188048e-16,8.017479376171774e-17,1.6227585866149046e-15,0.893930139752455
step4,0.05,0.3,10,0.9081375084192084,0.8276276656471184,0.4618111698648674,1.2182560818332324e-09,1.1466186736735741e-08,0.026517464778477697,0.026517464778477752,0.03882756202383599,0.9081375084192086,0.026517464778477697,0.9081375084192084,0.03882756202383601,0.026517464778477724,0.026517464778477776,5.7332087569445904e-15,0.010051152311722846,0.0,0.024620194490716507,0.0,0.0,1.0,-5.9292889358598e-16,-1.4535450334117477e-16,-5.551115123125783e-16,-5.795014802560159e-16,0.8693099463953725,-7.879658879818408e-15,-1.4559867558242205e-16,2.0382465857280565e-16,-7.870120727164161e-15,-0.8693099463953725,1.8487769899182442e-15,-3.3306690738754696e-16,9.774734953496767e-17,1.6968380118447806e-15,0.893930140886089
step4,0.05,0.3,11,0.9081375085435652,0.8276276658649833,0.46181117085503576,1.448728509869334e-10,1.363128810653428e-09,0.026517464744863432,0.026517464744863488,0.038827561966707676,0.9081375085435656,0.026517464744863432,0.9081375085435653,0.03882756196670769,0.026517464744863446,0.026517464744863425,6.333021042080119e-15,0.010051152292523756,0.0,0.02462019444368846,0.0,2.220446049250313e-16,1.0000000000000002,-6.161797345757973e-16,-2.577464532794175e-16,-3.885780586188048e-16,-6.31820107839806e-16,0.8693099465768578,-8.661930259515154e-15,-1.0129464639852556e-16,2.1163612007860065e-16,-8.730516442191698e-15,-0.8693099465768578,2.0135864841821527e-15,-2.7755575615628914e-16,1.5664668649496532e-16,1.9681750428022174e-15,0.8939301410205462
step4,0.05,0.3,12,0.9081375085583548,0.8276276658908932,0.46181117097276103,1.7231431796650504e-11,1.6210427753190587e-10,0.026517464740871532,0.026517464740871577,0.03882756195990175,0.9081375085583551,0.026517464740871532,0.908137508558355,0.03882756195990181,0.02651746474087156,0.026517464740871542,6.905314513266539e-15,0.01005115229022611,0.0,0.024620194438060405,0.0,0.0,1.0,-6.733935094481733e-16,-3.1288538311112136e-16,-4.996003610813204e-16,-7.03758222296563e-16,0.8693099465984533,-9.477332533153415e-15,-1.223099813037979e-16,2.4905847257836527e-16,-9.487707060147778e-15,-0.8693099465984533,2.1614136327993186e-15,-4.440892098500626e-16,1.2189436146380398e-16,2.183121950554709e-15,0.8939301410365137
step4,0.05,0.3,13,0.908137508560114,0.827627665893975,0.46181117098676194,2.049683928328869e-12,1.9281115493023553e-11,0.02651746474039711,0.026517464740397262,0.038827561959091594,0.9081375085601142,0.02651746474039711,0.9081375085601141,0.03882756195909152,0.026517464740397158,0.026517464740397137,7.44802309661503e-15,0.010051152289951874,0.0,0.02462019443738883,0.0,0.0,1.0,-7.437142460478432e-16,-3.1482689471768305e-16,-6.106226635438361e-16,-8.002206941461988e-16,0.8693099466010227,-1.0219018863271183e-14,-1.4221411310321314e-16,3.0010546804302373e-16,-1.0206079454897353e-14,-0.8693099466010227,2.388275924054626e-15,-4.440892098500626e-16,1.2631038168820258e-16,2.3366739469665587e-15,0.8939301410384115
step4,0.05,0.3,14,0.9081375085603232,0.8276276658943416,0.46181117098842717,2.4379538395609456e-13,2.2934786908042562e-12,0.026517464740340793,0.02651746474034092,0.038827561958995026,0.9081375085603234,0.026517464740340793,0.9081375085603233,0.038827561958995005,0.026517464740340793,0.026517464740340814,8.038527520645278e-15,0.010051152289919037,0.0,0.02462019443730834,0.0,0.0,1.0,-8.804278256449964e-16,-3.611211605834597e-16,-6.661338147750939e-16,-8.243817275873678e-16,0.8693099466013284,-1.1044008080188592e-14,-1.245310447285246e-16,3.2753641578669573e-16,-1.1032316263572903e-14,-0.8693099466013284,2.506802962034286e-15,-6.106226635438361e-16,1.4131264729850731e-16,2.4914339951078188e-15,0.8939301410386368
step4,0.05,0.5,0,0.6249999999999998,0.4375,nan,nan,nan,0.12499999999999997,0.125,0.125,0.625,0.12499999999999997,0.6249999999999999,0.12499999999999997,0.12499999999999997,0.12499999999999997,4.844614790834e-18,2.254873622441467e-16,0.0,0.0,0.0,0.0,1.0,0.0,0.0,0.0,0.0,0.5,0.0,0.0,0.0,0.0,-0.5,0.0,0.0,0.0,0.0,0.5
step4,0.05,0.5,1,0.8012381196421914,0.6552125565780627,0.25100175124633906,0.2036527361364712,nan,0.06305837681699593,0.06305837681699601,0.07264512672381665,0.8012381196421915,0.06305837681699593,0.8012381196421913,0.07264512672381665,0.0630583768169959,0.06305837681699594,5.257212692962303e-16,0.007827548521128292,0.0,0.01917349981364136,0.0,0.0,1.0,-3.152438303745271e-17,5.139903138030521e-17,-1.6653345369377348e-16,-9.024337149478506e-17,0.7285929929183749,-7.047901065775771e-16,4.3269166784348235e-17,-1.403785778807765e-17,-7.252884983455981e-16,-0.7285929929183749,1.5964596071172035e-16,-5.551115123125783e-17,4.4694039605736365e-17,1.659057537989774e-16,0.7477664927320162
step4,0.05,0.5,2,0.8881405236396209,0.793074502465137,0.3686449274041177,0.10038159920878532,0.30402956899866806,0.03300347818124631,0.03300347818124635,0.04585251999788637,0.8881405236396214,0.03300347818124631,0.888140523639621,0.04585251999788632,0.03300347818124635,0.033003478181246305,1.184239644968311e-15,0.010491198711483919,0.0,0.025698083633279856,0.0,0.0,1.0,-9.09016589533075e-17,8.604521312713815e-17,-5.551115123125783e-17,-1.115105909344027e-16,0.8422880036417348,-1.6372264678649732e-15,1.2002068840334158e-17,-3.3225604645760805e-17,-1.620676413429829e-15,-0.8422880036417348,3.200125739485343e-16,-1.1102230246251565e-16,-4.108441596586311e-17,3.944459581669934e-16,0.8679860872750147
step4,0.05,0.5,3,0.9055823173392858,0.8231556651925838,0.4431400205689989,0.020141671696667734,0.12051036062650404,0.027293935741148526,0.027293935741148617,0.03982981117841667,0.9055823173392862,0.027293935741148526,0.905582317339286,0.03982981117841659,0.027293935741148564,0.027293935741148564,1.800547050441727e-15,0.010235499433465238,0.0,0.02507175087453606,0.0,2.220446049250313e-16,0.9999999999999998,-2.136670370599218e-16,1.2166866205845356e-16,0.0,-1.3725410198370692e-16,0.8657525061608695,-2.477918563295016e-15,-3.749384669224742e-18,-8.68960452558916e-17,-2.4635514600111207e-15,-0.8657525061608695,5.261446257308958e-16,-1.6653345369377348e-16,-2.8455025395228096e-17,5.8361390743485825e-16,0.8908242570354056
step4,0.05,0.5,4,0.9078341492313804,0.8270960287100497,0.45939468029739605,0.002604646226586405,0.022743899346671925,0.026605489058557717,0.026605489058557835,0.038954872651503845,0.9078341492313806,0.026605489058557717,0.9078341492313805,0.03895487265150382,0.026605489058557776,0.026605489058557825,2.3666833789949078e-15,0.010083229480205335,0.0,0.024698767185892034,0.0,0.0,1.0,-2.8394327345027145e-16,8.969257370389553e-17,-1.1102230246251565e-16,-2.21697616769885e-16,0.8688792765798768,-3.263204375051018e-15,2.3446352616873904e-17,-1.4773753868767467e-16,-3.2452398409246206e-15,-0.8688792765798768,7.406758091489011e-16,-2.220446049250313e-16,1.732763941236697e-18,6.864864877104721e-16,0.8935780437657689
step4,0.05,0.5,5,0.9081016738040968,0.8275648672556399,0.4615238954731167,0.00031013767010459284,0.0029146551313444075,0.02652756521384242,0.026527565213842468,0.03884319576821818,0.908101673804097,0.02652756521384242,0.9081016738040968,0.03884319576821812,0.026527565213842443,0.026527565213842454,2.8971855407253537e-15,0.010055670239616772,0.0,0.024631261108751246,0.0,0.0,1.0,-3.1726227052390564e-16,1.3965999011597393e-16,-5.551115123125783e-17,-3.8136391021012043e-16,0.8692584780358789,-4.000964677399189e-15,3.5239875406653216e-17,-9.852203972063166e-17,-3.949523533603885e-15,-0.8692584780358789,9.44324331093952e-16,0.0,6.120262147063398e-17,8.864416003249738e-16,0.8938897391446301
step4,0.05,0.5,6,0.9081332663724963,0.8276202325348075,0.46177723711071145,3.66911518783634e-05,0.00034682328780031766,0.026518639217796274,0.026518639217796288,0.038829455191910923,0.9081332663724965,0.026518639217796274,0.9081332663724963,0.038829455191910944,0.026518639217796337,0.0265186392177963,3.435804617565169e-15,0.010051739151295046,0.0,0.024621631948229306,0.0,0.0,1.0,-4.0695205693909087e-16,1.1317687109859025e-16,-5.551115123125783e-17,-4.587300191005718e-16,0.8693038111805855,-4.700365055035361e-15,-3.949455435583435e-17,-1.0809677677815442e-16,-4.7172610586854456e-15,-0.8693038111805855,1.1211124726245711e-15,0.0,4.5261812941663365e-17,1.0989331795691917e-15,0.8939254431288148
step4,0.05,0.5,7,0.9081370053961526,0.8276267842987384,0.4618071542978159,4.347886737892429e-06,4.103880161470327e-05,0.02651760252782819,0.026517602527828275,0.03882778954819062,0.9081370053961529,0.02651760252782819,0.9081370053961526,0.03882778954819063,0.02651760252782818,0.026517602527828244,4.061602556505399e-15,0.010051225612706808,2.220446049250313e-16,0.024620374040724924,0.0,1.1102230246251565e-16,0.9999999999999999,-4.510367040100256e-16,9.68606997534948e-17,1.1102230246251565e-16,-5.201025594078186e-16,0.8693092158479621,-5.5587404724638745e-15,-5.221949226639204e-17,-1.0009658059158505e-16,-5.574237927223141e-15,-0.8693092158479623,1.3002282904009115e-15,0.0,6.740400381640105e-17,1.3427179674959991e-15,0.893929589888687
step4,0.05,0.5,8,0.9081374488068565,0.8276275612053895,0.46181069460954793,5.16034572210551e-07,4.863911146832389e-06,0.02651748099510405,0.026517480995104117,0.038827589202935275,0.9081374488068568,0.02651748099510405,0.9081374488068565,0.038827589202935296,0.026517480995104054,0.026517480995104044,4.617822571054772e-15,0.010051161262544506,0.0,0.024620216415662477,0.0,0.0,1.0,-5.784801791615906e-16,4.620802412739833e-17,-5.551115123125783e-17,-5.418980233801323e-16,0.8693098596039214,-6.368596580794602e-15,-6.974135342202001e-17,-1.1172218718698657e-16,-6.27619802773223e-15,-0.8693098596039214,1.5518696889869485e-15,-1.6653345369377348e-16,7.020259087885215e-17,1.5045867650744703e-15,0.8939300760195839
step4,0.05,0.5,9,0.9081375014589977,0.8276276534530944,0.4618111144188941,6.130694441154095e-08,5.773410815726798e-07,0.026517466664400007,0.026517466664400108,0.038827565212201647,0.9081375014589979,0.026517466664400007,0.9081375014589979,0.03882756521220172,0.02651746666440002,0.026517466664400097,5.211880072725602e-15,0.010051153375163477,2.220446049250313e-16,0.02462019709560348,0.0,2.220446049250313e-16,0.9999999999999998,-6.052922975316951e-16,1.4755490089377636e-17,-2.220446049250313e-16,-5.800465356156729e-16,0.8693099362467961,-7.121064700834932e-15,-9.087452554258608e-17,-9.210259741846105e-17,-7.17902893618227e-15,-0.8693099362467963,1.6594059832769099e-15,-1.6653345369377348e-16,7.735281975714394e-17,1.6752227169308703e-15,0.8939301333423996
step4,0.05,0.5,10,0.9081375077160182,0.827627664415179,0.461811164265872,7.287810404817125e-09,6.859473622950069e-08,0.02651746496855007,0.026517464968550133,0.0388275623468813,0.9081375077160185,0.02651746496855007,0.9081375077160183,0.038827562346881325,0.02651746496855008,0.02651746496855006,5.8104147270476096e-15,0.01005115242029484,0.0,0.02462019475666255,0.0,2.220446049250313e-16,0.9999999999999998,-6.648398633420652e-16,1.596354018648881e-18,-2.220446049250313e-16,-6.845020702439354e-16,0.8693099453691371,-7.970513626744717e-15,-5.490396892935861e-17,9.083095411941564e-18,-7.931151757714446e-15,-0.8693099453691371,1.996086832142134e-15,-1.6653345369377348e-16,1.2224901771351555e-16,1.900481031552969e-15,0.8939301401257996
step4,0.05,0.5,11,0.9081375084599357,0.8276276657184716,0.4618111701893447,8.666361431699279e-10,8.154445755089184e-09,0.026517464767435633,0.026517464767435755,0.03882756200519292,0.9081375084599359,0.026517464767435633,0.9081375084599357,0.03882756200519286,0.026517464767435658,0.026517464767435685,6.419026491019141e-15,0.01005115230551656,0.0,0.024620194475514334,0.0,0.0,1.0,-7.475658711991052e-16,-4.327413676128349e-17,-3.885780586188048e-16,-7.409989142017079e-16,0.869309946454743,-8.819712295848484e-15,-7.887744350057242e-17,1.1626361978158865e-17,-8.71628415100872e-15,-0.869309946454743,2.24725108250606e-15,-1.6653345369377348e-16,1.3438735156023733e-16,2.162455641687215e-15,0.8939301409302574
step4,0.05,0.5,12,0.908137508548407,0.8276276658734656,0.46181117089359225,1.0307772036066557e-10,9.697138297449259e-10,0.026517464743554188,0.026517464743554243,0.0388275619644843,0.9081375085484071,0.026517464743554188,0.908137508548407,0.03882756196448429,0.026517464743554143,0.02651746474355419,7.0059601602389475e-15,0.010051152291777358,0.0,0.024620194441860255,0.0,1.1102230246251565e-16,0.9999999999999999,-8.449585649019692e-16,1.1217622672757626e-18,0.0,-8.32374851604453e-16,0.8693099465839229,-9.603321877905915e-15,-7.206788255083739e-17,-8.356447659058468e-18,-9.570462820113977e-15,-0.8693099465839229,2.342065467796347e-15,-1.1102230246251565e-16,1.6563126649871715e-16,2.361309572615458e-15,0.8939301410257832
step4,0.05,0.5,13,0.9081375085589307,0.827627665891902,0.46181117097734464,1.2261930135621151e-11,1.1533964901985833e-10,0.026517464740716094,0.026517464740716118,0.038827561959636894,0.9081375085589307,0.026517464740716094,0.9081375085589307,0.03882756195963685,0.026517464740716087,0.026517464740716108,7.604114283033963e-15,0.010051152290136704,0.0,0.02462019443784147,0.0,1.1102230246251565e-16,0.9999999999999999,-9.334582032940448e-16,2.433361225495326e-17,-1.1102230246251565e-16,-9.399186995679596e-16,0.8693099465992941,-1.0434418368434763e-14,-1.1593119192883554e-16,1.435129054230173e-17,-1.0402092499305189e-14,-0.8693099465992941,2.4867802694243375e-15,-1.1102230246251565e-16,1.35859358073657e-16,2.4948855713739845e-15,0.8939301410371355
step4,0.05,0.5,14,0.9081375085601826,0.8276276658940951,0.46181117098730706,1.4586869309779581e-12,1.3720616924205611e-11,0.026517464740378707,0.026517464740378815,0.038827561959059856,0.9081375085601828,0.026517464740378707,0.9081375085601827,0.03882756195905983,0.026517464740378763,0.026517464740378693,8.144853128064613e-15,0.010051152289941037,2.220446049250313e-16,0.024620194437362075,0.0,0.0,1.0,-1.030896659964671e-15,-3.9865705182786545e-17,0.0,-1.0429210000199556e-15,0.869309946601123,-1.113860899045389e-14,-1.0578258028222588e-16,3.8512323986105363e-17,-1.1149945347965344e-14,-0.8693099466011228,2.709965133545284e-15,0.0,1.3323949114784445e-16,2.7263137559527058e-15,0.8939301410384851
step4,0.05,0.5,15,0.9081375085603315,0.8276276658943559,0.46181117098849217,1.7346033952146437e-13,1.6321463449927558e-12,0.026517464740338455,0.026517464740338566,0.038827561958991355,0.9081375085603318,0.026517464740338455,0.9081375085603315,0.03882756195899132,0.026517464740338486,0.02651746474033859,8.747564976643713e-15,0.01005115228991792,2.220446049250313e-16,0.024620194437305787,0.0,0.0,1.0,-1.1496181985980495e-15,-7.528750599976676e-17,-2.7755575615628914e-16,-1.195880324527739e-15,0.8693099466013402,-1.1934422681684507e-14,-1.489048070757247e-16,1.0282063856641357e-16,-1.198955020688377e-14,-0.8693099466013404,2.9181538203036306e-15,-1.6653345369377348e-16,1.318590081401069e-16,2.90281873419502e-15,0.893930141038646
