circuit,q,eps,n,F,purity,Q,diff,diff2,eig0,eig1,eig2,eig3,eig_min,p_Phi_plus,p_Phi_minus,p_Psi_plus,p_Psi_minus,bell_offdiag,delta_iso,iso_XXplusYY,iso_XXminusZZ,herm_err,trace_err,P_II,P_IX,P_IY,P_IZ,P_XI,P_XX,P_XY,P_XZ,P_YI,P_YX,P_YY,P_YZ,P_ZI,P_ZX,P_ZY,P_ZZ
step3,0.0,0.05,0,0.9624999999999998,0.926875,nan,nan,nan,0.0124999999999999,0.012500000000000011,0.012500000000000067,0.9624999999999999,0.0124999999999999,0.9624999999999998,0.01250000000000003,0.01250000000000001,0.01250000000000001,8.494454310017238e-17,1.9229626863835638e-16,0.0,0.0,0.0,0.0,1.0,0.0,0.0,0.0,0.0,0.95,0.0,0.0,0.0,0.0,-0.95,0.0,0.0,0.0,0.0,0.95
step3,0.0,0.05,1,0.9994942683749154,0.9989888777691334,0.9268749999999991,0.042717301609461626,nan,0.0001685772083614303,0.00016857720836144233,0.00016857720836147005,0.9994942683749156,0.0001685772083614303,0.9994942683749154,0.00016857720836149597,0.00016857720836143083,0.00016857720836142975,3.0743472885952415e-17,2.2126794315219943e-16,0.0,1.1102230246251565e-16,0.0,0.0,1.0,0.0,0.0,0.0,0.0,0.9993256911665541,-2.292485981953659e-49,0.0,0.0,2.292485981953659e-49,-0.9993256911665541,0.0,0.0,0.0,0.0,0.9993256911665542
step3,0.0,0.05,2,0.9999999146588838,0.9999998293177779,0.9989888777691324,0.0005838700363278407,0.04330117164578946,2.8447038585843742e-08,2.844703861207438e-08,2.844703861359935e-08,0.999999914658884,2.8447038585843742e-08,0.9999999146588839,2.844703862456249e-08,2.844703861208168e-08,2.8447038612067138e-08,2.4947428329545203e-17,2.9489575405375823e-16,0.0,0.0,0.0,1.1102230246251565e-16,0.9999999999999999,0.0,0.0,0.0,0.0,0.9999998862118454,-4.0132049058356103e-51,0.0,0.0,4.0132049058356103e-51,-0.9999998862118454,0.0,0.0,0.0,0.0,0.9999998862118454
step3,0.0,0.05,3,0.9999999999999973,0.999999999999995,0.999999829317777,9.85434296316083e-08,0.0005839685797574723,8.092341449791892e-16,8.150837006110969e-16,8.545732884525889e-16,0.9999999999999976,8.092341449791892e-16,0.9999999999999973,8.088567489053774e-16,8.092341461755704e-16,8.092341437828084e-16,1.4325413136870338e-17,2.0803671823172206e-16,0.0,0.0,0.0,0.0,1.0,0.0,0.0,0.0,0.0,0.9999999999999967,6.162977241291795e-33,0.0,0.0,6.162977241291795e-33,-0.9999999999999967,0.0,0.0,0.0,0.0,0.9999999999999967
step3,0.0,0.05,4,0.9999999999999998,1.0,0.9999999999999941,2.8710742941614112e-15,9.85434325025232e-08,-1.675402781227306e-33,0.0,6.919286948496167e-31,1.0,-1.675402781227306e-33,0.9999999999999998,0.0,7.243011886225383e-31,6.5620539551424035e-31,2.2371143170757382e-17,3.065703529144605e-16,0.0,0.0,0.0,0.0,1.0,0.0,0.0,0.0,0.0,1.0,-5.535323621476611e-48,0.0,0.0,-5.4123206310610885e-48,-1.0,0.0,0.0,0.0,0.0,1.0
step3,0.0,0.1,0,0.9249999999999998,0.8574999999999999,nan,nan,nan,0.024999999999999935,0.024999999999999994,0.025000000000000026,0.925,0.024999999999999935,0.9249999999999998,0.024999999999999956,0.024999999999999988,0.024999999999999988,2.924295323337349e-18,1.7554167342883506e-16,0.0,1.1102230246251565e-16,0.0,0.0,1.0,0.0,0.0,0.0,0.0,0.9,0.0,0.0,0.0,0.0,-0.9,0.0,0.0,0.0,0.0,0.8999999999999999
step3,0.0,0.1,1,0.9978134110787171,0.995633197052249,0.8574999999999992,0.08407768497382466,nan,0.0007288629737607901,0.0007288629737609056,0.0007288629737609324,0.9978134110787173,0.0007288629737607901,0.9978134110787172,0.0007288629737608363,0.0007288629737609333,0.0007288629737609311,6.919015899507812e-17,2.50815709858676e-16,0.0,2.220446049250313e-16,0.0,0.0,1.0,0.0,0.0,0.0,0.0,0.9970845481049565,3.833819934009801e-49,0.0,0.0,-3.833819934009801e-49,-0.9970845481049565,0.0,0.0,0.0,0.0,0.9970845481049563
step3,0.0,0.1,2,0.9999983992862947,0.9999967985760063,0.9956331970522481,0.0025230070596422185,0.08660069203346688,5.335712349612873e-07,5.335712349729961e-07,5.335712350840183e-07,0.999998399286295,5.335712349612873e-07,0.9999983992862949,5.335712350664717e-07,5.335712349613196e-07,5.33571234961255e-07,2.396569611596525e-17,2.818324436499387e-16,0.0,2.220446049250313e-16,0.0,0.0,1.0,0.0,0.0,0.0,0.0,0.9999978657150599,-6.04492808599473e-36,0.0,0.0,-6.044928085995235e-36,-0.9999978657150599,0.0,0.0,0.0,0.0,0.9999978657150601
step3,0.0,0.1,3,0.9999999999991459,0.9999999999982923,0.9999967985760053,1.8483439909934372e-06,0.002524855403633212,2.845024584160873e-13,2.846636102629941e-13,2.846991741945007e-13,0.9999999999991462,2.845024584160873e-13,0.9999999999991459,2.8456470967393087e-13,2.8469917421696744e-13,2.846991741720338e-13,8.425806121702802e-17,2.359582529746892e-16,0.0,3.3306690738754696e-16,0.0,0.0,1.0,0.0,0.0,0.0,0.0,0.9999999999988616,-2.9387452853057616e-39,0.0,0.0,-2.938745285145017e-39,-0.9999999999988616,0.0,0.0,0.0,0.0,0.9999999999988612
step3,0.0,0.1,4,0.9999999999999998,1.0,0.9999999999982914,9.859890102333979e-13,1.8483449769824393e-06,-1.7677325328133014e-33,0.0,8.104441572665688e-26,1.0,-1.7677325328133014e-33,0.9999999999999998,0.0,8.105638328849131e-26,8.103244462935736e-26,2.2371143170757382e-17,3.065703528704364e-16,0.0,0.0,0.0,0.0,1.0,0.0,0.0,0.0,0.0,1.0,6.162975822049685e-33,0.0,0.0,6.162975822049685e-33,-1.0,0.0,0.0,0.0,0.0,1.0
step3,0.0,0.2,0,0.8499999999999999,0.7300000000000001,nan,nan,nan,0.04999999999999999,0.04999999999999999,0.05000000000000002,0.8500000000000001,0.04999999999999999,0.8499999999999999,0.04999999999999998,0.049999999999999975,0.049999999999999975,2.4659545749914493e-17,1.9229626863835638e-16,0.0,0.0,0.0,0.0,1.0,0.0,0.0,0.0,0.0,0.8,0.0,0.0,0.0,0.0,-0.8,0.0,0.0,0.0,0.0,0.8
step3,0.0,0.2,1,0.98972602739726,0.9795927941452428,0.7299999999999994,0.16134171906121036,nan,0.003424657534246574,0.0034246575342465847,0.0034246575342466623,0.9897260273972601,0.003424657534246574,0.98972602739726,0.003424657534246677,0.0034246575342465756,0.003424657534246571,3.023724835679758e-18,2.621020332062724e-16,0.0,1.1102230246251565e-16,0.0,0.0,1.0,0.0,0.0,0.0,0.0,0.9863013698630135,7.91478059337221e-34,0.0,0.0,7.91478059337221e-34,-0.9863013698630135,0.0,0.0,0.0,0.0,0.9863013698630136
step3,0.0,0.2,2,0.999964082179972,0.9999281660800643,0.9795927941452419,0.011821887369553863,0.1731636064307642,1.1972606675815421e-05,1.1972606675925449e-05,1.197260667601297e-05,0.9999640821799721,1.1972606675815421e-05,0.9999640821799721,1.1972606675957948e-05,1.197260667592561e-05,1.1972606675925288e-05,2.5978372884384644e-17,1.9544288354920367e-16,0.0,1.1102230246251565e-16,0.0,0.0,1.0,0.0,0.0,0.0,0.0,0.9999521095732963,4.91512890840458e-35,0.0,0.0,4.915128908404569e-35,-0.9999521095732963,0.0,0.0,0.0,0.0,0.9999521095732964
step3,0.0,0.2,3,0.999999999569939,0.9999999991398784,0.9999281660800632,4.1473829532052e-05,0.011863361199085916,1.4335349574068346e-10,1.4335360676298574e-10,1.4335360826792175e-10,0.9999999995699391,1.4335349574068346e-10,0.999999999569939,1.4335347047714086e-10,1.4335360826842876e-10,1.4335360826741432e-10,9.643002355619951e-17,2.475886205825688e-16,0.0,2.220446049250313e-16,0.0,1.1102230246251565e-16,0.9999999999999999,0.0,0.0,0.0,0.0,0.9999999994265857,2.3109590258890242e-49,0.0,0.0,-2.3109590258890242e-49,-0.9999999994265857,0.0,0.0,0.0,0.0,0.9999999994265855
step3,0.0,0.2,4,0.9999999999999998,1.0,0.9999999991398777,4.965914295311257e-10,4.147432612348152e-05,-1.767605742432211e-33,0.0,2.0550255436094713e-20,1.0,-1.767605742432211e-33,0.9999999999999998,0.0,2.0550261463094648e-20,2.055024940909124e-20,2.2371143170757382e-17,3.065591908925566e-16,0.0,0.0,0.0,0.0,1.0,0.0,0.0,0.0,0.0,1.0,7.174645730996069e-43,0.0,0.0,7.174650556032208e-43,-1.0,0.0,0.0,0.0,0.0,1.0
step3,0.0,0.2,5,0.9999999999999998,1.0,0.9999999999999991,2.9062449947952134e-20,4.965914295429904e-10,-3.250304551617502e-37,0.0,2.2474940710351145e-33,1.0,-3.250304551617502e-37,0.9999999999999998,0.0,2.274196878467617e-33,2.2201412026922877e-33,2.2371143170757382e-17,3.065703529144609e-16,0.0,0.0,0.0,0.0,1.0,0.0,0.0,0.0,0.0,1.0,6.029502260026176e-50,0.0,0.0,-6.029502260026176e-50,-1.0,0.0,0.0,0.0,0.0,1.0
step3,0.0,0.3,0,0.7749999999999998,0.6174999999999999,nan,nan,nan,0.07500000000000001,0.07500000000000001,0.07500000000000001,0.7749999999999999,0.07500000000000001,0.7749999999999998,0.075,0.075,0.075,8.879893162462571e-18,1.9229626863835638e-16,0.0,0.0,0.0,0.0,1.0,0.0,0.0,0.0,0.0,0.7,0.0,0.0,0.0,0.0,-0.7,0.0,0.0,0.0,0.0,0.7
step3,0.0,0.3,1,0.9726720647773279,0.946339884279369,0.6174999999999993,0.22825203962091914,nan,0.009109311740890469,0.009109311740890687,0.0091093117408907,0.9726720647773281,0.009109311740890469,0.972672064777328,0.00910931174089046,0.009109311740890698,0.009109311740890691,2.39605793878503e-17,3.141454006779402e-16,0.0,4.440892098500626e-16,0.0,0.0,1.0,0.0,0.0,0.0,0.0,0.9635627530364377,1.2475659558783724e-33,0.0,0.0,1.2475659558783724e-33,-0.9635627530364377,0.0,0.0,0.0,0.0,0.9635627530364372
step3,0.0,0.3,2,0.9997369458000095,0.9994739838633688,0.9463398842793681,0.03125183268806069,0.2595038723089798,8.768473333003358e-05,8.76847333301577e-05,8.768473333019199e-05,0.9997369458000096,8.768473333003358e-05,0.9997369458000095,8.76847333301609e-05,8.768473333015816e-05,8.768473333015724e-05,5.134816449193511e-17,2.2405720825538574e-16,0.0,0.0,0.0,2.220446049250313e-16,1.0000000000000002,0.0,0.0,0.0,0.0,0.9996492610666795,-5.087838884265713e-35,0.0,0.0,-5.087838884265726e-35,-0.9996492610666795,0.0,0.0,0.0,0.0,0.9996492610666795
step3,0.0,0.3,3,0.9999999769220229,0.9999999538440469,0.9994739838633682,0.00030372217819948596,0.03155555486626018,7.692658896762912e-09,7.692658921907038e-09,7.692659090450045e-09,0.9999999769220231,7.692658896762912e-09,0.999999976922023,7.69265905855003e-09,7.692658921910805e-09,7.69265892190327e-09,2.4840034138311465e-17,3.269027886203316e-16,0.0,3.3306690738754696e-16,0.0,0.0,1.0,0.0,0.0,0.0,0.0,0.9999999692293641,6.166219352920803e-33,0.0,0.0,6.166219352920803e-33,-0.9999999692293641,0.0,0.0,0.0,0.0,0.9999999692293644
step3,0.0,0.3,4,0.9999999999999996,0.9999999999999997,0.9999999538440463,2.6648152095132405e-08,0.0003037488263515811,5.917700419768527e-17,8.445334670937122e-17,1.6901268679771642e-16,0.9999999999999998,5.917700419768527e-17,0.9999999999999997,1.6177134978107549e-16,5.917700452115713e-17,5.917700387421339e-17,4.802595806154282e-18,2.489506071922276e-16,0.0,2.220446049250313e-16,0.0,2.220446049250313e-16,1.0000000000000002,0.0,0.0,0.0,0.0,0.9999999999999997,-7.887641521904028e-50,0.0,0.0,7.887641521904028e-50,-0.9999999999999997,0.0,0.0,0.0,0.0,0.9999999999999999
step3,0.0,0.3,5,0.9999999999999998,1.0,0.999999999999999,2.4994122919194044e-16,2.6648152321594535e-08,-6.3947982250180205e-34,0.0,9.883943555560546e-33,1.0,-6.3947982250180205e-34,0.9999999999999998,0.0,1.1758540595552744e-32,6.730386870564739e-33,2.2371143170757382e-17,3.065703529144609e-16,0.0,0.0,0.0,0.0,1.0,0.0,0.0,0.0,0.0,1.0,-8.871945594361087e-49,0.0,0.0,-1.3914708923929555e-49,-1.0,0.0,0.0,0.0,0.0,1.0
step3,0.0,0.5,0,0.6249999999999998,0.4375,nan,nan,nan,0.12499999999999997,0.125,0.125,0.625,0.12499999999999997,0.6249999999999999,0.12499999999999997,0.12499999999999997,0.12499999999999997,4.844614790834e-18,2.254873622441467e-16,0.0,0.0,0.0,0.0,1.0,0.0,0.0,0.0,0.0,0.5,0.0,0.0,0.0,0.0,-0.5,0.0,0.0,0.0,0.0,0.5
step3,0.0,0.5,1,0.8928571428571426,0.8010204081632651,0.43749999999999967,0.3092947870658709,nan,0.035714285714285685,0.03571428571428573,0.035714285714285754,0.8928571428571428,0.035714285714285685,0.8928571428571426,0.035714285714285775,0.03571428571428572,0.035714285714285705,4.089045415637356e-17,2.383081629898619e-16,0.0,1.1102230246251565e-16,0.0,0.0,1.0,0.0,0.0,0.0,0.0,0.857142857142857,-1.2218352960421476e-49,0.0,0.0,3.1767717697095835e-49,-0.857142857142857,0.0,-5.551115123125783e-17,0.0,0.0,0.8571428571428571
step3,0.0,0.5,2,0.9952229299363058,0.9904762870704698,0.8010204081632644,0.11820182945192546,0.4274966165177963,0.0015923566878980333,0.0015923566878980882,0.0015923566878980932,0.9952229299363059,0.0015923566878980333,0.9952229299363058,0.0015923566878980162,0.0015923566878980936,0.0015923566878980895,9.325328092794052e-17,1.1930504872389979e-16,0.0,1.1102230246251565e-16,0.0,0.0,1.0,0.0,0.0,-1.1102230246251565e-16,0.0,0.9936305732484079,7.693906121781374e-33,0.0,0.0,7.693906121781374e-33,-0.9936305732484079,0.0,-1.1102230246251565e-16,0.0,0.0,0.9936305732484078
step3,0.0,0.5,3,0.9999923200589818,0.9999846401966059,0.990476287070469,0.005507217342394767,0.12370904679432024,2.5599803393169496e-06,2.5599803393509816e-06,2.559980339384597e-06,0.999992320058982,2.5599803393169496e-06,0.9999923200589819,2.559980339394254e-06,2.5599803393510553e-06,2.559980339350907e-06,9.390705911403532e-17,2.0748169593891708e-16,0.0,0.0,0.0,0.0,1.0,0.0,0.0,-1.1102230246251565e-16,0.0,0.9999897600786426,1.2432316394314442e-32,0.0,0.0,1.2432316394314442e-32,-0.9999897600786426,0.0,-1.1102230246251565e-16,0.0,0.0,0.9999897600786426
step3,0.0,0.5,4,0.9999999999803391,0.9999999999606785,0.9999846401966049,8.868009325939032e-06,0.005516085351720706,6.5535776321442675e-12,6.553599999948319e-12,6.5536688821663496e-12,0.9999999999803393,6.5535776321442675e-12,0.9999999999803391,6.553606218454187e-12,6.553600000056325e-12,6.553599999840313e-12,1.1140467509942087e-16,2.0323640507535316e-16,0.0,0.0,0.0,0.0,1.0,0.0,0.0,-1.1102230246251565e-16,0.0,0.9999999999737856,4.930455212959692e-32,0.0,0.0,4.930455212959692e-32,-0.9999999999737856,0.0,-1.6653345369377348e-16,0.0,0.0,0.9999999999737856
step3,0.0,0.5,5,0.9999999999999998,0.9999999999999998,0.9999999999606777,2.2702230250057844e-11,8.868032028169281e-06,-1.767534463896982e-33,4.294977811281684e-23,2.7755575615628914e-17,1.0,-1.767534463896982e-33,0.9999999999999998,2.7755575615628907e-17,4.295005363820409e-23,4.29495025838945e-23,9.295761176505985e-17,2.3221977550953004e-16,0.0,1.1102230246251565e-16,0.0,0.0,1.0,0.0,0.0,-5.551115123125783e-17,0.0,0.9999999999999999,6.779273404473773e-32,0.0,0.0,6.779273404473773e-32,-0.9999999999999999,0.0,-5.551115123125783e-17,0.0,0.0,1.0
step3,0.0,0.5,6,0.9999999999999998,1.0,0.999999999999999,1.4686870114881771e-16,2.2702342422931248e-11,-3.0460145672704026e-37,2.2476661292366272e-33,5.551115123125783e-17,1.0,-3.0460145672704026e-37,0.9999999999999999,5.5511151231257815e-17,2.2735271995121807e-33,2.2211958560476185e-33,1.1514081855831743e-16,3.6188843062238402e-16,0.0,0.0,0.0,0.0,1.0,0.0,0.0,-1.1102230246251565e-16,0.0,1.0,8.01186856865091e-32,0.0,0.0,8.01186856865091e-32,-1.0,0.0,-1.1102230246251565e-16,0.0,0.0,1.0
step3,1e-05,0.05,0,0.9624999999999998,0.926875,nan,nan,nan,0.0124999999999999,0.012500000000000011,0.012500000000000067,0.9624999999999999,0.0124999999999999,0.9624999999999998,0.01250000000000003,0.01250000000000001,0.01250000000000001,8.494454310017238e-17,1.9229626863835638e-16,0.0,0.0,0.0,0.0,1.0,0.0,0.0,0.0,0.0,0.95,0.0,0.0,0.0,0.0,-0.95,0.0,0.0,0.0,0.0,0.95
step3,1e-05,0.05,1,0.9994724414927618,0.9989452540803229,0.9267552447842858,0.042692098145618924,nan,0.0001750200816490879,0.0001750200816491312,0.00017751834393973823,0.999472441492762,0.0001750200816490879,0.9994724414927618,0.00017751834393972616,0.0001750200816491406,0.00017502008164909993,1.0305705000626736e-16,2.0398226185171073e-06,0.0,4.996524581191153e-06,0.0,1.1102230246251565e-16,0.9999999999999999,0.0,0.0,0.0,0.0,0.9992949231488223,7.902443375685761e-18,0.0,0.0,5.9704781004858986e-18,-0.9992949231488223,0.0,0.0,0.0,0.0,0.9992999196734035
step3,1e-05,0.05,2,0.9999786492965135,0.9999572992050001,0.9988154096848507,0.0005845184235275546,0.04327661656858345,6.2832907274574e-06,6.283290727537285e-06,8.7841220312622e-06,0.9999786492965137,6.2832907274574e-06,0.9999786492965135,8.78412203136415e-06,6.283290727461486e-06,6.283290727540972e-06,2.6296976246678124e-17,2.0419202090849894e-06,2.220446049250313e-16,5.001662607861945e-06,0.0,0.0,1.0,0.0,0.0,0.0,0.0,0.9999698651744822,6.620392877964273e-18,0.0,0.0,3.1881019498741e-18,-0.9999698651744824,0.0,0.0,0.0,0.0,0.99997486683709
step3,1e-05,0.05,3,0.9999787496111128,0.999957499828498,0.9998273131324196,1.158353699028602e-07,0.0005846342568473476,6.250133735673619e-06,6.2501337357088655e-06,8.75012141562498e-06,0.999978749611113,6.250133735673619e-06,0.9999787496111128,8.750121415681096e-06,6.2501337357060026e-06,6.250133735716658e-06,6.492402162653584e-17,2.0412313930371745e-06,0.0,4.99997535985397e-06,0.0,0.0,1.0,0.0,0.0,0.0,0.0,0.9999699994896973,4.907914518304932e-18,0.0,0.0,1.4722005769257762e-17,-0.9999699994896973,0.0,0.0,0.0,0.0,0.9999749994650572
step3,1e-05,0.05,4,0.999978749614045,0.9999574998343621,0.9998275137278316,3.3889684999402832e-12,1.158387564758324e-07,6.250132818512582e-06,6.250132818568042e-06,8.750120317768507e-06,0.9999787496140451,6.250132818512582e-06,0.9999787496140449,8.750120317815502e-06,6.25013281854652e-06,6.250132818582904e-06,3.7934196803191074e-17,2.0412312454756863e-06,0.0,4.999974998476375e-06,0.0,0.0,1.0,0.0,0.0,0.0,0.0,0.9999699994937273,2.976358223563692e-22,0.0,0.0,-6.6294635323013755e-22,-0.9999699994937273,0.0,0.0,0.0,0.0,0.9999749994687258
step3,1e-05,0.05,5,0.9999787496140452,0.9999574998343626,0.9998275137336949,3.5183455395064367e-16,3.389283905895228e-12,6.2501328184155865e-06,6.250132818544853e-06,8.750120317634297e-06,0.9999787496140453,6.2501328184155865e-06,0.9999787496140452,8.75012031761448e-06,6.250132818560113e-06,6.250132818435049e-06,5.576681286080761e-17,2.0412312454171872e-06,2.220446049250313e-16,4.999974998032286e-06,0.0,0.0,1.0,0.0,0.0,-5.551115123125783e-17,0.0,0.9999699994937279,8.972038201185266e-18,0.0,0.0,8.973400451982994e-18,-0.9999699994937277,0.0,0.0,0.0,0.0,0.9999749994687259
step3,1e-05,0.1,0,0.9249999999999998,0.8574999999999999,nan,nan,nan,0.024999999999999935,0.024999999999999994,0.025000000000000026,0.925,0.024999999999999935,0.9249999999999998,0.024999999999999956,0.024999999999999988,0.024999999999999988,2.924295323337349e-18,1.7554167342883506e-16,0.0,1.1102230246251565e-16,0.0,0.0,1.0,0.0,0.0,0.0,0.0,0.9,0.0,0.0,0.0,0.0,-0.9,0.0,0.0,0.0,0.0,0.8999999999999999
step3,1e-05,0.1,1,0.997790980415955,0.9955884671927497,0.8573899566529988,0.08405178430009802,nan,0.0007355089755570084,0.0007355089755571292,0.0007380016329305572,0.9977909804159553,0.0007355089755570084,0.997790980415955,0.0007380016329306011,0.000735508975557007,0.0007355089755571269,8.867962368515291e-17,2.0352462229242364e-06,2.220446049250313e-16,4.985314747130154e-06,0.0,0.0,1.0,0.0,0.0,0.0,0.0,0.9970529787830246,-5.798269103999817e-19,0.0,0.0,-4.317443850733451e-19,-0.9970529787830248,0.0,0.0,0.0,0.0,0.9970579640977717
step3,1e-05,0.1,2,0.999977083100327,0.9999541669050789,0.995459092716896,0.002524293946612389,0.0865760782461872,6.804422032025635e-06,6.804422032127976e-06,9.308055608773631e-06,0.9999770831003272,6.804422032025635e-06,0.9999770831003268,9.308055608775544e-06,6.8044220320557906e-06,6.804422032139317e-06,3.803620094884575e-17,2.0442082552352298e-06,2.220446049250313e-16,5.007267153467332e-06,0.0,0.0,1.0,0.0,0.0,0.0,0.0,0.9999677750447182,-4.833674565855621e-18,0.0,0.0,4.889729182179057e-18,-0.9999677750447185,0.0,-1.1102230246251565e-16,0.0,0.0,0.9999727823118717
step3,1e-05,0.1,3,0.9999787495644978,0.9999574997352707,0.9998241812709916,1.9242693746267667e-06,0.002526218213678941,6.250148387751882e-06,6.250148387813896e-06,8.75013872631003e-06,0.9999787495644981,6.250148387751882e-06,0.9999787495644978,8.750138726338493e-06,6.2501483878174605e-06,6.2501483877564885e-06,2.1269935186465198e-17,2.041233563779085e-06,2.220446049250313e-16,4.999980676934079e-06,0.0,1.1102230246251565e-16,0.9999999999999999,0.0,0.0,0.0,0.0,0.9999699994257718,3.768225250257642e-18,0.0,0.0,-9.517380265705511e-18,-0.9999699994257716,0.0,0.0,0.0,0.0,0.9999749994064487
step3,1e-05,0.1,4,0.9999787496140433,0.9999574998343587,0.9998275136346176,5.7257080221296055e-11,1.9243265882783704e-06,6.250132818992505e-06,6.250132819027361e-06,8.75012031845146e-06,0.9999787496140434,6.250132818992505e-06,0.9999787496140433,8.750120318423335e-06,6.250132819019225e-06,6.2501328189894835e-06,6.891375047320124e-17,2.0412312456152913e-06,0.0,4.999974998809442e-06,0.0,1.1102230246251565e-16,0.9999999999999999,0.0,0.0,-1.1102230246251565e-16,0.0,0.999969999493725,-1.7349671241890403e-18,0.0,0.0,1.7350821033889577e-18,-0.999969999493725,0.0,-1.1102230246251565e-16,0.0,0.0,0.9999749994687238
step3,1e-05,0.1,5,0.999978749614045,0.9999574998343621,0.9998275137336916,2.004265655161615e-15,5.7259083034358994e-11,6.250132818405494e-06,6.250132818445362e-06,8.75012031781236e-06,0.9999787496140451,6.250132818405494e-06,0.999978749614045,8.750120317871013e-06,6.250132818458673e-06,6.2501328184381514e-06,1.3054355452030381e-16,2.041231245593307e-06,0.0,4.999974998809442e-06,0.0,1.1102230246251565e-16,0.9999999999999999,0.0,0.0,-1.6653345369377348e-16,0.0,0.9999699994937273,2.9770717591803723e-19,0.0,0.0,3.768116449616597e-18,-0.9999699994937273,0.0,-1.1102230246251565e-16,0.0,0.0,0.9999749994687261
step3,1e-05,0.2,0,0.8499999999999999,0.7300000000000001,nan,nan,nan,0.04999999999999999,0.04999999999999999,0.05000000000000002,0.8500000000000001,0.04999999999999999,0.8499999999999999,0.04999999999999998,0.049999999999999975,0.049999999999999975,2.4659545749914493e-17,1.9229626863835638e-16,0.0,0.0,0.0,0.0,1.0,0.0,0.0,0.0,0.0,0.8,0.0,0.0,0.0,0.0,-0.8,0.0,0.0,0.0,0.0,0.8
step3,1e-05,0.2,1,0.9897023326530738,0.9795460545805852,0.7299078054927952,0.1613143587399046,nan,0.0034317338839786253,0.003431733883978713,0.003434199578968614,0.9897023326530742,0.0034317338839786253,0.9897023326530738,0.003434199578968629,0.0034317338839787255,0.003431733883978641,2.2682605808861915e-17,2.0132315288952605e-06,2.220446049250313e-16,4.9313899798120175e-06,0.0,0.0,1.0,0.0,0.0,-5.551115123125783e-17,0.0,0.9862681330741055,-4.392684244867833e-18,0.0,0.0,-2.687565476638517e-17,-0.9862681330741053,0.0,0.0,0.0,0.0,0.9862730644640854
step3,1e-05,0.2,2,0.9999425091010928,0.9998850226133479,0.9794189258965171,0.011824337257700579,0.17313869599716594,1.8324595792254836e-05,1.8324595792319058e-05,2.084170732258049e-05,0.999942509101093,1.8324595792254836e-05,0.999942509101093,2.0841707322540365e-05,1.8324595792257665e-05,1.8324595792270753e-05,2.751922634748001e-17,2.055212958273769e-06,0.0,5.034223060529364e-06,0.0,0.0,1.0,0.0,0.0,0.0,0.0,0.9999216673937705,3.274206121981091e-18,0.0,0.0,6.581663456784723e-18,-0.9999216673937705,0.0,1.1102230246251565e-16,0.0,0.0,0.9999267016168311
step3,1e-05,0.2,3,0.9999787481190283,0.9999574968444136,0.9997550466588323,4.184521583958373e-05,0.011866182471179574,6.25061079448294e-06,6.250610794513554e-06,8.750659382594955e-06,0.9999787481190285,6.25061079448294e-06,0.9999787481190283,8.750659382578965e-06,6.2506107944773335e-06,6.250610794492651e-06,6.483156747242122e-17,2.0412811243312347e-06,0.0,5.000097176077745e-06,0.0,0.0,1.0,0.0,0.0,5.551115123125783e-17,0.0,0.9999699974596459,4.9074001259841386e-18,0.0,0.0,4.909894813878533e-18,-0.9999699974596459,0.0,0.0,0.0,0.0,0.999974997556822
step3,1e-05,0.2,4,0.9999787496140011,0.9999574998342743,0.9998275107441654,1.7269662435821963e-09,4.184694210198889e-05,6.250132832008358e-06,6.250132832050846e-06,8.750120334743983e-06,0.9999787496140012,6.250132832008358e-06,0.999978749614001,8.750120334731697e-06,6.250132832029096e-06,6.250132832035143e-06,1.0755989391686884e-16,2.04123124832628e-06,0.0,4.99997500547078e-06,0.0,0.0,1.0,0.0,0.0,1.6653345369377348e-16,0.0,0.9999699994936665,-6.643758827612595e-18,0.0,0.0,-3.172201360750544e-18,-0.9999699994936665,0.0,1.1102230246251565e-16,0.0,0.0,0.999974999468672
step3,1e-05,0.2,5,0.9999787496140449,0.999957499834362,0.9998275137336076,5.0697402615481694e-14,1.727016927199717e-09,6.250132818503217e-06,6.2501328185198825e-06,8.750120317981238e-06,0.9999787496140451,6.250132818503217e-06,0.9999787496140449,8.750120318000266e-06,6.250132818505456e-06,6.250132818502581e-06,2.1573595830734675e-16,2.0412312457065413e-06,0.0,4.9999749989204645e-06,0.0,0.0,1.0,0.0,0.0,2.220446049250313e-16,0.0,0.9999699994937271,-1.1847099786103573e-17,0.0,0.0,-2.166142544997615e-17,-0.9999699994937271,0.0,1.6653345369377348e-16,0.0,0.0,0.999974999468726
step3,1e-05,0.3,0,0.7749999999999998,0.6174999999999999,nan,nan,nan,0.07500000000000001,0.07500000000000001,0.07500000000000001,0.7749999999999999,0.07500000000000001,0.7749999999999998,0.075,0.075,0.075,8.879893162462571e-18,1.9229626863835638e-16,0.0,0.0,0.0,0.0,1.0,0.0,0.0,0.0,0.0,0.7,0.0,0.0,0.0,0.0,-0.7,0.0,0.0,0.0,0.0,0.7
step3,1e-05,0.3,1,0.9726471127698691,0.9462917994633726,0.617423554469086,0.22822322753294771,nan,0.009116826128782552,0.00911682612878257,0.009119234972565587,0.9726471127698693,0.009116826128782552,0.9726471127698691,0.009119234972565582,0.009116826128782554,0.009116826128782566,8.59947360792748e-17,1.9668127128303154e-06,0.0,4.817687565994433e-06,0.0,0.0,1.0,0.0,0.0,0.0,0.0,0.9635278777973038,-7.946615279230455e-18,0.0,0.0,-6.051769333016696e-23,-0.9635278777973038,0.0,0.0,0.0,0.0,0.9635326954848698
step3,1e-05,0.3,2,0.9997147838541274,0.9994296761769079,0.9461693260724191,0.03125505437386464,0.25947828190646205,9.422355200669611e-05,9.422355200684096e-05,9.676904185886766e-05,0.9997147838541274,9.422355200669611e-05,0.9997147838541274,9.676904185892886e-05,9.422355200669167e-05,9.422355200683513e-05,6.940218313732777e-17,2.0783837611025254e-06,2.220446049250313e-16,5.090979704358567e-06,0.0,0.0,1.0,0.0,0.0,5.551115123125783e-17,0.0,0.9996180148122685,5.9155700556950016e-18,0.0,0.0,1.7516004659838007e-17,-0.9996180148122688,0.0,0.0,0.0,0.0,0.9996231057919729
step3,1e-05,0.3,3,0.9999787186725788,0.9999574379531859,0.9992997639667498,0.00030476567918297313,0.03155982005071699,6.260297030541601e-06,6.260297030656248e-06,8.760733359774315e-06,0.999978718672579,6.260297030541601e-06,0.9999787186725788,8.760733359823691e-06,6.260297030682305e-06,6.260297030567895e-06,6.074828977589003e-17,2.041597713655425e-06,2.220446049250313e-16,5.000872658311728e-06,0.0,0.0,1.0,0.0,0.0,0.0,0.0,0.9999699579392193,-2.053927116577548e-17,0.0,0.0,-1.7064029101017753e-17,-0.9999699579392191,0.0,1.1102230246251565e-16,0.0,0.0,0.9999749588118776
step3,1e-05,0.3,4,0.9999787496131406,0.9999574998325533,0.9998274518611818,3.5728962374948554e-08,0.00030480140631055963,6.250133100404927e-06,6.250133100441863e-06,8.7501206582063e-06,0.9999787496131407,6.250133100404927e-06,0.9999787496131406,8.750120658261463e-06,6.25013310043412e-06,6.25013310043759e-06,1.186324281085854e-16,2.041231293327696e-06,0.0,4.999975115604904e-06,0.0,1.1102230246251565e-16,0.9999999999999999,0.0,0.0,2.220446049250313e-16,0.0,0.9999699994924826,2.4468692531444754e-22,0.0,0.0,7.121313679154685e-22,-0.9999699994924826,0.0,1.1102230246251565e-16,0.0,0.0,0.9999749994675982
step3,1e-05,0.3,5,0.999978749614045,0.9999574998343621,0.9998275137318868,1.0453368890481777e-12,3.573000705532676e-08,6.250132818460834e-06,6.2501328186070185e-06,8.750120317868593e-06,0.9999787496140451,6.250132818460834e-06,0.999978749614045,8.750120317866251e-06,6.250132818456619e-06,6.250132818599875e-06,1.2322423065931871e-16,2.0412312455281227e-06,2.220446049250313e-16,4.99997499869842e-06,0.0,0.0,1.0,0.0,0.0,2.220446049250313e-16,0.0,0.9999699994937272,1.531775949288231e-17,0.0,0.0,1.8191883043942018e-17,-0.9999699994937274,0.0,1.1102230246251565e-16,0.0,0.0,0.9999749994687259
step3,1e-05,0.3,6,0.9999787496140449,0.999957499834362,0.9998275137336952,1.5979143838864872e-16,1.0452727391644463e-12,6.2501328184608595e-06,6.250132818513461e-06,8.750120317852702e-06,0.9999787496140451,6.2501328184608595e-06,0.9999787496140449,8.750120317854754e-06,6.2501328185089795e-06,6.25013281848474e-06,6.584631324410764e-17,2.0412312456217368e-06,0.0,4.99997499869842e-06,0.0,0.0,1.0,0.0,0.0,1.6653345369377348e-16,0.0,0.9999699994937272,2.9731863045285647e-19,0.0,0.0,-6.046541729219731e-18,-0.9999699994937272,0.0,5.551115123125783e-17,0.0,0.0,0.9999749994687259
step3,1e-05,0.5,0,0.6249999999999998,0.4375,nan,nan,nan,0.12499999999999997,0.125,0.125,0.625,0.12499999999999997,0.6249999999999999,0.12499999999999997,0.12499999999999997,0.12499999999999997,4.844614790834e-18,2.254873622441467e-16,0.0,0.0,0.0,0.0,1.0,0.0,0.0,0.0,0.0,0.5,0.0,0.0,0.0,0.0,-0.5,0.0,0.0,0.0,0.0,0.5
step3,1e-05,0.5,1,0.8928306635567793,0.8009750160148603,0.4374487528311515,0.3092642114084343,nan,0.03572239788549513,0.03572239788549527,0.03572454067223015,0.8928306635567795,0.03572239788549513,0.8928306635567794,0.03572454067223013,0.03572239788549514,0.035722397885495236,8.33824167332405e-17,1.7495780427566038e-06,2.220446049250313e-16,4.285573469986481e-06,0.0,0.0,1.0,0.0,0.0,-1.1102230246251565e-16,0.0,0.8571061228845492,-1.9543061747525938e-17,0.0,0.0,-9.459307416629588e-18,-0.8571061228845495,0.0,-5.551115123125783e-17,0.0,0.0,0.8571104084580192
step3,1e-05,0.5,2,0.9951973314035314,0.9904254169793643,0.8008728856512598,0.1182028464755339,0.4274670578838006,0.0015999978179155117,0.0015999978179155972,0.001602672960637358,0.9951973314035316,0.0015999978179155117,0.9951973314035314,0.0016026729606373113,0.0015999978179155583,0.001599997817915506,7.454537489916225e-17,2.184244885832441e-06,0.0,5.350285443572744e-06,0.0,0.0,1.0,0.0,0.0,-1.1102230246251565e-16,0.0,0.9935946584428943,4.916000876549773e-18,0.0,0.0,6.253815476913067e-18,-0.9935946584428943,0.0,-5.551115123125783e-17,0.0,0.0,0.9936000087283379
step3,1e-05,0.5,3,0.9999709149326974,0.999941830997512,0.9902967652835581,0.005512059472804109,0.12371490594622148,8.858831075243072e-06,8.858831075287106e-06,1.1367405151884631e-05,0.9999709149326974,8.858831075243072e-06,0.9999709149326974,1.1367405151899227e-05,8.858831075232893e-06,8.85883107527639e-06,1.695648072379895e-17,2.048242156581907e-06,0.0,5.017148153263484e-06,0.0,0.0,1.0,0.0,0.0,0.0,0.0,0.9999595475275457,1.79440576681646e-18,0.0,0.0,-1.1777458613224226e-17,-0.9999595475275457,0.0,0.0,0.0,0.0,0.9999645646756989
step3,1e-05,0.5,4,0.999978749365029,0.9999574993363445,0.9998118470903394,9.046425939621021e-06,0.005521105896209523,6.250211410791416e-06,6.250211410842081e-06,8.750212149029939e-06,0.9999787493650292,6.250211410791416e-06,0.9999787493650291,8.750212149058502e-06,6.250211410782578e-06,6.2502114108330895e-06,9.232404103574948e-17,2.0412420550689707e-06,0.0,5.000001476407334e-06,0.0,1.1102230246251565e-16,0.9999999999999999,0.0,0.0,1.1102230246251565e-16,0.0,0.9999699991528802,-4.907632068145578e-18,0.0,0.0,-4.90771226936722e-18,-0.9999699991528802,0.0,1.1102230246251565e-16,0.0,0.0,0.9999749991543566
step3,1e-05,0.5,5,0.9999787496140375,0.9999574998343472,0.9998275132357471,2.8773325203492883e-10,9.046713478061867e-06,6.250132820746854e-06,6.2501328207971145e-06,8.750120320782928e-06,0.9999787496140378,6.250132820746854e-06,0.9999787496140374,8.750120320789633e-06,6.250132820757153e-06,6.250132820775643e-06,1.2923321561447758e-16,2.0412312461482114e-06,0.0,4.9999750000306875e-06,0.0,0.0,1.0,0.0,0.0,1.1102230246251565e-16,0.0,0.9999699994937169,-1.6456915508201197e-17,0.0,0.0,-1.2987571187737322e-17,-0.9999699994937169,0.0,2.220446049250313e-16,0.0,0.0,0.9999749994687169
step3,1e-05,0.5,6,0.9999787496140449,0.9999574998343619,0.9998275137336803,8.518967291163617e-15,2.877417692622417e-10,6.250132818498763e-06,6.250132818522119e-06,8.750120317921271e-06,0.9999787496140451,6.250132818498763e-06,0.9999787496140448,8.750120317921761e-06,6.250132818504824e-06,6.250132818489804e-06,8.030259495951218e-17,2.041231245666691e-06,0.0,4.999974998809442e-06,0.0,0.0,1.0,0.0,0.0,1.1102230246251565e-16,0.0,0.9999699994937271,-1.4178008970198468e-17,0.0,0.0,-1.3582187610841643e-17,-0.9999699994937271,0.0,5.551115123125783e-17,0.0,0.0,0.9999749994687259
step3,3e-05,0.05,0,0.9624999999999998,0.926875,nan,nan,nan,0.0124999999999999,0.012500000000000011,0.012500000000000067,0.9624999999999999,0.0124999999999999,0.9624999999999998,0.01250000000000003,0.01250000000000001,0.01250000000000001,8.494454310017238e-17,1.9229626863835638e-16,0.0,0.0,0.0,0.0,1.0,0.0,0.0,0.0,0.0,0.95,0.0,0.0,0.0,0.0,-0.95,0.0,0.0,0.0,0.0,0.95
step3,3e-05,0.05,1,0.9994287883032236,0.9988580116876291,0.9265157780536002,0.042641692174488904,nan,0.00018790574051046524,0.00018790574051053355,0.00019540021575532404,0.9994287883032238,0.00018790574051046524,0.9994287883032236,0.0001954002157552924,0.0001879057405104622,0.00018790574051049243,4.61307938690287e-17,6.119213413211895e-06,0.0,1.4988950489569497e-05,0.0,0.0,1.0,0.0,0.0,-5.551115123125783e-17,0.0,0.9992333880874685,2.6819533417626557e-18,0.0,0.0,-2.7788925146602478e-18,-0.9992333880874685,0.0,0.0,0.0,0.0,0.9992483770379581
step3,3e-05,0.05,2,0.9999361161509437,0.9998722377809405,0.9984685627710216,0.0005858117389332171,0.04322750390835532,1.8793808224876505e-05,1.879380822497343e-05,2.629623260614291e-05,0.9999361161509439,1.8793808224876505e-05,0.9999361161509438,2.6296232606146018e-05,1.8793808224976177e-05,1.879380822490362e-05,7.558567383195472e-17,6.125703855939541e-06,2.220446049250313e-16,1.500484876226782e-05,0.0,0.0,1.0,0.0,0.0,-1.1102230246251565e-16,0.0,0.9999098199183379,9.531174025129726e-18,0.0,0.0,6.0353479150469384e-18,-0.9999098199183377,0.0,-1.6653345369377348e-16,0.0,0.0,0.9999248247671002
step3,3e-05,0.05,3,0.9999362465146517,0.9998724984861453,0.9994823629724288,1.5054528593922526e-07,0.0005859622699577711,1.8751199031107503e-05,1.8751199031131837e-05,2.625108728576686e-05,0.999936246514652,1.8751199031107503e-05,0.9999362465146518,2.6251087285736473e-05,1.8751199031122797e-05,1.875119903112711e-05,2.9121645504914704e-17,6.123633117232463e-06,0.0,1.4999776509316831e-05,0.0,0.0,1.0,0.0,0.0,5.551115123125783e-17,0.0,0.9999099954273662,8.378538261543288e-18,0.0,0.0,2.5138296083621897e-17,-0.9999099954273662,0.0,5.551115123125783e-17,0.0,0.0,0.9999249952038756
step3,3e-05,0.05,4,0.9999362465260913,0.9998724985090226,0.9994826235681588,1.3224341624887606e-11,1.5055850264982585e-07,1.8751195475491083e-05,1.875119547550854e-05,2.6251082957340355e-05,0.9999362465260915,1.8751195475491083e-05,0.9999362465260914,2.625108295734703e-05,1.8751195475497063e-05,1.8751195475492154e-05,7.153730362708453e-17,6.123632486269702e-06,0.0,1.4999774963664336e-05,0.0,1.1102230246251565e-16,0.9999999999999999,0.0,0.0,1.1102230246251565e-16,0.0,0.9999099954431342,-4.910184114342141e-18,0.0,0.0,-4.909120430748075e-18,-0.9999099954431342,0.0,1.1102230246251565e-16,0.0,0.0,0.9999249952180979
step3,3e-05,0.05,5,0.9999362465260923,0.9998724985090245,0.9994826235910264,1.1032656296419014e-15,1.3225417433639936e-11,1.8751195475086236e-05,1.8751195475146812e-05,2.6251082957201577e-05,0.9999362465260925,1.8751195475086236e-05,0.9999362465260923,2.625108295717376e-05,1.8751195475083325e-05,1.8751195475143542e-05,2.613738189019942e-17,6.123632486444956e-06,2.220446049250313e-16,1.4999774964219448e-05,0.0,1.1102230246251565e-16,0.9999999999999999,0.0,0.0,0.0,0.0,0.9999099954431352,-1.3138216809590853e-18,0.0,0.0,2.9989641935088903e-18,-0.9999099954431354,0.0,0.0,0.0,0.0,0.9999249952180994
step3,3e-05,0.1,0,0.9249999999999998,0.8574999999999999,nan,nan,nan,0.024999999999999935,0.024999999999999994,0.025000000000000026,0.925,0.024999999999999935,0.9249999999999998,0.024999999999999956,0.024999999999999988,0.024999999999999988,2.924295323337349e-18,1.7554167342883506e-16,0.0,1.1102230246251565e-16,0.0,0.0,1.0,0.0,0.0,0.0,0.0,0.9,0.0,0.0,0.0,0.0,-0.9,0.0,0.0,0.0,0.0,0.8999999999999999
step3,3e-05,0.1,1,0.997746119725733,0.9954990127904642,0.8571699098724692,0.08399998383419144,nan,0.0007488008753762215,0.0007488008753762743,0.0007562785235144561,0.9977461197257332,0.0007488008753762215,0.997746119725733,0.0007562785235144492,0.000748800875376211,0.00074880087537625,3.6595962400814015e-17,6.105474138216577e-06,0.0,1.4955296276375485e-05,0.0,0.0,1.0,0.0,0.0,-5.551115123125783e-17,0.0,0.9969898412022188,1.1962984600220913e-17,0.0,0.0,4.583972456043482e-18,-0.9969898412022188,0.0,-1.1102230246251565e-16,0.0,0.0,0.9970047964984952
step3,3e-05,0.1,2,0.9999344481874037,0.999868902141803,0.9951109743783246,0.0025268640529871006,0.08652684788246978,1.9346992064138288e-05,1.9346992064189642e-05,2.6857828467775675e-05,0.9999344481874038,1.9346992064138288e-05,0.9999344481874037,2.6857828467867795e-05,1.9346992064168778e-05,1.934699206413739e-05,5.008699816966395e-17,6.132572243541445e-06,0.0,1.5021672807424835e-05,0.0,0.0,1.0,0.0,0.0,-1.6653345369377348e-16,0.0,0.9999075903589361,8.241180715536867e-18,0.0,0.0,1.8248375071188587e-18,-0.9999075903589361,0.0,-1.1102230246251565e-16,0.0,0.0,0.9999226120317435
step3,3e-05,0.1,3,0.9999362463675265,0.99987249819192,0.9994790287339869,2.0763787674480087e-06,0.0025289404124630107,1.8751245155323092e-05,1.875124515539297e-05,2.6251142162461693e-05,0.9999362463675265,1.8751245155323092e-05,0.9999362463675265,2.62511421624569e-05,1.8751245155374005e-05,1.875124515538987e-05,1.3158570128281782e-16,6.123640263606586e-06,0.0,1.499979401420326e-05,0.0,0.0,1.0,0.0,0.0,-1.6653345369377348e-16,0.0,0.9999099952253643,7.239624695617252e-18,0.0,0.0,6.6442497238985036e-18,-0.9999099952253643,0.0,-2.220446049250313e-16,0.0,0.0,0.9999249950193785
step3,3e-05,0.1,4,0.9999362465260784,0.9998724985089965,0.999482623274057,1.832448294403583e-10,2.076561878978677e-06,1.875119547940914e-05,1.8751195479468154e-05,2.6251082962766814e-05,0.9999362465260784,1.875119547940914e-05,0.9999362465260784,2.6251082962724733e-05,1.875119547945597e-05,1.8751195479401675e-05,2.8842144951740226e-17,6.123632487476585e-06,0.0,1.4999774966550916e-05,0.0,0.0,1.0,0.0,0.0,-1.1102230246251565e-16,0.0,0.9999099954431158,1.5025462877405683e-17,0.0,0.0,-1.1413238128714567e-18,-0.9999099954431158,0.0,-1.1102230246251565e-16,0.0,0.0,0.9999249952180823
step3,3e-05,0.1,5,0.9999362465260924,0.9998724985090246,0.9994826235910004,1.624033662583008e-14,1.8326106577848473e-10,1.875119547508895e-05,1.8751195475188818e-05,2.6251082957229332e-05,0.9999362465260926,1.875119547508895e-05,0.9999362465260923,2.6251082957217776e-05,1.875119547509605e-05,1.8751195475188178e-05,2.006147445995531e-16,6.123632486466861e-06,2.220446049250313e-16,1.4999774964219448e-05,0.0,0.0,1.0,0.0,0.0,-2.220446049250313e-16,0.0,0.9999099954431352,2.332724519501809e-18,0.0,0.0,1.7376695905903757e-18,-0.9999099954431354,0.0,-2.7755575615628914e-16,0.0,0.0,0.9999249952180994
step3,3e-05,0.2,0,0.8499999999999999,0.7300000000000001,nan,nan,nan,0.04999999999999999,0.04999999999999999,0.05000000000000002,0.8500000000000001,0.04999999999999999,0.8499999999999999,0.04999999999999998,0.049999999999999975,0.049999999999999975,2.4659545749914493e-17,1.9229626863835638e-16,0.0,0.0,0.0,0.0,1.0,0.0,0.0,0.0,0.0,0.8,0.0,0.0,0.0,0.0,-0.8,0.0,0.0,0.0,0.0,0.8
step3,3e-05,0.2,1,0.9896549439621336,0.9794525815399776,0.7297234494314726,0.1612596390934924,nan,0.003445886434502715,0.003445886434502774,0.0034532831688607085,0.9896549439621338,0.003445886434502715,0.9896549439621337,0.0034532831688607285,0.0034458864345027506,0.0034458864345027836,1.000217984241037e-17,6.039408313331427e-06,0.0,1.4793468715912361e-05,0.0,0.0,1.0,0.0,0.0,0.0,0.0,0.9862016607932731,-7.317574814457122e-18,0.0,0.0,5.780907091818357e-18,-0.9862016607932731,0.0,0.0,0.0,0.0,0.986216454261989
step3,3e-05,0.2,2,0.9998993601047174,0.9997987337519676,0.9790712813149178,0.011829232835895494,0.17308887192543473,3.1029538839627964e-05,3.1029538839747816e-05,3.8580817603182626e-05,0.9998993601047175,3.1029538839627964e-05,0.9998993601047172,3.8580817603270114e-05,3.102953883962951e-05,3.102953883974017e-05,3.850325281614962e-17,6.1655932921246525e-06,2.220446049250313e-16,1.510255752723566e-05,0.0,2.220446049250313e-16,1.0000000000000002,0.0,0.0,-5.551115123125783e-17,0.0,0.9998607792871141,1.0500312254885215e-17,0.0,0.0,3.878472529942239e-18,-0.9998607792871144,0.0,0.0,0.0,0.0,0.9998758818446414
step3,3e-05,0.2,3,0.9999362428437587,0.999872491144985,0.9994088898091291,4.2588539148112554e-05,0.01187182135415035,1.8752360204258808e-05,1.8752360204289115e-05,2.6252435832543773e-05,0.9999362428437588,1.8752360204258808e-05,0.9999362428437587,2.6252435832503813e-05,1.8752360204275034e-05,1.875236020424964e-05,2.8120456372169094e-17,6.1237861071209955e-06,0.0,1.5000151256439054e-05,0.0,1.1102230246251565e-16,0.9999999999999999,0.0,0.0,0.0,0.0,0.9999099904079264,4.91289950631403e-18,0.0,0.0,-4.910006032448077e-18,-0.9999099904079264,0.0,0.0,0.0,0.0,0.9999249905591828
step3,3e-05,0.2,4,0.9999362465257682,0.9998724985083762,0.9994826162300814,4.2543918586233575e-09,4.259279091534889e-05,1.8751195573954184e-05,1.875119557409968e-05,2.6251083083630467e-05,0.9999362465257682,1.8751195573954184e-05,0.9999362465257682,2.625108308366419e-05,1.875119557396632e-05,1.8751195574109022e-05,8.513478818197125e-17,6.123632508945904e-06,2.220446049250313e-16,1.499977501928651e-05,0.0,0.0,1.0,0.0,0.0,-5.551115123125783e-17,0.0,0.9999099954426846,5.221105148031504e-22,0.0,0.0,-1.0743347226877981e-21,-0.9999099954426848,0.0,-1.1102230246251565e-16,0.0,0.0,0.9999249952177038
step3,3e-05,0.2,5,0.9999362465260924,0.9998724985090247,0.9994826235903802,3.7513884926259574e-13,4.254766887176348e-09,1.8751195475100313e-05,1.8751195475177786e-05,2.6251082957064432e-05,0.9999362465260926,1.8751195475100313e-05,0.9999362465260924,2.62510829570675e-05,1.8751195475127157e-05,1.8751195475194148e-05,1.3140660113092647e-16,6.1236324863384155e-06,2.220446049250313e-16,1.4999774963886381e-05,0.0,0.0,1.0,0.0,0.0,-1.1102230246251565e-16,0.0,0.9999099954431354,1.7340477727161603e-18,0.0,0.0,-1.735837760357007e-18,-0.9999099954431356,0.0,-5.551115123125783e-17,0.0,0.0,0.9999249952180993
step3,3e-05,0.3,0,0.7749999999999998,0.6174999999999999,nan,nan,nan,0.07500000000000001,0.07500000000000001,0.07500000000000001,0.7749999999999999,0.07500000000000001,0.7749999999999998,0.075,0.075,0.075,8.879893162462571e-18,1.9229626863835638e-16,0.0,0.0,0.0,0.0,1.0,0.0,0.0,0.0,0.0,0.7,0.0,0.0,0.0,0.0,-0.7,0.0,0.0,0.0,0.0,0.7
step3,3e-05,0.3,1,0.9725972097853482,0.9461956368209059,0.6172706902188281,0.2281656045976654,nan,0.009131854687299925,0.009131854687299977,0.009139080840051586,0.9725972097853484,0.009131854687299925,0.9725972097853482,0.00913908084005157,0.009131854687299936,0.009131854687299977,9.456132267412126e-17,5.9001290149587575e-06,0.0,1.4452305503231955e-05,0.0,0.0,1.0,0.0,0.0,5.551115123125783e-17,0.0,0.9634581289452968,1.756312918512309e-18,0.0,0.0,-9.332438722529842e-19,-0.9634581289452968,0.0,-5.551115123125783e-17,0.0,0.0,0.9634725812508
step3,3e-05,0.3,2,0.999670456724105,0.9993410582854481,0.9458283017892115,0.031261492817651726,0.2594270974121645,0.00010730228635897131,0.00010730228635902682,0.00011493870317662698,0.9996704567241055,0.00010730228635897131,0.999670456724105,0.00011493870317660107,0.00010730228635899967,0.00010730228635897315,2.8633118023896846e-17,6.235108222127932e-06,0.0,1.5272833635227023e-05,0.0,1.1102230246251565e-16,0.9999999999999999,0.0,0.0,0.0,0.0,0.9995555180209287,-3.859742024827756e-18,0.0,0.0,2.982086954306796e-18,-0.9995555180209287,0.0,1.1102230246251565e-16,0.0,0.0,0.9995707908545639
step3,3e-05,0.3,3,0.9999361996928775,0.9998724048505733,0.9989514065288262,0.00030685356895925064,0.031568346365767955,1.876635317625168e-05,1.8766353176282154e-05,2.6267600769819266e-05,0.9999361996928776,1.876635317625168e-05,0.9999361996928774,2.626760076986374e-05,1.8766353176282205e-05,1.8766353176252142e-05,9.876966559664156e-17,6.124743012827614e-06,0.0,1.500249518715524e-05,0.0,0.0,1.0,0.0,0.0,1.1102230246251565e-16,0.0,0.9999099320921078,-5.716202922740661e-22,0.0,0.0,2.969757859916432e-21,-0.9999099320921078,0.0,1.6653345369377348e-16,0.0,0.0,0.9999249345872949
step3,3e-05,0.3,4,0.9999362465219797,0.9998724985007996,0.9994825299719062,5.408498685217598e-08,0.00030690764294646905,1.8751196746497848e-05,1.8751196746565577e-05,2.6251084527251223e-05,0.9999362465219798,1.8751196746497848e-05,0.9999362465219797,2.6251084527270186e-05,1.875119674655629e-05,1.8751196746495896e-05,8.102125489246664e-17,6.123632730326359e-06,2.220446049250313e-16,1.4999775561408413e-05,0.0,0.0,1.0,0.0,0.0,5.551115123125783e-17,0.0,0.9999099954374526,1.3585619418566052e-17,0.0,0.0,1.0114809039203576e-17,-0.9999099954374524,0.0,1.6653345369377348e-16,0.0,0.0,0.999924995213014
step3,3e-05,0.3,5,0.9999362465260919,0.9998724985090238,0.9994826235828072,4.754821243408263e-12,5.408973942342366e-08,1.875119547521658e-05,1.875119547531522e-05,2.6251082957395866e-05,0.9999362465260921,1.875119547521658e-05,0.9999362465260919,2.6251082957414036e-05,1.875119547530501e-05,1.8751195475215462e-05,1.1023792328578294e-16,6.123632486506391e-06,2.220446049250313e-16,1.4999774964219448e-05,0.0,0.0,1.0,0.0,0.0,5.551115123125783e-17,0.0,0.9999099954431349,-3.2924633509986264e-17,0.0,0.0,-1.6163434837904292e-17,-0.9999099954431346,0.0,1.6653345369377348e-16,0.0,0.0,0.9999249952180991
step3,3e-05,0.3,6,0.9999362465260924,0.9998724985090246,0.9994826235910276,5.118990075613685e-16,4.755308433134825e-12,1.875119547507347e-05,1.8751195475128916e-05,2.625108295729318e-05,0.9999362465260926,1.875119547507347e-05,0.9999362465260924,2.6251082957263763e-05,1.8751195475087567e-05,1.8751195475128872e-05,1.7542992177733141e-16,6.123632486539863e-06,0.0,1.499977496433047e-05,0.0,0.0,1.0,0.0,0.0,2.220446049250313e-16,0.0,0.9999099954431353,1.041458433415586e-17,0.0,0.0,3.471304116984818e-18,-0.9999099954431353,0.0,3.885780586188048e-16,0.0,0.0,0.9999249952180996
step3,3e-05,0.5,0,0.6249999999999998,0.4375,nan,nan,nan,0.12499999999999997,0.125,0.125,0.625,0.12499999999999997,0.6249999999999999,0.12499999999999997,0.12499999999999997,0.12499999999999997,4.844614790834e-18,2.254873622441467e-16,0.0,0.0,0.0,0.0,1.0,0.0,0.0,0.0,0.0,0.5,0.0,0.0,0.0,0.0,-0.5,0.0,0.0,0.0,0.0,0.5
step3,3e-05,0.5,1,0.8927777067049134,0.8008842403433161,0.43734627547859717,0.30920306214266785,nan,0.03573862178577359,0.035738621785773694,0.03574504972353912,0.8927777067049135,0.03573862178577359,0.8927777067049134,0.03574504972353912,0.0357386217857737,0.03573862178577359,3.513801351721727e-17,5.2483892078963675e-06,2.220446049250313e-16,1.2855875530903838e-05,0.0,0.0,1.0,0.0,0.0,5.551115123125783e-17,0.0,0.8570326569813745,1.2039776053218442e-17,0.0,0.0,-5.468334098736495e-18,-0.8570326569813743,0.0,5.551115123125783e-17,0.0,0.0,0.8570455128569054
step3,3e-05,0.5,2,0.9951461298994175,0.9903236732483773,0.8005779241985669,0.1182048733829247,0.42740793552408396,0.001615281590524986,0.0016152815905250404,0.0016233069195320615,0.9951461298994178,0.001615281590524986,0.9951461298994176,0.0016233069195320698,0.0016152815905250203,0.0016152815905250307,6.067197245634827e-17,6.552653695080281e-06,0.0,1.6050658014132857e-05,0.0,1.1102230246251565e-16,0.9999999999999999,0.0,0.0,1.1102230246251565e-16,0.0,0.9935228229798857,-8.356630515283051e-19,0.0,0.0,1.4430400345390765e-18,-0.9935228229798857,0.0,0.0,0.0,0.0,0.9935388736378998
step3,3e-05,0.5,3,0.9999281014991361,0.999856209928556,0.9899378080550357,0.005521745195777991,0.123726618559685,2.145759659289922e-05,2.1457596593011502e-05,2.8983307677782344e-05,0.9999281014991362,2.145759659289922e-05,0.999928101499136,2.8983307677779278e-05,2.145759659290608e-05,2.1457596593016133e-05,1.0042434244756177e-16,6.144717369806426e-06,2.220446049250313e-16,1.5051422169731765e-05,0.0,1.1102230246251565e-16,0.9999999999999999,0.0,0.0,1.1102230246251565e-16,0.0,0.9998991181914584,-9.799519795034746e-18,0.0,0.0,-1.0041008294187799e-17,-0.9998991181914586,0.0,1.1102230246251565e-16,0.0,0.0,0.9999141696136281
step3,3e-05,0.5,4,0.9999362457909152,0.9998724970387958,0.9994663418504298,9.404241661975113e-06,0.005531149415447097,1.8751426503367648e-05,1.8751426503377528e-05,2.6251356077822738e-05,0.9999362457909156,1.8751426503367648e-05,0.9999362457909152,2.6251356077814803e-05,1.8751426503368576e-05,1.8751426503360197e-05,7.086346464480183e-17,6.12366685471176e-06,0.0,1.4999859148878691e-05,0.0,0.0,1.0,0.0,0.0,0.0,0.0,0.9999099944348376,2.8753933320579946e-18,0.0,0.0,1.2694294892844767e-17,-0.9999099944348376,0.0,0.0,0.0,0.0,0.9999249942939865
step3,3e-05,0.5,5,0.9999362465260275,0.9998724985088949,0.9994826221214173,8.495297953677554e-10,9.405090571324147e-06,1.8751195494837312e-05,1.87511954949115e-05,2.6251082982580297e-05,0.9999362465260277,1.8751195494837312e-05,0.9999362465260274,2.62510829825088e-05,1.875119549490017e-05,1.8751195494827382e-05,4.593853296658252e-17,6.123632490986917e-06,2.220446049250313e-16,1.4999774975210656e-05,0.0,0.0,1.0,0.0,0.0,5.551115123125783e-17,0.0,0.9999099954430453,-1.3881754458775942e-17,0.0,0.0,-1.3881459259408892e-17,-0.999909995443045,0.0,5.551115123125783e-17,0.0,0.0,0.9999249952180205
step3,3e-05,0.5,6,0.9999362465260926,0.9998724985090252,0.9994826235908985,7.530309808338047e-14,8.496050808454468e-10,1.875119547507069e-05,1.8751195475154957e-05,2.625108295709611e-05,0.9999362465260928,1.875119547507069e-05,0.9999362465260926,2.625108295705124e-05,1.8751195475083776e-05,1.8751195475166683e-05,6.903890631763294e-17,6.123632486344675e-06,2.220446049250313e-16,1.4999774963997403e-05,0.0,0.0,1.0,0.0,0.0,1.1102230246251565e-16,0.0,0.9999099954431356,2.9965514273733926e-19,0.0,0.0,1.3586127378521987e-17,-0.9999099954431359,0.0,1.1102230246251565e-16,0.0,0.0,0.9999249952180996
step3,0.0001,0.05,0,0.9624999999999998,0.926875,nan,nan,nan,0.0124999999999999,0.012500000000000011,0.012500000000000067,0.9624999999999999,0.0124999999999999,0.9624999999999998,0.01250000000000003,0.01250000000000001,0.01250000000000001,8.494454310017238e-17,1.9229626863835638e-16,0.0,0.0,0.0,0.0,1.0,0.0,0.0,0.0,0.0,0.95,0.0,0.0,0.0,0.0,-0.95,0.0,0.0,0.0,0.0,0.95
step3,0.0001,0.05,1,0.9992760081754254,0.9985527156523326,0.9256781031799397,0.04246528133692161,nan,0.00023300462537976746,0.00023300462537979524,0.00025798257381479117,0.9992760081754256,0.00023300462537976746,0.9992760081754254,0.00025798257381476943,0.00023300462537976125,0.00023300462537978816,3.289381511040343e-17,2.0394409495779965e-05,0.0,4.995589687006863e-05,0.0,0.0,1.0,0.0,0.0,5.551115123125783e-17,0.0,0.9990180256016108,-7.58672118598217e-18,0.0,0.0,-3.4399555306511546e-18,-0.9990180256016108,0.0,5.551115123125783e-17,0.0,0.0,0.9990679814984809
step3,0.0001,0.05,2,0.9997872247203102,0.999574510221956,0.9972555352309964,0.0005903020200923181,0.04305558330073156,6.258933697717467e-05,6.258933697735388e-05,8.759660573510017e-05,0.9997872247203103,6.258933697717467e-05,0.9997872247203102,8.759660573510391e-05,6.258933697719591e-05,6.258933697735747e-05,2.0080346742176353e-16,2.0418349439077788e-05,2.220446049250313e-16,5.001453751574125e-05,0.0,0.0,1.0,0.0,0.0,2.220446049250313e-16,0.0,0.9996996281145752,-1.8537181255276294e-17,0.0,0.0,-5.214325228571161e-18,-0.9996996281145755,0.0,1.6653345369377348e-16,0.0,0.0,0.999749642652091
step3,0.0001,0.05,3,0.9997874613194709,0.9995749832858218,0.998275900217684,2.7328960962021414e-07,0.0005905752210294984,6.251330863270352e-05,6.251330863274427e-05,8.751206326337135e-05,0.999787461319471,6.251330863270352e-05,0.9997874613194709,8.751206326343095e-05,6.251330863274317e-05,6.2513308632705e-05,1.758953093362199e-16,2.0411397683425868e-05,0.0,4.9997509261379136e-05,0.0,0.0,1.0,0.0,0.0,2.220446049250313e-16,0.0,0.9996999492562078,-6.645293732651324e-18,0.0,0.0,-7.251414125057253e-18,-0.9996999492562078,0.0,2.220446049250313e-16,0.0,0.0,0.9997499467654691
step3,0.0001,0.05,4,0.9997874613888154,0.9995749834244709,0.9982763726196904,8.018845858092168e-11,2.733697655633678e-07,6.251328728234983e-05,6.251328728240711e-05,8.751203661983706e-05,0.9997874613888156,6.251328728234983e-05,0.9997874613888152,8.751203661982859e-05,6.251328728235841e-05,6.251328728237141e-05,1.0945144631781922e-16,2.0411393361509562e-05,0.0,4.999749867495851e-05,0.0,0.0,1.0,0.0,0.0,5.551115123125783e-17,0.0,0.9996999493521956,-4.62048927857265e-18,0.0,0.0,-1.1473217403404466e-18,-0.9996999493521956,0.0,1.6653345369377348e-16,0.0,0.0,0.9997499468508706
step3,0.0001,0.05,5,0.9997874613888353,0.9995749834245111,0.9982763727581456,2.326222573557814e-14,8.021171998607489e-11,6.251328727622588e-05,6.251328727624465e-05,8.751203661194751e-05,0.9997874613888356,6.251328727622588e-05,0.9997874613888355,8.751203661197356e-05,6.25132872762346e-05,6.251328727623316e-05,1.8851035587749716e-16,2.0411393360079432e-05,0.0,4.9997498671405793e-05,0.0,0.0,1.0,0.0,0.0,2.220446049250313e-16,0.0,0.9996999493522236,-7.840728972382472e-21,0.0,0.0,4.79904358737391e-21,-0.9996999493522236,0.0,2.220446049250313e-16,0.0,0.0,0.999749946850895
step3,0.0001,0.1,0,0.9249999999999998,0.8574999999999999,nan,nan,nan,0.024999999999999935,0.024999999999999994,0.025000000000000026,0.925,0.024999999999999935,0.9249999999999998,0.024999999999999956,0.024999999999999988,0.024999999999999988,2.924295323337349e-18,1.7554167342883506e-16,0.0,1.1102230246251565e-16,0.0,0.0,1.0,0.0,0.0,0.0,0.0,0.9,0.0,0.0,0.0,0.0,-0.9,0.0,0.0,0.0,0.0,0.8999999999999999
step3,0.0001,0.1,1,0.9975891139812073,0.9951859782050037,0.8564001650739352,0.0838186914645546,nan,0.0007953214349500472,0.0007953214349501291,0.0008202431488922579,0.9975891139812075,0.0007953214349500472,0.9975891139812074,0.0008202431488922407,0.000795321434950047,0.0007953214349501285,4.585066666714305e-17,2.0348494224663343e-05,2.220446049250313e-16,4.984342788449947e-05,0.0,0.0,1.0,0.0,0.0,5.551115123125783e-17,0.0,0.9967688708323151,-1.6469258701040954e-18,0.0,0.0,-5.718538907851768e-18,-0.9967688708323154,0.0,5.551115123125783e-17,0.0,0.0,0.9968187142601996
step3,0.0001,0.1,2,0.9997851993091289,0.9995704605552205,0.9938935081535882,0.0025358209121758607,0.08635451232441786,6.325510713001027e-05,6.325510713013575e-05,8.82904766107695e-05,0.9997851993091291,6.325510713001027e-05,0.999785199309129,8.829047661077345e-05,6.325510713014051e-05,6.325510713001561e-05,1.1500919208162167e-16,2.0441293583246892e-05,2.220446049250313e-16,5.00707389612387e-05,0.0,0.0,1.0,0.0,0.0,1.1102230246251565e-16,0.0,0.9996969088325185,5.254944278868285e-18,0.0,0.0,8.738466310271731e-18,-0.9996969088325183,0.0,1.6653345369377348e-16,0.0,0.0,0.9997469795714797
step3,0.0001,0.1,3,0.9997874607258117,0.9995749820988411,0.9982718562167983,2.6114298348804333e-06,0.002538432170319192,6.251349376525116e-05,6.251349376534976e-05,8.751228665740407e-05,0.9997874607258119,6.251349376525116e-05,0.9997874607258118,8.751228665740998e-05,6.251349376528474e-05,6.25134937653093e-05,1.2820298436013835e-16,2.0411428923725745e-05,0.0,4.9997585784278264e-05,0.0,0.0,1.0,0.0,0.0,5.551115123125783e-17,0.0,0.9996999484391546,-3.702091046415916e-21,0.0,0.0,-1.0291752896415253e-22,-0.9996999484391546,0.0,2.7755575615628914e-16,0.0,0.0,0.9997499460249388
step3,0.0001,0.1,4,0.9997874613886406,0.9995749834241217,0.9982763714343703,7.661939432345208e-10,2.6121955603239373e-06,6.251328733515972e-05,6.251328733527426e-05,8.751203668866462e-05,0.9997874613886407,6.251328733515972e-05,0.9997874613886406,8.751203668874828e-05,6.251328733527991e-05,6.251328733517235e-05,1.7531609735526534e-16,2.0411393374641795e-05,2.220446049250313e-16,4.999749870693293e-05,0.0,0.0,1.0,0.0,0.0,3.3306690738754696e-16,0.0,0.9996999493519522,1.7072700289915393e-17,0.0,0.0,6.6475352080347434e-18,-0.9996999493519519,0.0,2.220446049250313e-16,0.0,0.0,0.9997499468506591
step3,0.0001,0.1,5,0.9997874613888356,0.9995749834245115,0.9982763727577969,2.2551863669096965e-13,7.664194237284575e-10,6.251328727623954e-05,6.251328727626482e-05,8.751203661191975e-05,0.9997874613888358,6.251328727623954e-05,0.9997874613888356,8.751203661189029e-05,6.251328727624504e-05,6.251328727626471e-05,2.711625441385733e-16,2.04113933599943e-05,0.0,4.999749867129477e-05,0.0,2.220446049250313e-16,1.0000000000000002,0.0,0.0,4.440892098500626e-16,0.0,0.9996999493522238,1.3901229410504564e-17,0.0,0.0,2.3723872021204426e-17,-0.9996999493522238,0.0,4.996003610813204e-16,0.0,0.0,0.9997499468508951
step3,0.0001,0.2,0,0.8499999999999999,0.7300000000000001,nan,nan,nan,0.04999999999999999,0.04999999999999999,0.05000000000000002,0.8500000000000001,0.04999999999999999,0.8499999999999999,0.04999999999999998,0.049999999999999975,0.049999999999999975,2.4659545749914493e-17,1.9229626863835638e-16,0.0,0.0,0.0,0.0,1.0,0.0,0.0,0.0,0.0,0.8,0.0,0.0,0.0,0.0,-0.8,0.0,0.0,0.0,0.0,0.8
step3,0.0001,0.2,1,0.9894890919176477,0.9791254898253873,0.7290785490953327,0.1610681307929988,nan,0.0034954187972157783,0.0034954187972158243,0.0035200704879206953,0.9894890919176479,0.0034954187972157783,0.9894890919176478,0.0035200704879206988,0.00349541879721579,0.003495418797215768,3.1446423627408736e-17,2.0128021174624714e-05,0.0,4.930338140984869e-05,0.0,2.220446049250313e-16,1.0000000000000002,0.0,0.0,0.0,0.0,0.9859690214297272,2.096018005722788e-17,0.0,0.0,5.5330375841262215e-18,-0.9859690214297272,0.0,0.0,0.0,0.0,0.986018324811137
step3,0.0001,0.2,2,0.999748308808793,0.9994967025045558,0.9778554898485031,0.011846323275122157,0.17291445402419875,7.550697160982709e-05,7.550697160988958e-05,0.00010067724798715205,0.9997483088087931,7.550697160982709e-05,0.999748308808793,0.00010067724798717669,7.550697160983324e-05,7.550697160989404e-05,1.9230698985268435e-17,2.0551444603084543e-05,2.220446049250313e-16,5.034055275476845e-05,0.0,0.0,1.0,0.0,0.0,0.0,0.0,0.9996476315608058,-7.155825248450109e-18,0.0,0.0,-7.497082003280168e-18,-0.999647631560806,0.0,0.0,0.0,0.0,0.9996979721135606
step3,0.0001,0.2,3,0.9997874494462268,0.9995749595460857,0.998198201360311,4.519593038267933e-05,0.01189151898606204,6.251704007322256e-05,6.251704007333477e-05,8.751647362639023e-05,0.9997874494462269,6.251704007322256e-05,0.9997874494462269,8.751647362636299e-05,6.251704007334496e-05,6.251704007323768e-05,2.575578222800535e-17,2.0411952021218645e-05,2.220446049250313e-16,4.999886710599366e-05,0.0,0.0,1.0,0.0,0.0,5.551115123125783e-17,0.0,0.9996999329726007,4.912995436421295e-18,0.0,0.0,4.9213943112113615e-18,-0.9996999329726005,0.0,-5.551115123125783e-17,0.0,0.0,0.9997499318397067
step3,0.0001,0.2,4,0.9997874613853277,0.9995749834174977,0.9982763489131682,1.3797390842097297e-08,4.5209718129614924e-05,6.251328834299605e-05,6.251328834304005e-05,8.751203798607312e-05,0.9997874613853278,6.251328834299605e-05,0.9997874613853277,8.751203798615155e-05,6.251328834304054e-05,6.25132883430096e-05,2.461199469730498e-17,2.04113936110375e-05,0.0,4.9997499286247304e-05,0.0,0.0,1.0,0.0,0.0,5.551115123125783e-17,0.0,0.9996999493473417,2.037734279600005e-18,0.0,0.0,2.0389338921625143e-18,-0.9996999493473417,0.0,0.0,0.0,0.0,0.999749946846628
step3,0.0001,0.2,5,0.9997874613888345,0.9995749834245092,0.998276372751182,4.0570193362798525e-12,1.3801446932613112e-08,6.251328727642403e-05,6.251328727663168e-05,8.751203661236384e-05,0.9997874613888347,6.251328727642403e-05,0.9997874613888345,8.751203661234111e-05,6.251328727642989e-05,6.251328727663723e-05,1.6397886386028528e-17,2.0411393360174686e-05,4.440892098500626e-16,4.999749867184988e-05,0.0,0.0,1.0,0.0,0.0,0.0,0.0,0.9996999493522221,-6.950698665981224e-18,0.0,0.0,-6.949704760820586e-18,-0.9996999493522225,0.0,0.0,0.0,0.0,0.9997499468508939
step3,0.0001,0.2,6,0.9997874613888356,0.9995749834245113,0.9982763727581841,1.2352124998302939e-15,4.058239918948574e-12,6.251328727625659e-05,6.251328727630466e-05,8.751203661185653e-05,0.9997874613888358,6.251328727625659e-05,0.9997874613888356,8.75120366118443e-05,6.251328727625372e-05,6.251328727628176e-05,6.679794084719687e-17,2.0411393359938472e-05,0.0,4.999749867118375e-05,0.0,0.0,1.0,0.0,0.0,-1.6653345369377348e-16,0.0,0.9996999493522238,6.949210872383165e-18,0.0,0.0,6.949562349380104e-18,-0.9996999493522238,0.0,-1.1102230246251565e-16,0.0,0.0,0.999749946850895
step3,0.0001,0.3,0,0.7749999999999998,0.6174999999999999,nan,nan,nan,0.07500000000000001,0.07500000000000001,0.07500000000000001,0.7749999999999999,0.07500000000000001,0.7749999999999998,0.075,0.075,0.075,8.879893162462571e-18,1.9229626863835638e-16,0.0,0.0,0.0,0.0,1.0,0.0,0.0,0.0,0.0,0.7,0.0,0.0,0.0,0.0,-0.7,0.0,0.0,0.0,0.0,0.7
step3,0.0001,0.3,1,0.9724225601596068,0.9458591409567341,0.6167359467612714,0.22796393735256548,nan,0.009184452360497012,0.009184452360497067,0.009208535119398842,0.972422560159607,0.009184452360497012,0.9724225601596068,0.00920853511939884,0.00918445236049701,0.009184452360497062,4.180018246893299e-17,1.966349030263057e-05,0.0,4.8165517803622215e-05,0.0,1.1102230246251565e-16,0.9999999999999999,0.0,0.0,0.0,0.0,0.9632140250402081,-3.515223622637587e-18,0.0,0.0,-1.52668945450806e-18,-0.9632140250402081,0.0,0.0,0.0,0.0,0.9632621905580118
step3,0.0001,0.3,2,0.9995152777639744,0.999030869234085,0.9446356836079941,0.03128397562395811,0.25924791294149424,0.00015308937677462734,0.0001530893767747364,0.00017854348247611784,0.9995152777639746,0.00015308937677462734,0.9995152777639744,0.00017854348247609654,0.00015308937677462633,0.0001530893767747281,3.53395226982211e-17,2.0783190275799193e-05,2.220446049250313e-16,5.090821140296686e-05,0.0,0.0,1.0,0.0,0.0,5.551115123125783e-17,0.0,0.9993367342814984,6.96820963405337e-21,0.0,0.0,-2.2252664892772847e-19,-0.9993367342814986,0.0,0.0,0.0,0.0,0.9993876424929014
step3,0.0001,0.3,3,0.9997873572006781,0.9995747751074182,0.9977330198326805,0.00031417048752938184,0.031598145884906066,6.254645238191476e-05,6.254645238206128e-05,8.754989455767716e-05,0.9997873572006784,6.254645238191476e-05,0.9997873572006782,8.754989455767144e-05,6.254645238191e-05,6.254645238204419e-05,5.118248572319162e-17,2.041522504787757e-05,2.220446049250313e-16,5.000688435152778e-05,0.0,0.0,1.0,0.0,0.0,0.0,0.0,0.9996998073061205,-1.2809796938633715e-20,0.0,0.0,-1.4010288215904693e-20,-0.9996998073061207,0.0,5.551115123125783e-17,0.0,0.0,0.999749814190472
step3,0.0001,0.3,4,0.9997874613582725,0.9995749833634029,0.9982761647325473,1.2033178688879195e-07,0.00031429076278422814,6.251329663723037e-05,6.25132966372858e-05,8.751204845286464e-05,0.9997874613582727,6.251329663723037e-05,0.9997874613582725,8.751204845280752e-05,6.251329663723541e-05,6.251329663729066e-05,2.235731206863212e-17,2.0411395384876825e-05,0.0,4.999750363110511e-05,0.0,0.0,1.0,0.0,0.0,5.551115123125783e-17,0.0,0.9996999493098199,6.3523020954602826e-18,0.0,0.0,1.3299204623803941e-17,-0.9996999493098199,0.0,1.1102230246251565e-16,0.0,0.0,0.999749946813451
step3,0.0001,0.3,5,0.9997874613888267,0.9995749834244936,0.9982763726971626,3.5338882106032675e-11,1.2036711430513565e-07,6.251328727884977e-05,6.251328727890126e-05,8.751203661533382e-05,0.9997874613888268,6.251328727884977e-05,0.9997874613888267,8.751203661538702e-05,6.251328727888027e-05,6.251328727890747e-05,1.0609467106661366e-16,2.041139336074035e-05,0.0,4.9997498672960106e-05,0.0,0.0,1.0,0.0,0.0,-5.551115123125783e-17,0.0,0.9996999493522114,6.949853509256741e-18,0.0,0.0,6.947805349497606e-18,-0.9996999493522114,0.0,0.0,0.0,0.0,0.9997499468508844
step3,0.0001,0.3,6,0.9997874613888356,0.9995749834245116,0.9982763727581682,1.0361934523184841e-14,3.5349242735013785e-11,6.251328727621978e-05,6.251328727625914e-05,8.751203661179197e-05,0.9997874613888358,6.251328727621978e-05,0.9997874613888356,8.75120366118443e-05,6.251328727621404e-05,6.251328727624903e-05,8.773827448545473e-17,2.041139335996804e-05,0.0,4.999749867118375e-05,0.0,0.0,1.0,0.0,0.0,-1.1102230246251565e-16,0.0,0.999699949352224,-9.83316991519852e-18,0.0,0.0,1.9657222477502817e-17,-0.999699949352224,0.0,-1.1102230246251565e-16,0.0,0.0,0.9997499468508951
step3,0.0001,0.5,0,0.6249999999999998,0.4375,nan,nan,nan,0.12499999999999997,0.125,0.125,0.625,0.12499999999999997,0.6249999999999999,0.12499999999999997,0.12499999999999997,0.12499999999999997,4.844614790834e-18,2.254873622441467e-16,0.0,0.0,0.0,0.0,1.0,0.0,0.0,0.0,0.0,0.5,0.0,0.0,0.0,0.0,-0.5,0.0,0.0,0.0,0.0,0.5
step3,0.0001,0.5,1,0.8925923760871275,0.8005666160463222,0.4369877830267736,0.3089890612290254,nan,0.035795400793958335,0.03579540079395838,0.03581682232495549,0.8925923760871276,0.035795400793958335,0.8925923760871276,0.03581682232495552,0.03579540079395837,0.03579540079395839,1.0066412030414885e-16,1.749060681741e-05,0.0,4.28430619943132e-05,0.0,0.0,1.0,0.0,0.0,-1.1102230246251565e-16,0.0,0.8567755537621722,9.922377470368532e-19,0.0,0.0,-2.1459543909550862e-17,-0.8567755537621722,0.0,-1.6653345369377348e-16,0.0,0.0,0.8568183968241665
step3,0.0001,0.5,2,0.9949668780300043,0.9899675329594015,0.7995464360691311,0.11821189258980695,0.4272009538020685,0.0016687906775886049,0.0016687906775886684,0.0016955406148180556,0.9949668780300045,0.0016687906775886049,0.9949668780300043,0.0016955406148180987,0.0016687906775886222,0.0016687906775886725,1.374068037075647e-16,2.184123228790876e-05,0.0,5.349987445890658e-05,0.0,1.1102230246251565e-16,0.9999999999999999,0.0,0.0,-2.220446049250313e-16,0.0,0.9932713374151864,1.4281075516511486e-17,0.0,0.0,-8.495530973510838e-18,-0.9932713374151864,0.0,-1.1102230246251565e-16,0.0,0.0,0.9933248372896453
step3,0.0001,0.5,3,0.999778221058256,0.9995565081172351,0.9886823639844438,0.005555660551252706,0.12376755293095408,6.55644560461888e-05,6.556445604629647e-05,9.06500296513784e-05,0.9997782210582561,6.55644560461888e-05,0.999778221058256,9.065002965137702e-05,6.556445604631125e-05,6.55644560462153e-05,1.5023739546236928e-16,2.048228507917421e-05,2.220446049250313e-16,5.0171147210065214e-05,0.0,0.0,1.0,0.0,0.0,-2.220446049250313e-16,0.0,0.999687571028605,1.9181161063409656e-17,0.0,0.0,-1.176990012199325e-18,-0.9996875710286047,0.0,-1.6653345369377348e-16,0.0,0.0,0.999737742175815
step3,0.0001,0.5,4,0.9997874586610254,0.9995749779704428,0.9982579232995342,1.0666899552984545e-05,0.005566327233548856,6.25141404487098e-05,6.251414044874792e-05,8.75130580768859e-05,0.9997874586610256,6.25141404487098e-05,0.9997874586610254,8.751305807688288e-05,6.251414044876169e-05,6.2514140448727e-05,1.9801118244585216e-16,2.0411530770273078e-05,0.0,4.999783525627688e-05,0.0,0.0,1.0,0.0,0.0,-3.3306690738754696e-16,0.0,0.9996999456029487,-1.851559186380483e-17,0.0,0.0,-5.207301395457633e-18,-0.9996999456029487,0.0,-2.220446049250313e-16,0.0,0.0,0.999749943438205
step3,0.0001,0.5,5,0.9997874613880338,0.9995749834229084,0.9982763673117483,3.151872262191472e-09,1.0670049273517688e-05,6.251328751934526e-05,6.251328751947374e-05,8.751203692708431e-05,0.999787461388034,6.251328751934526e-05,0.9997874613880339,8.751203692708251e-05,6.251328751935453e-05,6.251328751947192e-05,2.3831297021135223e-16,2.0411393418855112e-05,2.220446049250313e-16,4.999749881540172e-05,0.0,1.1102230246251565e-16,0.9999999999999999,0.0,0.0,-2.7755575615628914e-16,0.0,0.9996999493511068,3.179374628177511e-18,0.0,0.0,-3.1807970719914527e-18,-0.9996999493511071,0.0,-3.3306690738754696e-16,0.0,0.0,0.9997499468499222
step3,0.0001,0.5,6,0.9997874613888351,0.9995749834245108,0.9982763727565855,9.271840485725644e-13,3.1527992612279427e-09,6.251328727636328e-05,6.251328727641151e-05,8.751203661187995e-05,0.9997874613888355,6.251328727636328e-05,0.9997874613888352,8.751203661188831e-05,6.251328727636108e-05,6.251328727636282e-05,2.0549119787601626e-16,2.0411393359952197e-05,0.0,4.9997498671072726e-05,0.0,0.0,1.0,0.0,0.0,-3.3306690738754696e-16,0.0,0.9996999493522235,3.1764929113301657e-18,0.0,0.0,-1.2994514646777704e-17,-0.9996999493522235,0.0,-3.885780586188048e-16,0.0,0.0,0.9997499468508946
step3,0.0003,0.05,0,0.9624999999999998,0.926875,nan,nan,nan,0.0124999999999999,0.012500000000000011,0.012500000000000067,0.9624999999999999,0.0124999999999999,0.9624999999999998,0.01250000000000003,0.01250000000000001,0.01250000000000001,8.494454310017238e-17,1.9229626863835638e-16,0.0,0.0,0.0,0.0,1.0,0.0,0.0,0.0,0.0,0.95,0.0,0.0,0.0,0.0,-0.95,0.0,0.0,0.0,0.0,0.95
step3,0.0003,0.05,1,0.9988395452708692,0.9976808898222507,0.923288673649832,0.041961337056856035,nan,0.0003618506829777496,0.00036185068297778944,0.0004367533631750729,0.9988395452708692,0.0003618506829777496,0.9988395452708692,0.0004367533631751913,0.00036185068297779974,0.0003618506829777734,9.107117653235303e-17,6.115778228350785e-05,0.0,0.00014980536039477244,0.0,0.0,1.0,0.0,0.0,-1.1102230246251565e-16,0.0,0.9984027919076941,4.0067163815285795e-19,0.0,0.0,2.3470192143342643e-19,-0.9984027919076941,0.0,-1.6653345369377348e-16,0.0,0.0,0.9985525972680889
step3,0.0003,0.05,2,0.9993616026769543,0.9987237525069128,0.9937977579397603,0.0006028199748236751,0.04256415652516953,0.00018779417180877443,0.00018779417180884455,0.0002628089794276754,0.9993616026769545,0.00018779417180877443,0.9993616026769544,0.00026280897942770984,0.0001877941718088561,0.00018779417180878608,9.564849556785827e-17,6.124933393977297e-05,2.220446049250313e-16,0.0001500296152376901,0.0,1.1102230246251565e-16,0.9999999999999999,0.0,0.0,-1.1102230246251565e-16,0.0,0.999098793697527,7.48687738149563e-18,0.0,0.0,8.134049332256891e-18,-0.9990987936975267,0.0,-1.1102230246251565e-16,0.0,0.0,0.9992488233127647
step3,0.0003,0.05,3,0.9993621517013966,0.9987248496189403,0.9948362491319515,6.343151339491493e-07,0.0006034539307847456,0.0001876198422259404,0.00018761984222601054,0.00026260861415130425,0.9993621517013969,0.0001876198422259404,0.9993621517013966,0.00026260861415127894,0.0001876198422259286,0.00018761984222599677,6.93453717165055e-17,6.122807588501564e-05,2.220446049250313e-16,0.00014997754385071005,0.0,0.0,1.0,0.0,0.0,-1.1102230246251565e-16,0.0,0.9990995430872455,-7.806726659460461e-18,0.0,0.0,2.029582951609838e-18,-0.9990995430872457,0.0,-1.1102230246251565e-16,0.0,0.0,0.9992495206310962
step3,0.0003,0.05,4,0.9993621521851976,0.9987248505857156,0.994837341645083,5.595914593397713e-10,6.348745556998325e-07,0.00018761969423803873,0.00018761969423813004,0.00026260842632595913,0.9993621521851979,0.00018761969423803873,0.9993621521851977,0.0002626084263260045,0.00018761969423802789,0.00018761969423811923,8.512560368601969e-17,6.122804335791965e-05,2.220446049250313e-16,0.00014997746417588775,0.0,0.0,1.0,0.0,0.0,-1.6653345369377348e-16,0.0,0.9990995437588718,1.4799113163658644e-17,0.0,0.0,1.4790685223133546e-17,-0.999099543758872,0.0,-1.6653345369377348e-16,0.0,0.0,0.9992495212230477
step3,0.0003,0.05,5,0.9993621521856254,0.9987248505865702,0.9948373426078055,4.951576433046652e-13,5.600865748278123e-10,0.00018761969410984513,0.00018761969410990975,0.000262608426154715,0.9993621521856255,0.00018761969410984513,0.9993621521856254,0.00026260842615463524,0.0001876196941098516,0.00018761969410986985,1.343222938836144e-16,6.122804332264243e-05,0.0,0.00014997746408962342,0.0,1.1102230246251565e-16,0.9999999999999999,0.0,0.0,-1.6653345369377348e-16,0.0,0.999099543759471,2.1756457989371762e-17,0.0,0.0,2.1753759907687053e-17,-0.999099543759471,0.0,-1.1102230246251565e-16,0.0,0.0,0.9992495212235606
step3,0.0003,0.1,0,0.9249999999999998,0.8574999999999999,nan,nan,nan,0.024999999999999935,0.024999999999999994,0.025000000000000026,0.925,0.024999999999999935,0.9249999999999998,0.024999999999999956,0.024999999999999988,0.024999999999999988,2.924295323337349e-18,1.7554167342883506e-16,0.0,1.1102230246251565e-16,0.0,0.0,1.0,0.0,0.0,0.0,0.0,0.9,0.0,0.0,0.0,0.0,-0.9,0.0,0.0,0.0,0.0,0.8999999999999999
step3,0.0003,0.1,1,0.9971405833366769,0.9942920720815485,0.8542044811498374,0.0833007927665147,nan,0.000928227973934547,0.0009282279739345793,0.001002960715453826,0.997140583336677,0.000928227973934547,0.9971405833366769,0.0010029607154538559,0.0009282279739345746,0.0009282279739345662,1.6634165890377718e-17,6.101902793385533e-05,0.0,0.0001494654830386244,0.0,0.0,1.0,0.0,0.0,5.551115123125783e-17,0.0,0.9961376226212232,-3.712792250376537e-18,0.0,0.0,3.709059231396507e-18,-0.9961376226212232,0.0,0.0,0.0,0.0,0.9962870881042618
step3,0.0003,0.1,2,0.9993585451642902,0.9987176427076254,0.9904231455124297,0.0025610817339692307,0.08586187402976099,0.00018878506912195386,0.00018878506912203518,0.000263884697465604,0.9993585451642903,0.00018878506912195386,0.9993585451642902,0.00026388469746560923,0.00018878506912194416,0.00018878506912201846,3.8060320215967985e-17,6.13185897715117e-05,2.220446049250313e-16,0.00015019925668735556,0.0,0.0,1.0,0.0,0.0,0.0,0.0,0.9990946604668247,-3.472910792776079e-18,0.0,0.0,1.3442229798345618e-17,-0.9990946604668249,0.0,5.551115123125783e-17,0.0,0.0,0.9992448597235121
step3,0.0003,0.1,3,0.9993621490094317,0.9987248442396086,0.9948301649438416,4.162342761642964e-06,0.002565243086905613,0.0001876206750632113,0.00018762067506325293,0.0002626096404418761,0.9993621490094318,0.0001876206750632113,0.9993621490094318,0.00026260964044190526,0.00018762067506324337,0.00018762067506320303,3.24500717739852e-17,6.122823383901247e-05,0.0,0.0001499779307573279,0.0,2.220446049250313e-16,1.0000000000000002,0.0,0.0,0.0,0.0,0.99909953936899,6.696132322384864e-18,0.0,0.0,3.194508634767493e-18,-0.99909953936899,0.0,0.0,0.0,0.0,0.9992495172997473
step3,0.0003,0.1,4,0.9993621521828193,0.9987248505809629,0.9948373362883001,3.6692504967397984e-09,4.166010343144157e-06,0.00018761969495520556,0.00018761969495530018,0.0002626084272696803,0.9993621521828195,0.00018761969495520556,0.9993621521828194,0.00026260842726977984,0.00018761969495529032,0.0001876196949552262,6.282206287215599e-17,6.122804354290544e-05,2.220446049250313e-16,0.00014997746462896977,0.0,1.1102230246251565e-16,0.9999999999999999,0.0,0.0,0.0,0.0,0.9990995437555499,9.845877478098151e-18,0.0,0.0,9.85550340756591e-18,-0.9990995437555497,0.0,1.1102230246251565e-16,0.0,0.0,0.9992495212201788
step3,0.0003,0.1,5,0.9993621521856235,0.9987248505865663,0.9948373426030728,3.2453384104492766e-12,3.672495422009312e-09,0.00018761969411039683,0.0001876196941104475,0.00026260842615553935,0.9993621521856235,0.00018761969411039683,0.9993621521856235,0.00026260842615549485,0.0001876196941104087,0.00018761969411044987,3.943587990677719e-17,6.12280433229034e-05,0.0,0.00014997746409017854,0.0,0.0,1.0,0.0,0.0,5.551115123125783e-17,0.0,0.9990995437594682,-1.7720363957073218e-17,0.0,0.0,-2.93552703035834e-19,-0.9990995437594682,0.0,0.0,0.0,0.0,0.9992495212235584
step3,0.0003,0.1,6,0.9993621521856259,0.998724850586571,0.9948373426086528,2.7188935168023417e-15,3.248055456718339e-12,0.00018761969410966607,0.00018761969410968757,0.0002626084261546747,0.999362152185626,0.00018761969410966607,0.9993621521856259,0.000262608426154619,0.0001876196941096704,0.00018761969410966084,9.878870907041836e-17,6.122804332280173e-05,0.0,0.00014997746408984547,0.0,0.0,1.0,0.0,0.0,0.0,0.0,0.9990995437594714,3.2222227195257345e-19,0.0,0.0,3.823860673757349e-18,-0.9990995437594714,0.0,0.0,0.0,0.0,0.9992495212235613
step3,0.0003,0.2,0,0.8499999999999999,0.7300000000000001,nan,nan,nan,0.04999999999999999,0.04999999999999999,0.05000000000000002,0.8500000000000001,0.04999999999999999,0.8499999999999999,0.04999999999999998,0.049999999999999975,0.049999999999999975,2.4659545749914493e-17,1.9229626863835638e-16,0.0,0.0,0.0,0.0,1.0,0.0,0.0,0.0,0.0,0.8,0.0,0.0,0.0,0.0,-0.8,0.0,0.0,0.0,0.0,0.8
step3,0.0003,0.2,1,0.9890153007281082,0.9781914899231205,0.7272389381768742,0.16052105394043223,nan,0.0036369264206052446,0.0036369264206052732,0.003710846430680949,0.9890153007281084,0.0036369264206052446,0.9890153007281083,0.003710846430680875,0.003636926420605285,0.003636926420605256,1.0028736680752763e-16,6.035543548891487e-05,0.0,0.00014784002015122422,0.0,2.220446049250313e-16,0.9999999999999998,0.0,0.0,-5.551115123125783e-17,0.0,0.9853044542974275,7.279527598215751e-23,0.0,0.0,7.279527598215751e-23,-0.9853044542974275,0.0,-5.551115123125783e-17,0.0,0.0,0.9854522943175787
step3,0.0003,0.2,2,0.9993164780975212,0.9986335829319875,0.9743900540934054,0.011894775124819087,0.1724158286699717,0.00020267223606168475,0.00020267223606172926,0.0002781774303550267,0.9993164780975216,0.00020267223606168475,0.9993164780975212,0.00027817743035510984,0.00020267223606173056,0.00020267223606172351,3.8148726352345966e-17,6.164973298282528e-05,0.0,0.00015101038858666982,0.0,0.0,1.0,0.0,0.0,-5.551115123125783e-17,0.0,0.9990383006671664,2.0262713615917675e-17,0.0,0.0,1.8381253737849384e-17,-0.9990383006671664,0.0,0.0,0.0,0.0,0.999189311055753
step3,0.0003,0.2,3,0.9993621114120035,0.998724769108936,0.9947464575316373,5.269448353256238e-05,0.011947467899220342,0.00018763243696326187,0.0001876324369632854,0.0002626237140695901,0.9993621114120037,0.00018763243696326187,0.9993621114120035,0.0002626237140697284,0.00018763243696330166,0.00018763243696328833,7.835333627599744e-17,6.123012135681386e-05,0.0,0.00014998255421283524,0.0,0.0,1.0,0.0,0.0,-1.1102230246251565e-16,0.0,0.999099487697934,6.97630437254179e-18,0.0,0.0,-2.8954711226328154e-18,-0.999099487697934,0.0,-5.551115123125783e-17,0.0,0.0,0.9992494702521468
step3,0.0003,0.2,4,0.9993621521496419,0.9987248505146644,0.9948372614725622,4.708553320532375e-08,5.2741538367855954e-05,0.0001876197050214394,0.00018761970502152644,0.0002626084403150316,0.9993621521496419,0.0001876197050214394,0.9993621521496419,0.00026260844031497996,0.0001876197050214752,0.00018761970502154593,9.536401033209659e-17,6.122804597520913e-05,2.220446049250313e-16,0.00014997747058709265,0.0,0.0,1.0,0.0,0.0,-1.1102230246251565e-16,0.0,0.9990995437093269,6.645701765905242e-18,0.0,0.0,-6.669562377412799e-18,-0.9990995437093271,0.0,-5.551115123125783e-17,0.0,0.0,0.999249521179914
step3,0.0003,0.2,5,0.9993621521855938,0.9987248505865072,0.9948373425370527,4.159834221976862e-11,4.712712352351461e-08,0.0001876196941192394,0.00018761969411931124,0.00026260842616749496,0.999362152185594,0.0001876196941192394,0.9993621521855939,0.0002626084261675234,0.0001876196941192266,0.0001876196941192913,5.738999224450848e-17,6.122804332546147e-05,2.220446049250313e-16,0.00014997746409661783,0.0,0.0,1.0,0.0,0.0,-1.1102230246251565e-16,0.0,0.9990995437594264,1.0448212637332966e-17,0.0,0.0,3.3049692008525656e-17,-0.9990995437594267,0.0,-1.6653345369377348e-16,0.0,0.0,0.9992495212235231
step3,0.0003,0.2,6,0.9993621521856257,0.9987248505865707,0.9948373426085938,3.691419047943287e-14,4.1635254147391854e-11,0.0001876196941096623,0.000187619694109726,0.00026260842615462364,0.9993621521856257,0.0001876196941096623,0.9993621521856257,0.0002626084261545797,0.00018761969410973568,0.00018761969410967388,9.136068888418258e-17,6.122804332272445e-05,2.220446049250313e-16,0.00014997746408962342,0.0,2.220446049250313e-16,0.9999999999999998,0.0,0.0,-5.551115123125783e-17,0.0,0.9990995437594714,6.96190954717717e-18,0.0,0.0,6.975188965220396e-18,-0.9990995437594712,0.0,-5.551115123125783e-17,0.0,0.0,0.999249521223561
step3,0.0003,0.3,0,0.7749999999999998,0.6174999999999999,nan,nan,nan,0.07500000000000001,0.07500000000000001,0.07500000000000001,0.7749999999999999,0.07500000000000001,0.7749999999999998,0.075,0.075,0.075,8.879893162462571e-18,1.9229626863835638e-16,0.0,0.0,0.0,0.0,1.0,0.0,0.0,0.0,0.0,0.7,0.0,0.0,0.0,0.0,-0.7,0.0,0.0,0.0,0.0,0.7
step3,0.0003,0.3,1,0.9719236539954952,0.94489835307384,0.6152105179066125,0.22738785693204122,nan,0.009334711862166771,0.009334711862166863,0.009406922280170843,0.9719236539954954,0.009334711862166771,0.9719236539954952,0.00940692228017089,0.009334711862166858,0.009334711862166771,9.351565271120614e-17,5.895955940769517e-05,2.220446049250313e-16,0.00014442083600807454,0.0,2.220446049250313e-16,0.9999999999999998,0.0,0.0,-5.551115123125783e-17,0.0,0.9625167317153246,-2.466116400400255e-18,0.0,0.0,-3.519867640965261e-19,-0.9625167317153244,0.0,5.551115123125783e-17,0.0,0.0,0.9626611525513327
step3,0.0003,0.3,2,0.9990716177515957,0.9981443885815833,0.9412364760750361,0.03134776854790036,0.2587356251646631,0.00028400842157537073,0.00028400842157542093,0.0003603654052532377,0.9990716177515959,0.00028400842157537073,0.9990716177515957,0.0003603654052533725,0.000284008421575378,0.00028400842157542565,9.266546800649887e-17,6.23452161030297e-05,0.0,0.0001527139673559441,0.0,0.0,1.0,0.0,0.0,0.0,0.0,0.9987112523463425,-3.545831881860683e-19,0.0,0.0,-9.238777513548316e-21,-0.9987112523463425,0.0,0.0,0.0,0.0,0.9988639663136984
step3,0.0003,0.3,3,0.9993618691718886,0.9987242850421338,0.9942593137958067,0.0003351552914114286,0.03168292191846405,0.00018770888266994554,0.00018770888266997577,0.0002627130627712518,0.9993618691718887,0.00018770888266994554,0.9993618691718886,0.0002627130627712741,0.00018770888266997178,0.0001877088826699767,4.6425796251240356e-17,6.12406566079857e-05,0.0,0.00015000836020262476,0.0,0.0,1.0,0.0,0.0,0.0,0.0,0.9990991561091175,-4.921888399102239e-18,0.0,0.0,-4.944146237028588e-18,-0.9990991561091175,0.0,-5.551115123125783e-17,0.0,0.0,0.9992491644693201
step3,0.0003,0.3,4,0.9993621519360566,0.9987248500878592,0.9948367794348806,3.267508001963227e-07,0.00033548183928437127,0.0001876197701337151,0.00018761977013379062,0.0002626085236757114,0.9993621519360567,0.0001876197701337151,0.9993621519360566,0.00026260852367568675,0.0001876197701337929,0.00018761977013371977,1.9209771039004754e-17,6.122806087506087e-05,2.220446049250313e-16,0.0001499775070837872,0.0,0.0,1.0,0.0,0.0,0.0,0.0,0.9990995434123812,5.063152679412616e-21,0.0,0.0,3.1539446169150032e-21,-0.9990995434123809,0.0,0.0,0.0,0.0,0.999249520919465
step3,0.0003,0.3,5,0.999362152185405,0.9987248505861298,0.9948373421120363,2.8845615027962036e-10,3.2703918491860855e-07,0.00018761969417574464,0.0001876196941757607,0.00026260842624334287,0.9993621521854053,0.00018761969417574464,0.999362152185405,0.00026260842624328823,0.00018761969417574486,0.0001876196941757449,2.4227550442711478e-17,6.122804334127706e-05,0.0,0.00014997746413514257,0.0,0.0,1.0,0.0,0.0,0.0,0.0,0.9990995437591619,1.6682865497373033e-20,0.0,0.0,-8.465600644867452e-21,-0.9990995437591619,0.0,0.0,0.0,0.0,0.999249521223297
step3,0.0003,0.3,6,0.9993621521856255,0.9987248505865703,0.9948373426082182,2.5531350807121897e-13,2.8871144538793825e-10,0.00018761969410976484,0.0001876196941098075,0.00026260842615463686,0.9993621521856257,0.00018761969410976484,0.9993621521856254,0.0002626084261545912,0.0001876196941097718,0.00018761969410980808,4.922691528954961e-17,6.122804332270024e-05,0.0,0.00014997746408962342,0.0,1.1102230246251565e-16,0.9999999999999999,0.0,0.0,1.1102230246251565e-16,0.0,0.9990995437594711,-3.765515894294898e-18,0.0,0.0,-3.0570254071394117e-19,-0.9990995437594711,0.0,1.1102230246251565e-16,0.0,0.0,0.9992495212235607
step3,0.0003,0.5,0,0.6249999999999998,0.4375,nan,nan,nan,0.12499999999999997,0.125,0.125,0.625,0.12499999999999997,0.6249999999999999,0.12499999999999997,0.12499999999999997,0.12499999999999997,4.844614790834e-18,2.254873622441467e-16,0.0,0.0,0.0,0.0,1.0,0.0,0.0,0.0,0.0,0.5,0.0,0.0,0.0,0.0,-0.5,0.0,0.0,0.0,0.0,0.5
step3,0.0003,0.5,1,0.8920630174573936,0.7996598939316657,0.4359650454741942,0.308377814497528,nan,0.035957586728423585,0.03595758672842367,0.03602180908575876,0.8920630174573938,0.035957586728423585,0.8920630174573938,0.03602180908575884,0.03595758672842363,0.035957586728423634,9.054413528415542e-17,5.243733518332833e-05,0.0,0.00012844471467043928,0.0,0.0,1.0,0.0,0.0,0.0,0.0,0.856041208371635,-2.050701256472473e-17,0.0,0.0,9.258964059860324e-18,-0.856041208371635,0.0,-2.220446049250313e-16,0.0,0.0,0.8561696530863054
step3,0.0003,0.5,2,0.9944543303586464,0.9889496709452723,0.7966068303845051,0.11823130485575914,0.42660911920237443,0.0018218099450466498,0.0018218099450466904,0.0019020497512599816,0.9944543303586466,0.0018218099450466498,0.9944543303586465,0.0019020497512599892,0.0018218099450466626,0.0018218099450466945,5.410355550627034e-17,6.551552742749256e-05,0.0,0.0001604796124267116,0.0,0.0,1.0,0.0,0.0,-5.551115123125783e-17,0.0,0.9925522806073866,-1.5710733476284868e-17,0.0,0.0,6.869260747223653e-18,-0.9925522806073866,0.0,-5.551115123125783e-17,0.0,0.0,0.9927127602198134
step3,0.0003,0.5,3,0.9993497041687213,0.9986999759592713,0.9851031387591221,0.005652692238982372,0.1238839952340406,0.00019168007486838957,0.00019168007486855253,0.00026693568154159675,0.9993497041687214,0.00019168007486838957,0.9993497041687213,0.00026693568154162526,0.00019168007486839667,0.00019168007486855963,2.6801187663824e-17,6.144594554426581e-05,2.220446049250313e-16,0.00015051121334641593,0.0,0.0,1.0,0.0,0.0,0.0,0.0,0.9990827684871797,-2.867052842032345e-20,0.0,0.0,-8.13176593133318e-20,-0.9990827684871799,0.0,0.0,0.0,0.0,0.9992332797005261
step3,0.0003,0.5,4,0.9993621411991156,0.9987248286323129,0.9948125722513135,1.4362689432059352e-05,0.0056670534411655815,0.00018762310578341937,0.00018762310578348436,0.0002626125893173681,0.9993621411991157,0.00018762310578341937,0.9993621411991155,0.0002626125893173989,0.00018762310578341603,0.00018762310578347696,8.107934223245698e-17,6.122865691102826e-05,2.220446049250313e-16,0.0001499789670679208,0.0,0.0,1.0,0.0,0.0,5.551115123125783e-17,0.0,0.9990995286097982,-1.1898657115705718e-21,0.0,0.0,3.138837168954458e-20,-0.9990995286097984,0.0,0.0,0.0,0.0,0.9992495075768661
step3,0.0003,0.5,5,0.9993621521759237,0.9987248505671833,0.9948373207464278,1.2689733565903239e-08,1.437537218546618e-05,0.00018761969704161424,0.00018761969704164454,0.00026260842999298317,0.9993621521759238,0.00018761969704161424,0.9993621521759237,0.00026260842999294154,0.00018761969704162451,0.0001876196970416463,2.5713029872576228e-17,6.122804406287773e-05,0.0,0.00014997746590261762,0.0,0.0,1.0,0.0,0.0,5.551115123125783e-17,0.0,0.9990995437459309,1.188835333891667e-17,0.0,0.0,1.1905472679080375e-17,-0.9990995437459309,0.0,1.1102230246251565e-16,0.0,0.0,0.9992495212118335
step3,0.0003,0.5,6,0.9993621521856173,0.9987248505865539,0.9948373425893511,1.1217569952388685e-11,1.2700949392397788e-08,0.00018761969411226108,0.00018761969411229732,0.0002626084261581618,0.9993621521856175,0.00018761969411226108,0.9993621521856173,0.00026260842615816166,0.00018761969411228906,0.00018761969411227605,3.207413999375413e-17,6.122804332358847e-05,0.0,0.00014997746409173285,0.0,2.220446049250313e-16,1.0000000000000002,0.0,0.0,-5.551115123125783e-17,0.0,0.9990995437594593,-2.6685066960717123e-17,0.0,0.0,-6.957420773880866e-18,-0.9990995437594593,0.0,0.0,0.0,0.0,0.999249521223551
step3,0.0003,0.5,7,0.9993621521856261,0.9987248505865715,0.9948373426086402,1.0244626527726357e-14,1.1227810305758352e-11,0.00018761969410962867,0.00018761969410966098,0.00026260842615439205,0.9993621521856262,0.00018761969410962867,0.9993621521856261,0.0002626084261543902,0.00018761969410964992,0.00018761969410966618,8.613328813733753e-18,6.122804332260394e-05,0.0,0.00014997746408940138,0.0,0.0,1.0,0.0,0.0,5.551115123125783e-17,0.0,0.9990995437594719,3.1544411497345566e-20,0.0,0.0,-2.755778771245884e-20,-0.9990995437594719,0.0,-5.551115123125783e-17,0.0,0.0,0.9992495212235613
step3,0.001,0.05,0,0.9624999999999998,0.926875,nan,nan,nan,0.0124999999999999,0.012500000000000011,0.012500000000000067,0.9624999999999999,0.0124999999999999,0.9624999999999998,0.01250000000000003,0.01250000000000001,0.01250000000000001,8.494454310017238e-17,1.9229626863835638e-16,0.0,0.0,0.0,0.0,1.0,0.0,0.0,0.0,0.0,0.95,0.0,0.0,0.0,0.0,-0.95,0.0,0.0,0.0,0.0,0.95
step3,0.001,0.05,1,0.9973125293081659,0.9946347300522526,0.9149713199711347,0.0401985617496072,nan,0.0008127195851502466,0.0008127195851503175,0.0010620315215332588,0.9973125293081659,0.0008127195851502466,0.9973125293081658,0.0010620315215333369,0.000812719585150258,0.000812719585150329,3.7564725434439087e-17,0.00020356234364122427,2.220446049250313e-16,0.000498623872766224,0.0,0.0,1.0,0.0,0.0,0.0,0.0,0.9962504977866327,2.6410938782748265e-18,0.0,0.0,2.4449912124700442e-18,-0.9962504977866329,0.0,0.0,0.0,0.0,0.9967491216593989
step3,0.001,0.05,2,0.997869380371998,0.9957448551194537,0.9817885553412408,0.0006429964452302165,0.040841552525055745,0.0006268844186665392,0.0006268844186665675,0.0008768507906685667,0.9978693803719982,0.0006268844186665392,0.9978693803719981,0.0008768507906686329,0.0006268844186665715,0.0006268844186665621,1.2019499362979288e-16,0.00020409668808656683,0.0,0.0004999327440041723,0.0,0.0,1.0,0.0,0.0,1.1102230246251565e-16,0.0,0.9969925295813297,-4.016701249936604e-20,0.0,0.0,9.57255171541618e-20,-0.9969925295813297,0.0,1.6653345369377348e-16,0.0,0.0,0.9974924623253338
step3,0.001,0.05,3,0.9978711179980528,0.9957483204724774,0.9828832392759055,2.007831274260582e-06,0.000645002824655505,0.0006263357441631917,0.0006263357441633095,0.0008762105136204401,0.9978711179980531,0.0006263357441631917,0.997871117998053,0.000876210513620443,0.0006263357441631973,0.0006263357441633122,1.7490932153654085e-16,0.00020402189492189552,2.220446049250313e-16,0.0004997495389144069,0.0,0.0,1.0,0.0,0.0,1.6653345369377348e-16,0.0,0.9969949074844325,6.71902588249157e-18,0.0,0.0,3.2663406026857147e-18,-0.9969949074844328,0.0,1.6653345369377348e-16,0.0,0.0,0.9974946570233469
step3,0.001,0.05,4,0.9978711231223513,0.9957483306918385,0.9828866564280763,5.92768657878132e-09,2.0137574365535444e-06,0.0006263341811054404,0.0006263341811054812,0.0008762085154376286,0.9978711231223516,0.0006263341811054404,0.9978711231223513,0.0008762085154375719,0.0006263341811054868,0.0006263341811054516,3.5572963152661753e-17,0.00020402153964377517,0.0,0.0004997486686642016,0.0,0.0,1.0,0.0,0.0,0.0,0.0,0.9969949146069139,3.22786188938562e-18,0.0,0.0,-1.3168925916872263e-17,-0.9969949146069139,0.0,0.0,0.0,0.0,0.9974946632755781
step3,0.001,0.05,5,0.9978711231375148,0.9957483307220789,0.9828866665052924,1.7554684117200048e-11,5.945240014678888e-09,0.0006263341765658735,0.00062633417656592,0.0008762085093530923,0.9978711231375148,0.0006263341765658735,0.9978711231375148,0.0008762085093531947,0.000626334176565925,0.0006263341765658943,8.618540848990989e-17,0.00020402153838243212,0.0,0.000499748665574562,0.0,0.0,1.0,0.0,0.0,1.1102230246251565e-16,0.0,0.9969949146281618,6.483912241510372e-20,0.0,0.0,1.4524673082275798e-20,-0.9969949146281618,0.0,0.0,0.0,0.0,0.9974946632937364
step3,0.001,0.05,6,0.9978711231375601,0.9957483307221693,0.9828866665351121,5.249809481134074e-14,1.7607179141567843e-11,0.000626334176552511,0.000626334176552615,0.0008762085093345362,0.9978711231375603,0.000626334176552511,0.9978711231375601,0.000876208509334499,0.0006263341765526134,0.0006263341765525102,8.394714051791652e-17,0.00020402153837810146,2.220446049250313e-16,0.0004997486655639038,0.0,1.1102230246251565e-16,0.9999999999999999,0.0,0.0,1.6653345369377348e-16,0.0,0.9969949146282259,1.0533521145224522e-17,0.0,0.0,7.595401866124603e-18,-0.9969949146282256,0.0,1.1102230246251565e-16,0.0,0.0,0.9974946632937898
step3,0.001,0.1,0,0.9249999999999998,0.8574999999999999,nan,nan,nan,0.024999999999999935,0.024999999999999994,0.025000000000000026,0.925,0.024999999999999935,0.9249999999999998,0.024999999999999956,0.024999999999999988,0.024999999999999988,2.924295323337349e-18,1.7554167342883506e-16,0.0,1.1102230246251565e-16,0.0,0.0,1.0,0.0,0.0,0.0,0.0,0.9,0.0,0.0,0.0,0.0,-0.9,0.0,0.0,0.0,0.0,0.8999999999999999
step3,0.001,0.1,1,0.9955713939570456,0.9911689792275014,0.846561282029329,0.08148907966604384,nan,0.0013932916563577675,0.0013932916563578646,0.0016420227302383905,0.9955713939570459,0.0013932916563577675,0.9955713939570456,0.001642022730238378,0.0013932916563577623,0.001393291656357859,1.757248786968052e-17,0.00020308807139395217,2.220446049250313e-16,0.0004974621477612517,0.0,1.1102230246251565e-16,0.9999999999999999,0.0,0.0,0.0,0.0,0.9939293712268074,7.48875855201737e-18,0.0,0.0,8.361983004623147e-18,-0.9939293712268076,0.0,0.0,0.0,0.0,0.9944268333745686
step3,0.001,0.1,2,0.9978625840021268,0.9957313011521969,0.9783710109027821,0.0026456386712266538,0.08413471309969767,0.0006290536302574276,0.0006290536302574595,0.0008793087373579736,0.9978625840021269,0.0006290536302574276,0.9978625840021268,0.0008793087373580435,0.0006290536302574201,0.0006290536302574507,1.0038387373601116e-16,0.00020433243930733817,0.0,0.0005005102142012774,0.0,0.0,1.0,0.0,0.0,-5.551115123125783e-17,0.0,0.9969832752647689,-2.622231186795103e-19,0.0,0.0,1.481408140620999e-19,-0.9969832752647689,0.0,-5.551115123125783e-17,0.0,0.0,0.9974837854789702
step3,0.001,0.1,3,0.9978710979588605,0.9957482805083868,0.9828698738356996,9.835932964625697e-06,0.0026554696136607196,0.0006263418928468387,0.0006263418928468825,0.0008762182554455751,0.9978710979588608,0.0006263418928468387,0.9978710979588606,0.0008762182554455249,0.0006263418928468511,0.0006263418928468459,8.395307983490734e-17,0.00020402319571646374,0.0,0.0004997527251973111,0.0,0.0,1.0,0.0,0.0,-2.220446049250313e-16,0.0,0.9969948797034153,1.767442447726349e-18,0.0,0.0,-1.7892669368370037e-18,-0.9969948797034153,0.0,-1.6653345369377348e-16,0.0,0.0,0.9974946324286126
step3,0.001,0.1,4,0.9978711230630879,0.9957483305736502,0.9828866170198609,2.903485896832182e-08,9.864958443144085e-06,0.0006263341989033799,0.0006263341989034456,0.0008762085391049915,0.9978711230630881,0.0006263341989033799,0.997871123063088,0.0008762085391049858,0.0006263341989034528,0.0006263341989033924,2.2584464657314754e-16,0.00020402154443615938,2.220446049250313e-16,0.0004997486804031448,0.0,0.0,1.0,0.0,0.0,-2.7755575615628914e-16,0.0,0.9969949145239833,8.51309625419362e-18,0.0,0.0,1.5582120959555043e-17,-0.996994914523983,0.0,-2.7755575615628914e-16,0.0,0.0,0.9974946632043864
step3,0.001,0.1,5,0.9978711231373392,0.9957483307217286,0.9828866663887481,8.595026811271363e-11,2.9120801537003903e-08,0.0006263341766179822,0.0006263341766181042,0.000876208509424557,0.9978711231373392,0.0006263341766179822,0.9978711231373392,0.0008762085094246012,0.0006263341766179932,0.0006263341766181131,2.252524636216592e-16,0.0002040215383981446,2.220446049250313e-16,0.0004997486656131978,0.0,0.0,1.0,0.0,0.0,-3.3306690738754696e-16,0.0,0.9969949146279147,-5.019238162512176e-18,0.0,0.0,4.978313340068522e-18,-0.9969949146279149,0.0,-3.3306690738754696e-16,0.0,0.0,0.9974946632935279
step3,0.001,0.1,6,0.9978711231375592,0.9957483307221676,0.982886666534767,2.5489268426572247e-13,8.62051544220767e-11,0.0006263341765526541,0.000626334176552712,0.0008762085093351128,0.9978711231375594,0.0006263341765526541,0.9978711231375593,0.0008762085093351508,0.0006263341765527226,0.0006263341765526736,1.7324536055981352e-16,0.00020402153837842073,0.0,0.000499748665564792,0.0,0.0,1.0,0.0,0.0,-3.3306690738754696e-16,0.0,0.9969949146282243,1.1609601099283136e-18,0.0,0.0,1.174334010155634e-18,-0.9969949146282243,0.0,-2.7755575615628914e-16,0.0,0.0,0.9974946632937891
step3,0.001,0.2,0,0.8499999999999999,0.7300000000000001,nan,nan,nan,0.04999999999999999,0.04999999999999999,0.05000000000000002,0.8500000000000001,0.04999999999999999,0.8499999999999999,0.04999999999999998,0.049999999999999975,0.049999999999999975,2.4659545749914493e-17,1.9229626863835638e-16,0.0,0.0,0.0,0.0,1.0,0.0,0.0,0.0,0.0,0.8,0.0,0.0,0.0,0.0,-0.8,0.0,0.0,0.0,0.0,0.8
step3,0.001,0.2,1,0.987357869920757,0.9749288781197998,0.720834725811957,0.1586073335208313,nan,0.004132046376714921,0.004132046376715041,0.004378037325812838,0.9873578699207572,0.004132046376714921,0.987357869920757,0.0043780373258128285,0.00413204637671503,0.004132046376714914,3.2259186123730065e-17,0.00020085076887753814,2.220446049250313e-16,0.0004919818981955482,0.0,0.0,1.0,0.0,0.0,0.0,0.0,0.9829798325949445,-1.2340999767170295e-17,0.0,0.0,1.0714871735427059e-17,-0.9829798325949443,0.0,0.0,0.0,0.0,0.98347181449314
step3,0.001,0.2,2,0.9978020858352372,0.9956106549800234,0.9623567992565604,0.012059942614175584,0.1706672717413728,0.000648765816334057,0.0006487658163341182,0.0009003825320944912,0.9978020858352373,0.000648765816334057,0.9978020858352372,0.0009003825320944973,0.0006487658163340504,0.0006487658163340975,1.1131777792945347e-16,0.00020544418812268412,0.0,0.0005032334315209219,0.0,0.0,1.0,0.0,0.0,-1.6653345369377348e-16,0.0,0.9969017033031429,5.7160206430326566e-18,0.0,0.0,-1.5765846573055856e-20,-0.9969017033031429,0.0,-1.1102230246251565e-16,0.0,0.0,0.9974049367346638
step3,0.001,0.2,3,0.9978709186016239,0.9957479228162862,0.9827509057749293,7.949375465458369e-05,0.012139423388967169,0.0006263975707815329,0.0006263975707815459,0.000876286256812897,0.9978709186016239,0.0006263975707815329,0.9978709186016238,0.0008762862568129557,0.0006263975707815455,0.0006263975707815521,9.696243293806975e-17,0.00020403325775717216,0.0,0.0004997773720627485,0.0,0.0,1.0,0.0,0.0,-1.6653345369377348e-16,0.0,0.9969946323448111,-1.2964642430787017e-17,0.0,0.0,-1.5187991350008385e-17,-0.9969946323448111,0.0,-1.6653345369377348e-16,0.0,0.0,0.9974944097168739
step3,0.001,0.2,4,0.9978711225332968,0.9957483295170919,0.9828862643030294,2.357691535726562e-07,7.972940510744632e-05,0.0006263343590140575,0.0006263343590141026,0.0008762087486750617,0.9978711225332969,0.0006263343590140575,0.9978711225332968,0.0008762087486749433,0.0006263343590140604,0.0006263343590140545,8.98376706877433e-17,0.00020402158481956208,0.0,0.0004997487793217958,0.0,0.0,1.0,0.0,0.0,-5.551115123125783e-17,0.0,0.996994913784622,-2.430990740907017e-18,0.0,0.0,-1.7693429885972187e-18,-0.996994913784622,0.0,-1.1102230246251565e-16,0.0,0.0,0.9974946625639438
step3,0.001,0.2,5,0.9978711231357701,0.9957483307185995,0.9828866653468857,6.972142931645124e-10,2.3646626854158467e-07,0.0006263341770854613,0.0006263341770855243,0.0008762085100587599,0.9978711231357702,0.0006263341770854613,0.9978711231357701,0.0008762085100587564,0.0006263341770854992,0.000626334177085522,4.406484674581265e-17,0.00020402153853423346,0.0,0.0004997486659463757,0.0,0.0,1.0,0.0,0.0,-5.551115123125783e-17,0.0,0.9969949146257115,1.7573076814468098e-17,0.0,0.0,5.415840954483797e-19,-0.9969949146257115,0.0,-1.1102230246251565e-16,0.0,0.0,0.9974946632916579
step3,0.001,0.2,6,0.9978711231375548,0.9957483307221586,0.9828866665316813,2.066540699751214e-12,6.992807538755663e-10,0.0006263341765540379,0.0006263341765540932,0.0008762085093369932,0.9978711231375548,0.0006263341765540379,0.9978711231375548,0.0008762085093370481,0.0006263341765541034,0.0006263341765540523,1.1358940239808348e-16,0.00020402153837890326,0.0,0.0004997486655659023,0.0,0.0,1.0,0.0,0.0,-1.6653345369377348e-16,0.0,0.9969949146282179,-1.4446406073939184e-18,0.0,0.0,-1.4372248596079144e-17,-0.9969949146282179,0.0,-1.6653345369377348e-16,0.0,0.0,0.9974946632937838
step3,0.001,0.2,7,0.9978711231375599,0.9957483307221687,0.9828866665351907,5.9376111987791885e-15,2.0724773147001915e-12,0.0006263341765525,0.0006263341765525186,0.0008762085093348693,0.99787112313756,0.0006263341765525,0.9978711231375598,0.0008762085093349058,0.0006263341765525188,0.0006263341765525109,7.368362303882529e-17,0.0002040215383783891,0.0,0.000499748665564792,0.0,1.1102230246251565e-16,0.9999999999999999,0.0,0.0,-1.1102230246251565e-16,0.0,0.9969949146282251,1.5566384983063548e-17,0.0,0.0,1.8514020986670404e-17,-0.9969949146282251,0.0,-1.1102230246251565e-16,0.0,0.0,0.9974946632937899
step3,0.001,0.3,0,0.7749999999999998,0.6174999999999999,nan,nan,nan,0.07500000000000001,0.07500000000000001,0.07500000000000001,0.7749999999999999,0.07500000000000001,0.7749999999999998,0.075,0.075,0.075,8.879893162462571e-18,1.9229626863835638e-16,0.0,0.0,0.0,0.0,1.0,0.0,0.0,0.0,0.0,0.7,0.0,0.0,0.0,0.0,-0.7,0.0,0.0,0.0,0.0,0.7
step3,0.001,0.3,1,0.970178565596413,0.9415429269425044,0.6098995291495691,0.2253728801509307,nan,0.009860391555090801,0.009860391555090883,0.010100651293405042,0.9701785655964132,0.009860391555090801,0.9701785655964131,0.010100651293405118,0.0098603915550908,0.009860391555090883,1.3628270166990304e-16,0.00019617125486822174,2.220446049250313e-16,0.00048051947662863803,0.0,0.0,1.0,0.0,0.0,1.6653345369377348e-16,0.0,0.960077914303008,1.1738111308379783e-18,0.0,0.0,6.853902109346388e-18,-0.9600779143030083,0.0,1.6653345369377348e-16,0.0,0.0,0.9605584337796367
step3,0.001,0.3,2,0.9975154030319182,0.9950390801929903,0.9294352253933237,0.03156586303354121,0.2569387396799176,0.000743379218048911,0.0007433792180489598,0.0009978385319836542,0.9975154030319184,0.000743379218048911,0.9975154030319183,0.0009978385319836132,0.0007433792180489322,0.0007433792180489111,5.76231303712926e-17,0.00020776515981292244,0.0,0.0005089186278693925,0.0,1.1102230246251565e-16,0.9999999999999999,0.0,0.0,5.551115123125783e-17,0.0,0.9965175644999348,1.8427690283534317e-17,0.0,0.0,-1.0908168376112858e-17,-0.9965175644999348,0.0,1.1102230246251565e-16,0.0,0.0,0.9970264831278042
step3,0.001,0.3,3,0.9978700361437618,0.9957461629295699,0.9821872812290915,0.0004095116555234673,0.03197535692681539,0.0006266739468222414,0.000626673946822277,0.0008766159625933911,0.997870036143762,0.0006266739468222414,0.9978700361437617,0.0008766159625934378,0.0006266739468222775,0.0006266739468222438,7.918550269072454e-17,0.00020407680130735709,0.0,0.0004998840315423303,0.0,1.1102230246251565e-16,0.9999999999999999,0.0,0.0,1.1102230246251565e-16,0.0,0.9969934201811685,-9.071239171902503e-19,0.0,0.0,-7.291599377900023e-18,-0.9969934201811685,0.0,1.1102230246251565e-16,0.0,0.0,0.9974933042127109
step3,0.001,0.3,4,0.9978711199287769,0.9957483243229154,0.9828845288952162,1.252656354320961e-06,0.00041076354984894196,0.0006263351499251358,0.0006263351499251685,0.0008762097713724237,0.9978711199287771,0.0006263351499251358,0.997871119928777,0.0008762097713725347,0.0006263351499251403,0.0006263351499251675,1.1911459292912203e-16,0.00020402177407242156,0.0,0.0004997492428947536,0.0,0.0,1.0,0.0,0.0,1.1102230246251565e-16,0.0,0.9969949101574046,-5.038353307573714e-18,0.0,0.0,-4.981984560028609e-18,-0.9969949101574046,0.0,1.6653345369377348e-16,0.0,0.0,0.9974946594002994
step3,0.001,0.3,5,0.9978711231280593,0.9957483307032218,0.9828866602249571,3.701672543623571e-09,1.2563573213355062e-06,0.0006263341793883555,0.0006263341793884103,0.0008762085131637412,0.9978711231280593,0.0006263341793883555,0.9978711231280593,0.0008762085131638111,0.0006263341793884147,0.0006263341793883715,1.0264719193312765e-16,0.00020402153918919563,0.0,0.000499748667550759,0.0,0.0,1.0,0.0,0.0,-5.551115123125783e-17,0.0,0.9969949146148956,-1.1667927346778783e-17,0.0,0.0,1.7627201950584545e-18,-0.9969949146148956,0.0,5.551115123125783e-17,0.0,0.0,0.9974946632824464
step3,0.001,0.3,6,0.9978711231375318,0.9957483307221128,0.9828866665165176,1.0967756328775383e-11,3.7126397230211644e-09,0.000626334176560883,0.0006263341765609137,0.0008762085093462768,0.9978711231375319,0.000626334176560883,0.9978711231375318,0.0008762085093462988,0.0006263341765608974,0.000626334176560898,1.0179354499981951e-16,0.00020402153838088138,0.0,0.0004997486655707872,0.0,0.0,1.0,0.0,0.0,5.551115123125783e-17,0.0,0.9969949146281857,6.282813078607128e-20,0.0,0.0,7.811093594011891e-20,-0.9969949146281857,0.0,0.0,0.0,0.0,0.9974946632937565
step3,0.001,0.3,7,0.99787112313756,0.9957483307221692,0.9828866665351457,3.272723266102769e-14,1.100048237523034e-11,0.0006263341765525525,0.0006263341765525868,0.0008762085093346546,0.9978711231375601,0.0006263341765525525,0.99787112313756,0.0008762085093346885,0.0006263341765525767,0.0006263341765525986,6.887248560993083e-17,0.00020402153837817101,0.0,0.0004997486655642369,0.0,0.0,1.0,0.0,0.0,-5.551115123125783e-17,0.0,0.9969949146282255,-4.981686591191636e-18,0.0,0.0,-4.999128510689689e-18,-0.9969949146282255,0.0,0.0,0.0,0.0,0.9974946632937898
step3,0.001,0.5,0,0.6249999999999998,0.4375,nan,nan,nan,0.12499999999999997,0.125,0.125,0.625,0.12499999999999997,0.6249999999999999,0.12499999999999997,0.12499999999999997,0.12499999999999997,4.844614790834e-18,2.254873622441467e-16,0.0,0.0,0.0,0.0,1.0,0.0,0.0,0.0,0.0,0.5,0.0,0.0,0.0,0.0,-0.5,0.0,0.0,0.0,0.0,0.5
step3,0.001,0.5,1,0.8902120995167158,0.7964954069016543,0.43240321448974905,0.30624060374963075,nan,0.036524772821698796,0.03652477282169882,0.03673835483988623,0.8902120995167161,0.036524772821698796,0.8902120995167159,0.036738354839886266,0.03652477282169878,0.03652477282169878,8.738782644809687e-17,0.00017438898759772337,0.0,0.000427164036374883,0.0,1.1102230246251565e-16,0.9999999999999999,0.0,0.0,1.1102230246251565e-16,0.0,0.8534737446768298,-1.5325629553693535e-17,0.0,0.0,4.011045990492889e-18,-0.8534737446768298,0.0,1.1102230246251565e-16,0.0,0.0,0.8539009087132047
step3,0.001,0.5,2,0.992655753011495,0.9853834709575888,0.7864052239611165,0.11829174998946286,0.42453235206058626,0.0023589667733527665,0.0023589667733528497,0.0026263134417991133,0.9926557530114953,0.0023589667733527665,0.992655753011495,0.0026263134417990677,0.0023589667733527847,0.00235896677335285,5.826058425409256e-17,0.00021828764070879858,2.220446049250313e-16,0.0005346933368925999,0.0,0.0,1.0,0.0,0.0,1.6653345369377348e-16,0.0,0.990029439569696,-6.968786560462409e-17,0.0,0.0,-5.551999917434677e-18,-0.9900294395696962,0.0,5.551115123125783e-17,0.0,0.0,0.9905641329065886
step3,0.001,0.5,3,0.9978465236422033,0.9956992725117827,0.9726659753675407,0.005993800796575104,0.12428553120867862,0.0006342124442585364,0.0006342124442585461,0.000885051469279501,0.9978465236422033,0.0006342124442585364,0.9978465236422033,0.0008850514692795661,0.0006342124442585438,0.0006342124442585537,1.4331112662031995e-16,0.00020480920629292054,0.0,0.000501678050042087,0.0,2.220446049250313e-16,1.0000000000000002,0.0,0.0,2.220446049250313e-16,0.0,0.9969614721729239,-5.161935283569497e-20,0.0,0.0,-6.312184290405535e-20,-0.9969614721729239,0.0,2.7755575615628914e-16,0.0,0.0,0.9974631502229659
step3,0.001,0.5,4,0.9978710505127946,0.995748185886818,0.9828382906932712,2.8332014037248383e-05,0.006022123719493167,0.0006263565023575375,0.0006263565023575537,0.0008762364824901614,0.9978710505127948,0.0006263565023575375,0.9978710505127946,0.0008762364824901148,0.0006263565023575454,0.0006263565023575375,1.0496401703872642e-16,0.0002040261494205722,0.0,0.0004997599602651892,0.0,0.0,1.0,0.0,0.0,1.1102230246251565e-16,0.0,0.9969948140303047,3.485608275132388e-18,0.0,0.0,6.472947047426334e-18,-0.9969948140303047,0.0,5.551115123125783e-17,0.0,0.0,0.9974945739905698
step3,0.001,0.5,5,0.9978711229228232,0.9957483302939216,0.9828865237144175,8.373800224337955e-08,2.8415721053795077e-05,0.0006263342411078785,0.0006263342411079317,0.0008762085949605939,0.9978711229228233,0.0006263342411078785,0.9978711229228233,0.0008762085949606311,0.0006263342411079364,0.0006263342411078895,4.243049237398562e-17,0.00020402155558228732,0.0,0.0004997487077054164,0.0,1.1102230246251565e-16,0.9999999999999999,0.0,0.0,0.0,0.0,0.9969949143278628,2.414870102167245e-17,0.0,0.0,2.3976059473046974e-17,-0.9969949143278628,0.0,0.0,0.0,0.0,0.9974946630355682
step3,0.001,0.5,6,0.9978711231369234,0.9957483307208994,0.9828866661129105,2.4781545333373957e-10,8.398579221578996e-08,0.0006263341767415538,0.0006263341767415776,0.0008762085095933014,0.9978711231369235,0.0006263341767415538,0.9978711231369235,0.0008762085095932988,0.0006263341767415503,0.0006263341767415706,2.5921381036328348e-17,0.00020402153843502034,0.0,0.0004997486657034589,0.0,0.0,1.0,0.0,0.0,0.0,0.0,0.9969949146273303,-8.797256199847475e-18,0.0,0.0,-5.250814452577237e-18,-0.9969949146273303,0.0,0.0,0.0,0.0,0.9974946632930337
step3,0.001,0.5,7,0.9978711231375579,0.9957483307221648,0.9828866665339493,7.347649161461038e-13,2.4855019628399744e-10,0.0006263341765531096,0.0006263341765532395,0.0008762085093356742,0.9978711231375581,0.0006263341765531096,0.9978711231375578,0.0008762085093356985,0.0006263341765531126,0.0006263341765532417,7.909790443772109e-17,0.00020402153837850552,2.220446049250313e-16,0.0004997486655651251,0.0,0.0,1.0,0.0,0.0,5.551115123125783e-17,0.0,0.9969949146282222,1.0788801241639248e-20,0.0,0.0,-2.443311971919271e-20,-0.9969949146282224,0.0,1.1102230246251565e-16,0.0,0.0,0.9974946632937873
step3,0.003,0.05,0,0.9624999999999998,0.926875,nan,nan,nan,0.0124999999999999,0.012500000000000011,0.012500000000000067,0.9624999999999999,0.0124999999999999,0.9624999999999998,0.01250000000000003,0.01250000000000001,0.01250000000000001,8.494454310017238e-17,1.9229626863835638e-16,0.0,0.0,0.0,0.0,1.0,0.0,0.0,0.0,0.0,0.95,0.0,0.0,0.0,0.0,-0.95,0.0,0.0,0.0,0.0,0.95
step3,0.003,0.05,1,0.9929548182226978,0.9859761857285333,0.8915944570886166,0.03517145298970606,nan,0.0021001216389760413,0.002100121638976066,0.0028449384993498475,0.9929548182226979,0.0021001216389760413,0.9929548182226979,0.002844938499349911,0.002100121638976074,0.0021001216389760513,2.475210365847828e-17,0.0006081404199125501,0.0,0.0014896337207477295,0.0,0.0,1.0,0.0,0.0,0.0,0.0,0.9901098797233481,1.0576550505293727e-18,0.0,0.0,-7.73589431554247e-20,-0.9901098797233481,0.0,0.0,0.0,0.0,0.9915995134440958
step3,0.003,0.05,2,0.9935840142035761,0.9872232890591177,0.9482612208045701,0.000726541564887188,0.035897939666821074,0.0018889442097644166,0.001888944209764466,0.0026380973768948823,0.9935840142035763,0.0018889442097644166,0.9935840142035761,0.0026380973768948637,0.0018889442097644216,0.001888944209764467,7.372113297255483e-17,0.0006116809995531571,0.0,0.001498306334260846,0.0,0.0,1.0,0.0,0.0,1.1102230246251565e-16,0.0,0.9909459168266814,-5.168083032053551e-20,0.0,0.0,-1.006999796707951e-17,-0.9909459168266814,0.0,1.6653345369377348e-16,0.0,0.0,0.9924442231609423
step3,0.003,0.05,3,0.9935897374296325,0.9872346373428776,0.9494569550168785,6.612912870636922e-06,0.0007331489865410388,0.0018871338170392438,0.0018871338170392603,0.0026359949362887714,0.9935897374296327,0.0018871338170392438,0.9935897374296325,0.0026359949362887596,0.0018871338170392494,0.0018871338170392657,3.989388763580359e-17,0.0006114425434569379,0.0,0.0014977222384989775,0.0,0.0,1.0,0.0,0.0,5.551115123125783e-17,0.0,0.990953742493344,1.8115034494712412e-17,0.0,0.0,2.1215442117713155e-17,-0.990953742493344,0.0,1.1102230246251565e-16,0.0,0.0,0.992451464731843
step3,0.003,0.05,4,0.9935897885480229,0.9872347387015882,0.9494678358563483,5.912884984638135e-08,6.6720264899562075e-06,0.001887118197734845,0.00188711819773487,0.002635975056507189,0.993589788548023,0.001887118197734845,0.9935897885480228,0.0026359750565072195,0.001887118197734857,0.0018871181977348766,7.917115427373819e-17,0.0006114390647918646,0.0,0.001497713717544702,0.0,0.0,1.0,0.0,0.0,1.1102230246251565e-16,0.0,0.9909538134915159,1.1442724514525984e-17,0.0,0.0,1.4899760093934564e-17,-0.9909538134915159,0.0,1.6653345369377348e-16,0.0,0.0,0.9924515272090606
step3,0.003,0.05,5,0.9935897890061443,0.9872347396099539,0.9494679330400183,5.30322448992421e-10,5.965913470817807e-08,0.0018871180603488378,0.001887118060348909,0.0026359748731579757,0.9935897890061445,0.0018871180603488378,0.9935897890061443,0.0026359748731579814,0.0018871180603488484,0.0018871180603489098,1.6965917143121334e-16,0.0006114390272630611,2.220446049250313e-16,0.0014977136256182355,0.0,2.220446049250313e-16,1.0000000000000002,0.0,0.0,2.7755575615628914e-16,0.0,0.9909538141329863,2.7761210260974685e-17,0.0,0.0,-8.879246944945175e-18,-0.9909538141329866,0.0,2.220446049250313e-16,0.0,0.0,0.9924515277586046
step3,0.003,0.05,6,0.9935897890102577,0.9872347396181103,0.9494679339109673,4.764124900248695e-12,5.350864802926011e-10,0.0018871180591274776,0.0018871180591275136,0.0026359748714869465,0.9935897890102581,0.0018871180591274776,0.9935897890102577,0.0026359748714870255,0.001887118059127502,0.0018871180591274682,1.2142453385797837e-16,0.0006114390268960302,0.0,0.0014977136247190659,0.0,0.0,1.0,0.0,0.0,2.220446049250313e-16,0.0,0.9909538141387709,5.370625815871399e-18,0.0,0.0,8.817632556285466e-18,-0.9909538141387709,0.0,2.220446049250313e-16,0.0,0.0,0.99245152776349
step3,0.003,0.05,7,0.9935897890102945,0.9872347396181833,0.9494679339187879,4.261277479249161e-14,4.806737477639628e-12,0.0018871180591165171,0.0018871180591166414,0.0026359748714721064,0.9935897890102949,0.0018871180591165171,0.9935897890102946,0.0026359748714721125,0.0018871180591165239,0.0018871180591166139,2.9526921813115263e-16,0.0006114390268927056,2.220446049250313e-16,0.0014977136247111833,0.0,0.0,1.0,0.0,0.0,2.220446049250313e-16,0.0,0.9909538141388226,-7.225064019369493e-18,0.0,0.0,7.304479743051952e-18,-0.9909538141388228,0.0,4.440892098500626e-16,0.0,0.0,0.9924515277635337
step3,0.003,0.1,0,0.9249999999999998,0.8574999999999999,nan,nan,nan,0.024999999999999935,0.024999999999999994,0.025000000000000026,0.925,0.024999999999999935,0.9249999999999998,0.024999999999999956,0.024999999999999988,0.024999999999999988,2.924295323337349e-18,1.7554167342883506e-16,0.0,1.1102230246251565e-16,0.0,0.0,1.0,0.0,0.0,0.0,0.0,0.9,0.0,0.0,0.0,0.0,-0.9,0.0,0.0,0.0,0.0,0.8999999999999999
step3,0.003,0.1,1,0.9910937352591743,0.9822936005714316,0.8250770651897208,0.07632088249566686,nan,0.0027211045425945962,0.00272110454259461,0.0034640556556360456,0.9910937352591744,0.0027211045425945962,0.9910937352591743,0.0034640556556361137,0.002721104542594604,0.0027211045425946036,1.873301438763775e-17,0.0006066170435948707,0.0,0.0014859022260830246,0.0,1.1102230246251565e-16,0.9999999999999999,0.0,0.0,0.0,0.0,0.9876296796035384,-1.0991325685458852e-17,0.0,0.0,-5.8850307091890305e-18,-0.9876296796035384,0.0,0.0,0.0,0.0,0.9891155818296214
step3,0.003,0.1,2,0.9935654450657335,0.9871864698638844,0.9447303240824658,0.0028540905623094144,0.07917492497984249,0.0018948284855559664,0.0018948284855560315,0.0026448979631542528,0.9935654450657337,0.0018948284855559664,0.9935654450657336,0.0026448979631542467,0.001894828485555959,0.0018948284855560239,6.042531810254574e-17,0.0006124291639172525,2.220446049250313e-16,0.0015001389551966282,0.0,0.0,1.0,0.0,0.0,0.0,0.0,0.9909205471025794,7.231223139299532e-18,0.0,0.0,7.16249642888941e-18,-0.9909205471025796,0.0,0.0,0.0,0.0,0.992420686057776
step3,0.003,0.1,3,0.9935895714476144,0.9872343082298485,0.9494216524318159,2.7875817951501913e-05,0.002881947449118408,0.0018871845813131774,0.001887184581313199,0.0026360593897590797,0.9935895714476146,0.0018871845813131774,0.9935895714476144,0.0026360593897591217,0.0018871845813131893,0.0018871845813131973,8.594961263378501e-17,0.0006114537206389966,0.0,0.0014977496168917526,0.0,0.0,1.0,0.0,0.0,-5.551115123125783e-17,0.0,0.9909535120578554,5.163268876726941e-18,0.0,0.0,5.154840473602003e-18,-0.9909535120578554,0.0,0.0,0.0,0.0,0.9924512616747472
step3,0.003,0.1,4,0.9935897870606287,0.9872347357523734,0.949467520299731,2.493923599652785e-07,2.8125143141693725e-05,0.001887118644015438,0.0018871186440155383,0.0026359756513400115,0.9935897870606288,0.001887118644015438,0.9935897870606286,0.002635975651340101,0.0018871186440154522,0.0018871186440155452,1.0998832345788865e-16,0.0006114391860842877,2.220446049250313e-16,0.0014977140146492651,0.0,1.1102230246251565e-16,0.9999999999999999,0.0,0.0,-5.551115123125783e-17,0.0,0.9909538114092886,-1.8470452881190846e-17,0.0,0.0,2.071824962972913e-17,-0.9909538114092888,0.0,-1.1102230246251565e-16,0.0,0.0,0.9924515254239379
step3,0.003,0.1,5,0.9935897889927896,0.9872347395834742,0.9494679302122837,2.236628958950742e-09,2.5162882331839937e-07,0.0018871180643152414,0.0018871180643153433,0.002635974878579604,0.9935897889927897,0.0018871180643152414,0.9935897889927896,0.0026359748785795938,0.0018871180643152557,0.0018871180643153574,1.0206100346303941e-16,0.0006114390284512109,2.220446049250313e-16,0.0014977136285285741,0.0,0.0,1.0,0.0,0.0,-1.6653345369377348e-16,0.0,0.99095381411421,2.890789611411877e-17,0.0,0.0,3.333082661000207e-17,-0.9909538141142102,0.0,-5.551115123125783e-17,0.0,0.0,0.9924515277427386
step3,0.003,0.1,6,0.9935897890101373,0.9872347396178714,0.9494679338855788,2.0090939043121204e-11,2.2567194927564483e-09,0.0018871180591629312,0.0018871180591629498,0.0026359748715363957,0.9935897890101375,0.0018871180591629312,0.9935897890101374,0.0026359748715364894,0.0018871180591629555,0.0018871180591629431,1.1740017054594062e-16,0.0006114390269073901,0.0,0.0014977136247470435,0.0,1.1102230246251565e-16,0.9999999999999999,0.0,0.0,-2.220446049250313e-16,0.0,0.9909538141386011,-3.1200695626708184e-17,0.0,0.0,-5.0964265343091375e-17,-0.9909538141386011,0.0,-1.1102230246251565e-16,0.0,0.0,0.9924515277633481
step3,0.003,0.1,7,0.9935897890102938,0.9872347396181816,0.9494679339185589,1.8117682875685335e-13,2.0272114322549526e-11,0.0018871180591168218,0.0018871180591169066,0.0026359748714723558,0.993589789010294,0.0018871180591168218,0.9935897890102938,0.002635974871472418,0.0018871180591168708,0.0018871180591168227,1.7474896282327453e-16,0.000611439026892728,0.0,0.0014977136247110723,0.0,0.0,1.0,0.0,0.0,-2.7755575615628914e-16,0.0,0.9909538141388216,-9.078873455113396e-19,0.0,0.0,1.312374816267284e-17,-0.9909538141388216,0.0,-2.220446049250313e-16,0.0,0.0,0.9924515277635326
step3,0.003,0.2,0,0.8499999999999999,0.7300000000000001,nan,nan,nan,0.04999999999999999,0.04999999999999999,0.05000000000000002,0.8500000000000001,0.04999999999999999,0.8499999999999999,0.04999999999999998,0.049999999999999975,0.049999999999999975,2.4659545749914493e-17,1.9229626863835638e-16,0.0,0.0,0.0,0.0,1.0,0.0,0.0,0.0,0.0,0.8,0.0,0.0,0.0,0.0,-0.8,0.0,0.0,0.0,0.0,0.8
step3,0.003,0.2,1,0.9826295585377728,0.9656617863509349,0.7028288854836422,0.15314859676307221,nan,0.005545325246460608,0.0055453252464608286,0.006279790969305532,0.982629558537773,0.005545325246460608,0.9826295585377728,0.006279790969305521,0.005545325246460827,0.005545325246460608,4.0151412841718645e-17,0.0005996887515114238,4.440892098500626e-16,0.001468931445689381,0.0,0.0,1.0,0.0,0.0,0.0,0.0,0.9763497675684677,-3.262327809428356e-17,0.0,0.0,-3.44468066807172e-17,-0.9763497675684673,0.0,0.0,0.0,0.0,0.9778186990141571
step3,0.003,0.2,2,0.9934495920721756,0.9869567738490067,0.9287835867203841,0.012493908973478586,0.16564246597272517,0.0019320579728261378,0.0019320579728261476,0.002686291982171902,0.9934495920721759,0.0019320579728261378,0.9934495920721756,0.002686291982171902,0.001932057972826156,0.0019320579728261647,3.9287231644605603e-17,0.0006158294898502347,0.0,0.0015084680186915334,0.0,0.0,1.0,0.0,0.0,-5.551115123125783e-17,0.0,0.9907633000900039,5.060786306240506e-18,0.0,0.0,5.6075755619045705e-18,-0.9907633000900039,0.0,0.0,0.0,0.0,0.9922717681086954
step3,0.003,0.2,3,0.9935885319763422,0.9872322471362035,0.9492014177674661,0.00016049191313123926,0.01265433805829658,0.0018875049533320974,0.0018875049533321191,0.00263645811699334,0.9935885319763424,0.0018875049533320974,0.9935885319763422,0.0026364581169933863,0.0018875049533321146,0.0018875049533321094,2.1508485930626922e-17,0.000611517697404396,0.0,0.0014979063273224957,0.0,0.0,1.0,0.0,0.0,0.0,0.0,0.990952073859349,-4.82982851701848e-20,0.0,0.0,9.696909474782643e-20,-0.990952073859349,0.0,0.0,0.0,0.0,0.9924499801866715
step3,0.003,0.2,4,0.9935897777526599,0.9872347172964393,0.9494655441040739,1.440599871507104e-06,0.00016193198685893247,0.0018871214483289751,0.0018871214483290478,0.0026359793506817164,0.9935897777526601,0.0018871214483289751,0.99358977775266,0.002635979350681749,0.001887121448329057,0.0018871214483289853,1.392027331697127e-16,0.0006114399168717296,2.220446049250313e-16,0.0014977158047053685,0.0,1.1102230246251565e-16,0.9999999999999999,0.0,0.0,-1.6653345369377348e-16,0.0,0.9909537984019785,-2.0322583517223573e-20,0.0,0.0,-1.8184137345219317e-19,-0.9909537984019783,0.0,-1.1102230246251565e-16,0.0,0.0,0.9924515142066839
step3,0.003,0.2,5,0.9935897889092531,0.9872347394178385,0.9494679125165633,1.2912621839866424e-08,1.4535111899343675e-06,0.0018871180891804535,0.0018871180891805966,0.0026359749123855765,0.9935897889092534,0.0018871180891804535,0.9935897889092532,0.0026359749123856272,0.0018871180891805567,0.0018871180891804503,7.258617160386069e-17,0.0006114390357513571,2.220446049250313e-16,0.0014977136464100482,0.0,0.0,1.0,0.0,0.0,-1.6653345369377348e-16,0.0,0.9909538139968679,-1.570645481021249e-17,0.0,0.0,-1.9353628373119644e-17,-0.9909538139968677,0.0,-5.551115123125783e-17,0.0,0.0,0.9924515276432779
step3,0.003,0.2,6,0.993589789009387,0.9872347396163836,0.9494679337267656,1.1595704816634744e-10,1.3028575693091539e-08,0.0018871180593849214,0.001887118059385024,0.002635974871842996,0.9935897890093872,0.0018871180593849214,0.993589789009387,0.002635974871842941,0.0018871180593849838,0.0018871180593849355,6.614306704568509e-17,0.0006114390269763795,0.0,0.0014977136249159084,0.0,0.0,1.0,0.0,0.0,-1.6653345369377348e-16,0.0,0.9909538141375442,-1.0238075039825231e-17,0.0,0.0,-2.040426879560139e-17,-0.9909538141375442,0.0,0.0,0.0,0.0,0.9924515277624602
step3,0.003,0.2,7,0.9935897890102867,0.9872347396181678,0.9494679339171324,1.0423667510633403e-12,1.169994069387187e-10,0.0018871180591188107,0.0018871180591188768,0.002635974871475242,0.9935897890102872,0.0018871180591188107,0.9935897890102868,0.0026359748714752302,0.001887118059118801,0.0018871180591188666,1.1870204915971953e-16,0.0006114390268934399,2.220446049250313e-16,0.0014977136247128486,0.0,1.1102230246251565e-16,0.9999999999999999,0.0,0.0,-1.1102230246251565e-16,0.0,0.9909538141388117,1.031683513207729e-17,0.0,0.0,1.0275452315365638e-17,-0.9909538141388119,0.0,-1.1102230246251565e-16,0.0,0.0,0.9924515277635245
step3,0.003,0.2,8,0.9935897890102949,0.987234739618184,0.949467933918843,9.38631358846911e-15,1.0517527071052625e-12,0.001887118059116432,0.00188711805911651,0.0026359748714719056,0.9935897890102952,0.001887118059116432,0.9935897890102949,0.0026359748714719165,0.001887118059116447,0.001887118059116518,2.3056855893247893e-17,0.0006114390268926401,2.220446049250313e-16,0.0014977136247109613,0.0,0.0,1.0,0.0,0.0,0.0,0.0,0.9909538141388231,4.287978061357624e-18,0.0,0.0,1.454120441973004e-17,-0.9909538141388233,0.0,-5.551115123125783e-17,0.0,0.0,0.9924515277635341
step3,0.003,0.3,0,0.7749999999999998,0.6174999999999999,nan,nan,nan,0.07500000000000001,0.07500000000000001,0.07500000000000001,0.7749999999999999,0.07500000000000001,0.7749999999999998,0.075,0.075,0.075,8.879893162462571e-18,1.9229626863835638e-16,0.0,0.0,0.0,0.0,1.0,0.0,0.0,0.0,0.0,0.7,0.0,0.0,0.0,0.0,-0.7,0.0,0.0,0.0,0.0,0.7
step3,0.003,0.3,1,0.965201906157148,0.9320186981483966,0.5949628445665143,0.21962702367511405,nan,0.011360366483571336,0.011360366483571391,0.012077360875708959,0.9652019061571482,0.011360366483571336,0.9652019061571482,0.012077360875708935,0.011360366483571329,0.011360366483571383,7.56610665561078e-17,0.0005854234697246821,0.0,0.001433988784275142,0.0,1.1102230246251565e-16,0.9999999999999999,0.0,0.0,-1.1102230246251565e-16,0.0,0.9531245452814393,-6.1343835288839624e-18,0.0,0.0,1.4332861343709378e-17,-0.9531245452814393,0.0,-1.1102230246251565e-16,0.0,0.0,0.9545585340657144
step3,0.003,0.3,2,0.9930398129546996,0.9861446060744421,0.8965262824658637,0.032144467709284585,0.2517714597365285,0.0020658008573589486,0.002065800857358975,0.0028285853305823326,0.9930398129546999,0.0020658008573589486,0.9930398129546997,0.0028285853305823,0.002065800857358947,0.0020658008573589243,8.971577581744982e-17,0.0006228109143716611,0.0,0.0015255689464467315,0.0,0.0,1.0,0.0,0.0,-1.1102230246251565e-16,0.0,0.9902112276241175,-1.651024846003953e-17,0.0,0.0,-1.97239903773436e-17,-0.9902112276241175,0.0,-2.220446049250313e-16,0.0,0.0,0.9917367965705642
step3,0.003,0.3,3,0.9935847860410334,0.9872248195798127,0.9484227037905528,0.0006293784045845144,0.032773737234278746,0.0018886700516954787,0.0018886700516955372,0.0026378738555754796,0.9935847860410336,0.0018886700516954787,0.9935847860410334,0.0026378738555754826,0.001888670051695509,0.001888670051695454,1.9212605845865742e-16,0.0006117223442860687,0.0,0.0014984076077599884,0.0,0.0,1.0,0.0,0.0,-1.1102230246251565e-16,0.0,0.990946912185458,1.7991914281190127e-18,0.0,0.0,1.2451717692496522e-17,-0.990946912185458,0.0,-2.220446049250313e-16,0.0,0.0,0.992445319793218
step3,0.003,0.3,4,0.9935897442349455,0.9872346508370307,0.9494584224942824,5.732067943486054e-06,0.0006351077020197178,0.0018871315961893319,0.0018871315961893633,0.0026359925726756883,0.9935897442349457,0.0018871315961893319,0.9935897442349455,0.002635992572675615,0.001887131596189319,0.0018871315961893292,1.6701584119309955e-16,0.000611442426891269,0.0,0.0014977219529727082,0.0,0.0,1.0,0.0,0.0,-1.6653345369377348e-16,0.0,0.9909537516622701,6.2520691187137145e-18,0.0,0.0,-1.9428584382672724e-19,-0.9909537516622701,0.0,-2.220446049250313e-16,0.0,0.0,0.9924514736152428
step3,0.003,0.3,5,0.9935897886085882,0.9872347388216793,0.9494678487946675,5.134867439425001e-08,5.783409491676277e-06,0.0018871181789077425,0.0018871181789077629,0.0026359750335961697,0.9935897886085884,0.0018871181789077425,0.9935897886085882,0.0026359750335961415,0.0018871181789077785,0.0018871181789077798,2.0766302742887502e-16,0.0006114390614573134,0.0,0.0014977137093767912,0.0,0.0,1.0,0.0,0.0,-2.7755575615628914e-16,0.0,0.9909538135749922,1.54117066787032e-17,0.0,0.0,5.1594704886097105e-18,-0.9909538135749922,0.0,-1.6653345369377348e-16,0.0,0.0,0.992451527284369
step3,0.003,0.3,6,0.9935897890066863,0.9872347396110286,0.9494679331551625,4.6095712981973694e-10,5.180961403301557e-08,0.001887118060184873,0.001887118060184917,0.0026359748729437396,0.9935897890066863,0.001887118060184873,0.9935897890066863,0.0026359748729438133,0.0018871180601849036,0.0018871180601848921,2.2811912546076696e-16,0.0006114390272221116,0.0,0.0014977136255178713,0.0,0.0,1.0,0.0,0.0,-1.6653345369377348e-16,0.0,0.9909538141337426,-1.6870800188830548e-17,0.0,0.0,3.53747883366733e-17,-0.9909538141337426,0.0,-2.220446049250313e-16,0.0,0.0,0.9924515277592605
step3,0.003,0.3,7,0.9935897890102627,0.98723473961812,0.9494679339119978,4.142624951296512e-12,4.6509971213510606e-10,0.0018871180591260017,0.0018871180591260334,0.002635974871485064,0.993589789010263,0.0018871180591260017,0.9935897890102627,0.002635974871485066,0.001887118059126026,0.001887118059126019,1.8719249567384253e-16,0.0006114390268956154,0.0,0.0014977136247180667,0.0,0.0,1.0,0.0,0.0,-2.220446049250313e-16,0.0,0.9909538141387778,1.7980788565773477e-17,0.0,0.0,6.748110981201908e-19,-0.9909538141387778,0.0,-2.7755575615628914e-16,0.0,0.0,0.9924515277634959
step3,0.003,0.3,8,0.9935897890102947,0.9872347396181835,0.9494679339187972,3.7044355014565286e-14,4.179669009280224e-12,0.001887118059116507,0.0018871180591165464,0.0026359748714720743,0.9935897890102949,0.001887118059116507,0.9935897890102947,0.0026359748714721108,0.0018871180591165295,0.0018871180591165356,3.2074049731459907e-16,0.0006114390268927806,0.0,0.0014977136247111833,0.0,0.0,1.0,0.0,0.0,-3.885780586188048e-16,0.0,0.9909538141388228,1.682314888081926e-17,0.0,0.0,-2.5315889993062783e-17,-0.9909538141388228,0.0,-4.440892098500626e-16,0.0,0.0,0.992451527763534
step3,0.003,0.5,0,0.6249999999999998,0.4375,nan,nan,nan,0.12499999999999997,0.125,0.125,0.625,0.12499999999999997,0.6249999999999999,0.12499999999999997,0.12499999999999997,0.12499999999999997,4.844614790834e-18,2.254873622441467e-16,0.0,0.0,0.0,0.0,1.0,0.0,0.0,0.0,0.0,0.5,0.0,0.0,0.0,0.0,-0.5,0.0,0.0,0.0,0.0,0.5
step3,0.003,0.5,1,0.8849395279605025,0.7875312090032942,0.422377179099109,0.30015276284384185,nan,0.03814131372813299,0.03814131372813304,0.03877784458323136,0.8849395279605026,0.03814131372813299,0.8849395279605025,0.038777844583231386,0.038141313728132974,0.038141313728133036,1.1271494890771135e-16,0.0005197252668428241,0.0,0.001273061710196699,0.0,0.0,1.0,0.0,0.0,1.6653345369377348e-16,0.0,0.8461616833772713,1.4830087950016956e-17,0.0,0.0,1.9412456445746647e-17,-0.8461616833772713,0.0,1.6653345369377348e-16,0.0,0.0,0.847434745087468
step3,0.003,0.5,2,0.9874770201320773,0.9751635679767906,0.7579903409890751,0.11840017352188893,0.41855292119959353,0.003907343600158089,0.003907343600158141,0.004708292667606077,0.9874770201320775,0.003907343600158089,0.9874770201320773,0.004708292667606173,0.00390734360015814,0.0039073436001581035,1.5113715743880485e-16,0.000653972175068625,0.0,0.0016018981348960848,0.0,0.0,1.0,0.0,0.0,2.7755575615628914e-16,0.0,0.9827687274644713,-2.1813772345852803e-17,0.0,0.0,-4.229147338429538e-17,-0.9827687274644713,0.0,2.220446049250313e-16,0.0,0.0,0.9843706255993674
step3,0.003,0.5,3,0.9935222445773387,0.9871008149840028,0.9378939828594077,0.00698053645068595,0.12538055703234818,0.0019084501250080945,0.0019084501250081754,0.0026608551726446327,0.993522244577339,0.0019084501250080945,0.9935222445773388,0.0026608551726447134,0.0019084501250081819,0.0019084501250081058,1.8884970005568567e-16,0.0006143361488679829,2.220446049250313e-16,0.0015048100952729238,0.0,0.0,1.0,0.0,0.0,2.7755575615628914e-16,0.0,0.9908613894046944,-4.3031327960840906e-17,0.0,0.0,-3.655432394794111e-17,-0.9908613894046941,0.0,2.220446049250313e-16,0.0,0.0,0.9923661994999673
step3,0.003,0.5,4,0.9935891841542829,0.9872335402968415,0.9493395257404551,7.734789421543314e-05,0.007057846997908704,0.0018873027031317245,0.0018873027031317624,0.0026362104394534853,0.993589184154283,0.0018873027031317245,0.9935891841542829,0.0026362104394534558,0.0018873027031317492,0.0018873027031317189,3.787181326775966e-17,0.0006114806061370003,0.0,0.0014978154726433823,0.0,0.0,1.0,0.0,0.0,5.551115123125783e-17,0.0,0.9909529737148296,-3.6940325091546457e-17,0.0,0.0,-2.896453380657784e-17,-0.9909529737148296,0.0,0.0,0.0,0.0,0.992450789187473
step3,0.003,0.5,5,0.9935897835889644,0.98723472886874,0.9494667839984587,6.933886743535284e-07,7.804111001940832e-05,0.0018871196841150346,0.0018871196841150832,0.0026359770428053264,0.9935897835889647,0.0018871196841150346,0.9935897835889643,0.0026359770428053134,0.0018871196841150609,0.0018871196841150461,9.14161185309343e-17,0.0006114394729731527,0.0,0.0014977147173805827,0.0,0.0,1.0,0.0,0.0,1.6653345369377348e-16,0.0,0.9909538065461593,-1.7474406177676763e-17,0.0,0.0,-7.319116376161082e-18,-0.9909538065461593,0.0,0.0,0.0,0.0,0.9924515212635399
step3,0.003,0.5,6,0.9935897889616148,0.9872347395216612,0.9494679236121923,6.2195087354200965e-09,6.996077592763163e-07,0.001887118073567267,0.001887118073567316,0.0026359748912504755,0.993589788961615,0.001887118073567267,0.9935897889616149,0.0026359748912504785,0.0018871180735673075,0.0018871180735672629,3.557982496283007e-17,0.0006114390312427194,0.0,0.0014977136353663267,0.0,0.0,1.0,0.0,0.0,5.551115123125783e-17,0.0,0.9909538140703645,6.047495588881562e-18,0.0,0.0,3.5274449441501564e-17,-0.9909538140703645,0.0,0.0,0.0,0.0,0.9924515277057309
step3,0.003,0.5,7,0.9935897890098573,0.987234739617316,0.9494679338263117,5.5872025849344584e-11,6.275379724386203e-09,0.001887118059245629,0.001887118059245659,0.0026359748716511607,0.9935897890098575,0.001887118059245629,0.9935897890098573,0.0026359748716511637,0.0018871180592456589,0.0018871180592456532,1.2019774827436282e-16,0.0006114390269335464,0.0,0.0014977136248109923,0.0,0.0,1.0,0.0,0.0,1.6653345369377348e-16,0.0,0.9909538141382063,9.039861898189033e-18,0.0,0.0,-4.852315472715607e-18,-0.9909538141382063,0.0,5.551115123125783e-17,0.0,0.0,0.9924515277630173
step3,0.003,0.5,8,0.9935897890102912,0.9872347396181763,0.9494679339180265,5.025677158515909e-13,5.637458993238168e-11,0.0018871180591176473,0.0018871180591176937,0.002635974871473379,0.9935897890102913,0.0018871180591176473,0.993589789010291,0.0026359748714733953,0.0018871180591176918,0.0018871180591176469,9.872810462823761e-17,0.0006114390268928496,0.0,0.0014977136247114053,0.0,0.0,1.0,0.0,0.0,1.1102230246251565e-16,0.0,0.9909538141388179,-1.020345787339889e-17,0.0,0.0,-6.910909455093997e-20,-0.9909538141388179,0.0,5.551115123125783e-17,0.0,0.0,0.9924515277635293
step3,0.01,0.05,0,0.9624999999999998,0.926875,nan,nan,nan,0.0124999999999999,0.012500000000000011,0.012500000000000067,0.9624999999999999,0.0124999999999999,0.9624999999999998,0.01250000000000003,0.01250000000000001,0.01250000000000001,8.494454310017238e-17,1.9229626863835638e-16,0.0,0.0,0.0,0.0,1.0,0.0,0.0,0.0,0.0,0.95,0.0,0.0,0.0,0.0,-0.95,0.0,0.0,0.0,0.0,0.95
step3,0.01,0.05,1,0.9777639051265932,0.9561910582825206,0.8141278407702022,0.017738053500683502,nan,0.006596609882030138,0.006596609882030147,0.009042875109346354,0.9777639051265934,0.006596609882030138,0.9777639051265933,0.00904287510934645,0.006596609882030141,0.00659660988203014,6.319856733755643e-17,0.0019973671941461105,0.0,0.00489253045463256,0.0,0.0,1.0,0.0,0.0,-1.1102230246251565e-16,0.0,0.968721030017247,8.074703631019694e-19,0.0,0.0,-2.398823185503205e-20,-0.968721030017247,0.0,-1.1102230246251565e-16,0.0,0.0,0.9736135604718795
step3,0.01,0.05,2,0.978327978051742,0.9572863152301054,0.8395960436500333,0.0006521877207833957,0.01838904379774196,0.006394977141052433,0.006394977141052558,0.008882067666152686,0.9783279780517422,0.006394977141052433,0.978327978051742,0.00888206766615274,0.006394977141052447,0.0063949771410525625,1.9293035274244469e-16,0.002030700910202082,2.220446049250313e-16,0.004974181050200643,0.0,2.220446049250313e-16,0.9999999999999998,0.0,0.0,-1.1102230246251565e-16,0.0,0.9694459103855892,5.708854093127785e-19,0.0,0.0,-6.562283370956195e-19,-0.9694459103855895,0.0,-1.6653345369377348e-16,0.0,0.0,0.9744200914357899
step3,0.01,0.05,3,0.9783452568723179,0.9573198738510225,0.8405475435371536,1.9952934736370278e-05,0.0006721040579770099,0.0063893019445014285,0.006389301944501453,0.008876139238678998,0.9783452568723181,0.0063893019445014285,0.9783452568723179,0.00887613923867902,0.006389301944501459,0.006389301944501436,1.5447491951904206e-16,0.0020304941480195496,0.0,0.004973674588355181,0.0,0.0,1.0,0.0,0.0,-2.7755575615628914e-16,0.0,0.9694691176336391,1.2779911902176884e-17,0.0,0.0,8.577630639869645e-18,-0.9694691176336391,0.0,-2.7755575615628914e-16,0.0,0.0,0.9744427922219943
step3,0.01,0.05,4,0.9783457871991939,0.9573209037720907,0.8405766974485578,6.129546644238432e-07,2.0565558412137562e-05,0.006389136107799224,0.006389136107799262,0.008875940585207492,0.978345787199194,0.006389136107799224,0.9783457871991937,0.00887594058520747,0.006389136107799251,0.0063891361077992245,2.3072776221943246e-16,0.0020304673532395767,0.0,0.004973608954816466,0.0,1.1102230246251565e-16,0.9999999999999999,0.0,0.0,-3.3306690738754696e-16,0.0,0.9694698466139865,6.4033424887486145e-18,0.0,0.0,-2.2785884337181233e-17,-0.9694698466139865,0.0,-3.3306690738754696e-16,0.0,0.0,0.974443455568803
step3,0.01,0.05,5,0.9783458035553629,0.9573209355352528,0.8405775921881731,1.892185596001031e-08,6.318737314573255e-07,0.006389131127902053,0.006389131127902175,0.008875934188832563,0.9783458035553632,0.006389131127902053,0.9783458035553629,0.00887593418883259,0.006389131127902058,0.006389131127902179,2.818554547619445e-16,0.0020304661966903327,2.220446049250313e-16,0.0049736061218610406,0.0,0.0,1.0,0.0,0.0,-4.440892098500626e-16,0.0,0.9694698693665305,1.311157044877973e-17,0.0,0.0,3.70610780866079e-17,-0.9694698693665307,0.0,-4.440892098500626e-16,0.0,0.0,0.9744434754883915
step3,0.01,0.05,6,0.9783458040611493,0.9573209365174523,0.8405776197822872,5.854737413310766e-10,1.950730650193117e-08,0.006389130976071896,0.006389130976071967,0.008875933986706774,0.9783458040611495,0.006389130976071896,0.9783458040611493,0.008875933986706795,0.006389130976071915,0.00638913097607193,3.2352172485515914e-16,0.0020304661556241315,0.0,0.0049736060212696165,0.0,0.0,1.0,0.0,0.0,-4.996003610813204e-16,0.0,0.9694698700744427,-1.0927676031842674e-17,0.0,0.0,-2.187895848003538e-17,-0.9694698700744427,0.0,-3.3306690738754696e-16,0.0,0.0,0.9744434760957124
step3,0.01,0.05,7,0.9783458040768116,0.9573209365478669,0.8405776206355688,1.8136013532471696e-11,6.036095630303004e-10,0.006389130971404955,0.006389130971405019,0.008875933980378364,0.9783458040768118,0.006389130971404955,0.9783458040768116,0.008875933980378385,0.006389130971404961,0.00638913097140502,4.08750693699095e-16,0.002030466154267586,2.220446049250313e-16,0.004973606017946941,0.0,0.0,1.0,0.0,0.0,-5.551115123125783e-16,0.0,0.9694698700964333,-1.9057512230619938e-17,0.0,0.0,-1.8567836592706205e-17,-0.9694698700964335,0.0,-5.551115123125783e-16,0.0,0.0,0.9744434761143802
step3,0.01,0.05,8,0.9783458040772968,0.9573209365488089,0.8405776206619916,5.618545887591388e-13,1.8697866606607525e-11,0.006389130971260952,0.006389130971260995,0.008875933980181307,0.9783458040772968,0.006389130971260952,0.9783458040772968,0.008875933980181263,0.00638913097126094,0.006389130971260974,4.170287448530436e-16,0.0020304661542242175,0.0,0.004973606017840582,0.0,0.0,1.0,0.0,0.0,-5.551115123125783e-16,0.0,0.9694698700971156,6.288874551175522e-17,0.0,0.0,1.9608833522586158e-17,-0.9694698700971156,0.0,-5.551115123125783e-16,0.0,0.0,0.9744434761149562
step3,0.01,0.1,0,0.9249999999999998,0.8574999999999999,nan,nan,nan,0.024999999999999935,0.024999999999999994,0.025000000000000026,0.925,0.024999999999999935,0.9249999999999998,0.024999999999999956,0.024999999999999988,0.024999999999999988,2.924295323337349e-18,1.7554167342883506e-16,0.0,1.1102230246251565e-16,0.0,0.0,1.0,0.0,0.0,0.0,0.0,0.9,0.0,0.0,0.0,0.0,-0.9,0.0,0.0,0.0,0.0,0.8999999999999999
step3,0.01,0.1,1,0.97548947916005,0.9517839437412162,0.7538586000093543,0.05833422025814541,nan,0.007357300247310959,0.007357300247310977,0.00979592034532785,0.9754894791600501,0.007357300247310959,0.97548947916005,0.009795920345327901,0.007357300247310976,0.007357300247310981,1.424545809292104e-17,0.0019911249722124216,0.0,0.004877240196033861,0.0,0.0,1.0,0.0,0.0,0.0,0.0,0.9656935588147223,-3.8086284187528994e-19,0.0,0.0,8.1406931422176425e-19,-0.9656935588147223,0.0,0.0,0.0,0.0,0.9705707990107562
step3,0.01,0.1,2,0.9782552656711389,0.9571451116136109,0.8357673813458819,0.0031939379898909322,0.06152750121336426,0.006418019577011486,0.0064180195770115415,0.0089086951748379,0.9782552656711392,0.006418019577011486,0.978255265671139,0.008908695174837951,0.0064180195770115415,0.006418019577011509,2.499778713104187e-17,0.00203362810982539,0.0,0.0049813511956527945,0.0,0.0,1.0,0.0,0.0,0.0,0.0,0.9693465704963011,-8.450767773495428e-19,0.0,0.0,-6.754294093715617e-19,-0.9693465704963011,0.0,0.0,0.0,0.0,0.9743279216919539
step3,0.01,0.1,3,0.978343014267615,0.9573155187450381,0.840424873486576,0.00010136738130215292,0.003295215467245552,0.0063899896359066845,0.00638998963590676,0.008877006460571482,0.9783430142676152,0.0063899896359066845,0.9783430142676149,0.008877006460571574,0.0063899896359067105,0.006389989635906776,9.831097034596925e-17,0.002030640734048518,2.220446049250313e-16,0.00497403364932969,0.0,0.0,1.0,0.0,0.0,1.1102230246251565e-16,0.0,0.9694660078070435,1.8904980557884985e-19,0.0,0.0,-4.1617732023456045e-18,-0.9694660078070437,0.0,1.1102230246251565e-16,0.0,0.0,0.9744400414563732
step3,0.01,0.1,4,0.9783457178961739,0.9573207691900013,0.8405729139684694,3.1263955243664206e-06,0.0001044928836780679,0.006389156989977063,0.006389156989977108,0.008875968123871718,0.9783457178961741,0.006389156989977063,0.9783457178961739,0.008875968123871791,0.006389156989977089,0.0063891569899770856,1.9884979333050443e-16,0.002030472788237999,0.0,0.004973622267789302,0.0,0.0,1.0,0.0,0.0,1.6653345369377348e-16,0.0,0.9694697497723023,-1.2265606012027943e-17,0.0,0.0,8.02866317809531e-18,-0.9694697497723023,0.0,2.7755575615628914e-16,0.0,0.0,0.9744433720400916
step3,0.01,0.1,5,0.9783458014101172,0.9573209313693796,0.8405774752705466,9.664631972522823e-08,3.223034383394445e-06,0.006389131768380425,0.006389131768380534,0.008875935053121635,0.9783458014101172,0.006389131768380425,0.9783458014101172,0.008875935053121639,0.006389131768380534,0.006389131768380431,8.191979031352073e-17,0.0020304663794309765,2.220446049250313e-16,0.004973606569482203,0.0,0.0,1.0,0.0,0.0,2.220446049250313e-16,0.0,0.9694698663569958,-3.8997610688061705e-17,0.0,0.0,-1.3173667880254832e-17,-0.9694698663569956,0.0,1.6653345369377348e-16,0.0,0.0,0.974443472926478
step3,0.01,0.1,6,0.9783458039946852,0.9573209363883859,0.8405776161632024,2.9923472192592522e-09,9.963860511313281e-08,0.006389130995820382,0.006389130995820513,0.008875934013673648,0.9783458039946853,0.006389130995820382,0.9783458039946852,0.008875934013673694,0.00638913099582038,0.0063891309958205075,1.984963201183745e-16,0.002030466161517914,2.220446049250313e-16,0.004973606035706624,0.0,1.1102230246251565e-16,0.9999999999999999,0.0,0.0,1.6653345369377348e-16,0.0,0.9694698699810116,5.683960419623081e-17,0.0,0.0,-1.0336874893633056e-17,-0.9694698699810118,0.0,1.1102230246251565e-16,0.0,0.0,0.9744434760167182
step3,0.01,0.1,7,0.978345804074751,0.9573209365438655,0.8405776205234432,9.272152221135154e-11,3.085068230717617e-09,0.006389130972015623,0.006389130972015665,0.008875933981217405,0.9783458040747511,0.006389130972015623,0.9783458040747509,0.008875933981217363,0.006389130972015617,0.006389130972015649,3.24955134309432e-17,0.0020304661544539664,0.0,0.004973606018403354,0.0,2.220446049250313e-16,0.9999999999999998,0.0,0.0,5.551115123125783e-17,0.0,0.9694698700935338,-3.4172749101584946e-17,0.0,0.0,-6.579709622362557e-19,-0.9694698700935338,0.0,5.551115123125783e-17,0.0,0.0,0.9744434761119372
step3,0.01,0.1,8,0.9783458040772333,0.9573209365486857,0.840577620658515,2.8749203262076593e-12,9.55964381812591e-11,0.006389130971279773,0.0063891309712798,0.008875933980207085,0.9783458040772334,0.006389130971279773,0.9783458040772331,0.008875933980207047,0.006389130971279785,0.006389130971279778,1.2982336062185123e-16,0.0020304661542299234,0.0,0.0049736060178544594,0.0,0.0,1.0,0.0,0.0,1.6653345369377348e-16,0.0,0.9694698700970263,2.197241986986804e-17,0.0,0.0,1.3917065692335917e-17,-0.9694698700970263,0.0,1.6653345369377348e-16,0.0,0.0,0.9744434761148808
step3,0.01,0.1,9,0.9783458040773101,0.957320936548835,0.8405776206627025,8.909178490146061e-14,2.9640118499222392e-12,0.006389130971257002,0.006389130971257077,0.008875933980175645,0.9783458040773103,0.006389130971257002,0.9783458040773102,0.008875933980175586,0.00638913097125709,0.0063891309712570165,6.922781423314722e-17,0.002030466154222782,2.220446049250313e-16,0.004973606017837029,0.0,0.0,1.0,0.0,0.0,0.0,0.0,0.9694698700971348,-2.0085664571553512e-17,0.0,0.0,-1.685497724105369e-17,-0.9694698700971346,0.0,0.0,0.0,0.0,0.9744434761149718
step3,0.01,0.2,0,0.8499999999999999,0.7300000000000001,nan,nan,nan,0.04999999999999999,0.04999999999999999,0.05000000000000002,0.8500000000000001,0.04999999999999999,0.8499999999999999,0.04999999999999998,0.049999999999999975,0.049999999999999975,2.4659545749914493e-17,1.9229626863835638e-16,0.0,0.0,0.0,0.0,1.0,0.0,0.0,0.0,0.0,0.8,0.0,0.0,0.0,0.0,-0.8,0.0,0.0,0.0,0.0,0.8
step3,0.01,0.2,1,0.9661652894173605,0.9338608256808261,0.6430935088813101,0.1341505222242879,nan,0.010475810766294467,0.010475810766294504,0.01288308905005034,0.9661652894173606,0.010475810766294467,0.9661652894173605,0.012883089050050306,0.010475810766294474,0.01047581076629449,6.270149409791118e-17,0.001965534488028175,0.0,0.00481455656751173,0.0,2.220446049250313e-16,0.9999999999999998,0.0,0.0,-1.6653345369377348e-16,0.0,0.9532822003673103,9.482842747787984e-18,0.0,0.0,-6.29370194587435e-19,-0.9532822003673103,0.0,-5.551115123125783e-17,0.0,0.0,0.958096756934822
step3,0.01,0.2,2,0.9779138681875792,0.9564823171524166,0.8201967475791538,0.013566326507443022,0.14771637706188676,0.006526930570891389,0.006526930570891438,0.00903227067063785,0.9779138681875794,0.006526930570891389,0.9779138681875793,0.00903227067063783,0.006526930570891418,0.006526930570891388,1.0637106346954554e-16,0.0020456016255041088,0.0,0.005010680199492912,0.0,0.0,1.0,0.0,0.0,-1.6653345369377348e-16,0.0,0.9688815975169416,2.4306461243234143e-17,0.0,0.0,1.6658946890156059e-18,-0.9688815975169416,0.0,-1.1102230246251565e-16,0.0,0.0,0.9738922777164345
step3,0.01,0.2,3,0.9783324367967217,0.9572949775157555,0.8398490735736872,0.0004835328322151084,0.014049565571457546,0.006393244734537643,0.006393244734537682,0.008881073734202827,0.9783324367967219,0.006393244734537643,0.9783324367967217,0.008881073734202848,0.006393244734537634,0.006393244734537663,8.550060958021443e-17,0.0020313038721594848,0.0,0.004975657999330307,0.0,0.0,1.0,0.0,0.0,5.551115123125783e-17,0.0,0.969451363062519,4.233588645514484e-17,0.0,0.0,8.863126765898924e-18,-0.969451363062519,0.0,0.0,0.0,0.0,0.9744270210618493
step3,0.01,0.2,4,0.9783453910827014,0.9573201345372147,0.8405550688615411,1.4980014987306535e-05,0.0004985085748166495,0.006389255648337337,0.006389255648337402,0.008876097620623802,0.9783453910827016,0.006389255648337337,0.9783453910827014,0.008876097620623837,0.00638925564833735,0.006389255648337413,5.626898862530898e-17,0.002030497967679469,2.220446049250313e-16,0.004973683944572982,0.0,0.0,1.0,0.0,0.0,5.551115123125783e-17,0.0,0.9694692934620776,7.722967475482722e-18,0.0,0.0,8.011445788156768e-18,-0.9694692934620778,0.0,1.1102230246251565e-16,0.0,0.0,0.9744429774066505
step3,0.01,0.2,5,0.978345791295519,0.9573209117277157,0.8405769239185956,4.6314681139995444e-07,1.5443126233649836e-05,0.006389134791107028,0.0063891347911070396,0.008875939122266807,0.9783457912955191,0.006389134791107028,0.978345791295519,0.008875939122266792,0.006389134791107027,0.006389134791107038,8.928518029094023e-17,0.00203046723382817,0.0,0.00497360866231944,0.0,0.0,1.0,0.0,0.0,5.551115123125783e-17,0.0,0.9694698521732524,3.788365501689488e-17,0.0,0.0,2.6658815809229727e-17,-0.9694698521732524,0.0,0.0,0.0,0.0,0.9744434608355719
step3,0.01,0.2,6,0.9783458036813448,0.9573209357799113,0.840577599099589,1.4340020210714788e-08,4.774865373340481e-07,0.006389131088970873,0.0063891310889708985,0.008875934140713224,0.9783458036813449,0.006389131088970873,0.9783458036813448,0.008875934140713223,0.006389131088970915,0.0063891310889709,2.3818830887840783e-17,0.002030466189188255,0.0,0.00497360610348474,0.0,0.0,1.0,0.0,0.0,-5.551115123125783e-17,0.0,0.9694698695406317,-5.6534015635091465e-18,0.0,0.0,2.2574354462822444e-17,-0.9694698695406317,0.0,0.0,0.0,0.0,0.9744434756441165
step3,0.01,0.2,7,0.9783458040650395,0.9573209365250068,0.8405776199948333,4.4434415962157744e-10,1.4784361940425423e-08,0.006389130974894892,0.00638913097489502,0.008875933985170524,0.9783458040650397,0.006389130974894892,0.9783458040650395,0.008875933985170566,0.00638913097489494,0.006389130974895025,3.494698460469645e-17,0.002030466155330761,2.220446049250313e-16,0.004973606020551191,0.0,0.0,1.0,0.0,0.0,5.551115123125783e-17,0.0,0.969469870079869,1.8783785731294347e-17,0.0,0.0,1.19717373256583e-17,-0.9694698700798692,0.0,-1.1102230246251565e-16,0.0,0.0,0.9744434761004201
step3,0.01,0.2,8,0.9783458040769318,0.9573209365481006,0.8405776206421318,1.3774110426064048e-11,4.581182500759024e-10,0.006389130971368932,0.006389130971368965,0.008875933980330016,0.978345804076932,0.006389130971368932,0.9783458040769318,0.008875933980330049,0.0063891309713689495,0.0063891309713689825,2.658643350850868e-17,0.0020304661542575216,0.0,0.004973606017922183,0.0,0.0,1.0,0.0,0.0,-5.551115123125783e-17,0.0,0.969469870096602,9.308227915153663e-20,0.0,0.0,-6.069257871178866e-19,-0.969469870096602,0.0,0.0,0.0,0.0,0.9744434761145242
step3,0.01,0.2,9,0.9783458040773004,0.9573209365488162,0.8405776206621944,4.2696767540309153e-13,1.4201077967862324e-11,0.00638913097125975,0.006389130971259763,0.008875933980179718,0.9783458040773007,0.00638913097125975,0.9783458040773004,0.008875933980179692,0.00638913097125976,0.006389130971259748,4.26403219205057e-17,0.0020304661542239087,0.0,0.0049736060178398045,0.0,2.220446049250313e-16,0.9999999999999998,0.0,0.0,5.551115123125783e-17,0.0,0.9694698700971209,2.2626509538091344e-17,0.0,0.0,9.780026068282067e-18,-0.9694698700971209,0.0,5.551115123125783e-17,0.0,0.0,0.9744434761149607
step3,0.01,0.3,0,0.7749999999999998,0.6174999999999999,nan,nan,nan,0.07500000000000001,0.07500000000000001,0.07500000000000001,0.7749999999999999,0.07500000000000001,0.7749999999999998,0.075,0.075,0.075,8.879893162462571e-18,1.9229626863835638e-16,0.0,0.0,0.0,0.0,1.0,0.0,0.0,0.0,0.0,0.7,0.0,0.0,0.0,0.0,-0.7,0.0,0.0,0.0,0.0,0.7
step3,0.01,0.3,1,0.9478930879760994,0.8994100183630928,0.5453596049447997,0.19964892986578556,nan,0.016587017634884325,0.016587017634884352,0.018932876754131467,0.9478930879760996,0.016587017634884325,0.9478930879760995,0.018932876754131574,0.016587017634884335,0.016587017634884335,2.9060929001024184e-17,0.001915385950203475,0.0,0.004691718238494458,0.0,1.1102230246251565e-16,0.9999999999999999,0.0,0.0,0.0,0.0,0.928960211221968,1.3862156809588076e-17,0.0,0.0,-1.3423056009800283e-17,-0.928960211221968,0.0,0.0,0.0,0.0,0.9336519294604625
step3,0.01,0.3,2,0.9770311273916559,0.9547699606282012,0.7902677529753623,0.033646060036221156,0.23329462548434937,0.006811664092099994,0.006811664092100047,0.009345544424143842,0.977031127391656,0.006811664092099994,0.9770311273916558,0.009345544424143835,0.006811664092100014,0.00681166409210003,5.743440785678902e-17,0.0020689046275938123,0.0,0.0050677606640876505,0.0,1.1102230246251565e-16,0.9999999999999999,0.0,0.0,-1.1102230246251565e-16,0.0,0.9676855829675122,-8.558022809339254e-18,0.0,0.0,-7.365488994647593e-18,-0.9676855829675122,0.0,0.0,0.0,0.0,0.9727533436315998
step3,0.01,0.3,3,0.9783046955872335,0.9572411055643764,0.8383614710133076,0.0014710301902038337,0.035116496358608605,0.006401833887301035,0.00640183388730116,0.008891636638164026,0.9783046955872337,0.006401833887301035,0.9783046955872335,0.008891636638164106,0.006401833887301021,0.006401833887301145,4.687319805393193e-17,0.002032915433264133,2.220446049250313e-16,0.004979605501726159,0.0,0.0,1.0,0.0,0.0,0.0,0.0,0.9694130589490695,2.3709506952626745e-17,0.0,0.0,1.0190842341546528e-17,-0.9694130589490697,0.0,0.0,0.0,0.0,0.9743926644507956
step3,0.01,0.3,4,0.9783445340590975,0.9573184702402489,0.840508267829355,4.606166804651735e-05,0.0015170760006747357,0.006389515195764402,0.0063895151957644395,0.008876435549373368,0.9783445340590977,0.006389515195764402,0.9783445340590974,0.008876435549373356,0.0063895151957644395,0.006389515195764403,1.5164236829512888e-16,0.002030561965761276,0.0,0.004973840707217847,0.0,2.220446049250313e-16,0.9999999999999998,0.0,0.0,-1.6653345369377348e-16,0.0,0.9694680985097243,1.167352284470093e-17,0.0,0.0,4.121729734977819e-18,-0.9694680985097243,0.0,-1.6653345369377348e-16,0.0,0.0,0.9744419392169421
step3,0.01,0.3,5,0.9783457647792033,0.9573208602352222,0.8405754780675754,1.4241219855302006e-06,4.748565659747306e-05,0.006389142728715653,0.006389142728715675,0.008875949763365181,0.9783457647792035,0.006389142728715653,0.9783457647792034,0.008875949763365141,0.006389142728715649,0.006389142728715662,4.0069727126047714e-17,0.0020304694412182998,0.0,0.0049736140692989705,0.0,0.0,1.0,0.0,0.0,-5.551115123125783e-17,0.0,0.9694698150158384,-1.6164381513363747e-17,0.0,0.0,5.239964945833679e-18,-0.9694698150158384,0.0,-5.551115123125783e-17,0.0,0.0,0.9744434290851374
step3,0.01,0.3,6,0.9783458028600255,0.9573209341849916,0.8405775543657013,4.408678430647992e-08,1.4682076680971776e-06,0.006389131333346325,0.006389131333346411,0.008875934473281685,0.9783458028600257,0.006389131333346325,0.9783458028600255,0.008875934473281673,0.006389131333346387,0.006389131333346326,9.595058481116739e-17,0.002030466261197535,2.220446049250313e-16,0.004973606279870535,0.0,0.0,1.0,0.0,0.0,-1.1102230246251565e-16,0.0,0.9694698683867441,2.0281778144724943e-17,0.0,0.0,-1.0771623608077337e-17,-0.9694698683867439,0.0,0.0,0.0,0.0,0.9744434746666146
step3,0.01,0.3,7,0.9783458040395852,0.9573209364755773,0.8405776186092533,1.3659708616616101e-09,4.545274607053414e-08,0.006389130982444811,0.0063891309824448544,0.008875933995524925,0.9783458040395853,0.006389130982444811,0.9783458040395852,0.008875933995524913,0.006389130982444852,0.006389130982444838,6.565856465995626e-17,0.0020304661576205983,0.0,0.004973606026160038,0.0,0.0,1.0,0.0,0.0,5.551115123125783e-17,0.0,0.9694698700440605,8.380294838597434e-18,0.0,0.0,3.7345677921960336e-18,-0.9694698700440605,0.0,-5.551115123125783e-17,0.0,0.0,0.9744434760702205
step3,0.01,0.3,8,0.9783458040761426,0.957320936546568,0.8405776205991904,4.2340987464450314e-11,1.4083117744124553e-09,0.0063891309716026,0.00638913097160268,0.008875933980651951,0.9783458040761428,0.0063891309716026,0.9783458040761426,0.008875933980651922,0.0063891309716026,0.006389130971602676,9.889606286167798e-17,0.002030466154329499,2.220446049250313e-16,0.0049736060180985975,0.0,0.0,1.0,0.0,0.0,1.6653345369377348e-16,0.0,0.9694698700954908,8.938559467094205e-18,0.0,0.0,-7.149944971488988e-19,-0.969469870095491,0.0,1.6653345369377348e-16,0.0,0.0,0.9744434761135894
step3,0.01,0.3,9,0.9783458040772757,0.9573209365487682,0.8405776206608631,1.3124927574767569e-12,4.365347946151684e-11,0.0063891309712670865,0.006389130971267112,0.00887593398018973,0.9783458040772759,0.0063891309712670865,0.9783458040772757,0.008875933980189696,0.006389130971267107,0.0063891309712671126,2.2393250720743744e-16,0.00203046615422606,0.0,0.004973606017845245,0.0,2.220446049250313e-16,0.9999999999999998,0.0,0.0,3.3306690738754696e-16,0.0,0.9694698700970862,2.5168265506129578e-17,0.0,0.0,5.192109013985425e-17,-0.9694698700970862,0.0,3.885780586188048e-16,0.0,0.0,0.9744434761149314
step3,0.01,0.3,10,0.978345804077311,0.9573209365488369,0.8405776206627744,4.090905831553067e-14,1.3534016983539324e-12,0.006389130971256625,0.006389130971256733,0.008875933980175332,0.9783458040773112,0.006389130971256625,0.978345804077311,0.008875933980175324,0.006389130971256633,0.006389130971256724,2.186692235622765e-16,0.002030466154222816,2.220446049250313e-16,0.004973606017837362,0.0,1.1102230246251565e-16,0.9999999999999999,0.0,0.0,2.220446049250313e-16,0.0,0.9694698700971358,-1.2408608486292052e-17,0.0,0.0,2.85182812961469e-18,-0.969469870097136,0.0,3.3306690738754696e-16,0.0,0.0,0.9744434761149732
step3,0.01,0.5,0,0.6249999999999998,0.4375,nan,nan,nan,0.12499999999999997,0.125,0.125,0.625,0.12499999999999997,0.6249999999999999,0.12499999999999997,0.12499999999999997,0.12499999999999997,4.844614790834e-18,2.254873622441467e-16,0.0,0.0,0.0,0.0,1.0,0.0,0.0,0.0,0.0,0.5,0.0,0.0,0.0,0.0,-0.5,0.0,0.0,0.0,0.0,0.5
step3,0.01,0.5,1,0.8666701268883383,0.7570455916411909,0.38898535864638395,0.27906175795485205,nan,0.043752344116337175,0.043752344116337306,0.04582518487898707,0.8666701268883386,0.043752344116337175,0.8666701268883384,0.04582518487898704,0.04375234411633722,0.0437523441163372,5.708991477950544e-17,0.001692467395511199,0.0,0.004145681525299594,0.0,0.0,1.0,0.0,0.0,-1.6653345369377348e-16,0.0,0.8208449420093515,2.331269263307779e-17,0.0,0.0,9.750015100455355e-18,-0.8208449420093515,0.0,0.0,0.0,0.0,0.8249906235346511
step3,0.01,0.5,2,0.9688865650078988,0.9390685550181923,0.6665892533734543,0.11803033127887887,0.39709191632453733,0.009486345611695535,0.009486345611695578,0.012140743768709716,0.968886565007899,0.009486345611695535,0.9688865650078989,0.012140743768709706,0.009486345611695554,0.009486345611695559,1.2048941860403454e-16,0.002167307019622872,0.0,0.005308796314028252,0.0,2.220446049250313e-16,0.9999999999999998,0.0,0.0,-1.1102230246251565e-16,0.0,0.9567458212391894,4.026364496920092e-17,0.0,0.0,1.1512287948478727e-17,-0.9567458212391894,0.0,-1.6653345369377348e-16,0.0,0.0,0.9620546175532176
step3,0.01,0.5,3,0.9780200067224463,0.9566883622574753,0.8247209406350251,0.01054708052449872,0.12857625394914804,0.006491133329873632,0.0064911333298736705,0.00899772661780639,0.9780200067224465,0.006491133329873632,0.9780200067224463,0.008997726617806337,0.006491133329873625,0.006491133329873627,2.4714935256532745e-16,0.0020466248493734743,0.0,0.005013186575865469,0.0,0.0,1.0,0.0,0.0,-3.3306690738754696e-16,0.0,0.9690222801046401,-6.184108553900167e-18,0.0,0.0,3.97440352355475e-17,-0.9690222801046401,0.0,-3.885780586188048e-16,0.0,0.0,0.9740354666805056
step3,0.01,0.5,4,0.9783357156533106,0.9573013452698955,0.8400280743959483,0.0003648764813593245,0.010911788531138831,0.006392204087215768,0.006392204087215796,0.008879876172257687,0.9783357156533106,0.006392204087215768,0.9783357156533106,0.008879876172257722,0.0063922040872157965,0.006392204087215779,7.502345199201173e-17,0.0020311757519060813,0.0,0.0049753441700838286,0.0,0.0,1.0,0.0,0.0,-1.1102230246251565e-16,0.0,0.969455839481053,-1.439863783042473e-17,0.0,0.0,-4.911906159902175e-17,-0.969455839481053,0.0,-5.551115123125783e-17,0.0,0.0,0.9744311836511368
step3,0.01,0.5,5,0.9783454920853478,0.9573203306835019,0.8405606008212869,1.1309573999997113e-05,0.00037618424020365693,0.006389224650704408,0.0063892246507045005,0.008876058613242893,0.978345492085348,0.006389224650704408,0.9783454920853479,0.008876058613242994,0.006389224650704517,0.006389224650704434,1.2245692176901297e-16,0.002030491427747656,2.220446049250313e-16,0.00497366792507703,0.0,0.0,1.0,0.0,0.0,-1.6653345369377348e-16,0.0,0.9694694334721051,-2.8675495490516554e-17,0.0,0.0,-1.9241614576628753e-17,-0.9694694334721049,0.0,-2.220446049250313e-16,0.0,0.0,0.9744431013971822
step3,0.01,0.5,6,0.9783457944164402,0.957320917788352,0.840577094319861,3.4995616756495876e-07,1.165951535459715e-05,0.006389133850312913,0.006389133850313034,0.00887593788293377,0.9783457944164404,0.006389133850312913,0.9783457944164402,0.008875937882933721,0.0063891338503128964,0.006389133850313018,7.526613473800066e-17,0.002030466990072116,2.220446049250313e-16,0.004973608065241719,0.0,0.0,1.0,0.0,0.0,-5.551115123125783e-17,0.0,0.9694698565335066,-2.4976863061786374e-17,0.0,0.0,-2.1485684454214983e-18,-0.9694698565335068,0.0,-1.6653345369377348e-16,0.0,0.0,0.9744434645987483
step3,0.01,0.5,7,0.9783458037779473,0.9573209359675046,0.8405776043647417,1.083997497995521e-08,3.6079602030576885e-07,0.006389131060123012,0.006389131060123036,0.00887593410180651,0.9783458037779476,0.006389131060123012,0.9783458037779473,0.008875934101806487,0.006389131060123024,0.006389131060123025,1.286614361222693e-16,0.002030466180975234,0.0,0.004973606083366944,0.0,0.0,1.0,0.0,0.0,-2.220446049250313e-16,0.0,0.969469869676141,1.5310557841060642e-17,0.0,0.0,1.0518978835071928e-17,-0.969469869676141,0.0,-2.220446049250313e-16,0.0,0.0,0.974443475759508
step3,0.01,0.5,8,0.9783458040680321,0.9573209365308182,0.8405776201578044,3.3596161833457526e-10,1.1175935589909437e-08,0.006389130974005621,0.006389130974005675,0.008875933983956426,0.9783458040680324,0.006389130974005621,0.9783458040680321,0.008875933983956436,0.006389130974005636,0.0063891309740056355,1.6583509154142163e-16,0.002030466155065591,0.0,0.0049736060199016,0.0,0.0,1.0,0.0,0.0,-2.220446049250313e-16,0.0,0.9694698700840758,1.2485465536846418e-17,0.0,0.0,1.565793426582867e-17,-0.9694698700840758,0.0,-5.551115123125783e-17,0.0,0.0,0.9744434761039774
step3,0.01,0.5,9,0.9783458040770249,0.9573209365482812,0.8405776206471804,1.0416062955267612e-11,3.463776729224701e-10,0.006389130971341447,0.006389130971341501,0.008875933980291984,0.978345804077025,0.006389130971341447,0.9783458040770249,0.008875933980292083,0.006389130971341461,0.00638913097134146,1.556671600663512e-16,0.0020304661542489316,0.0,0.0049736060179012,0.0,0.0,1.0,0.0,0.0,-2.220446049250313e-16,0.0,0.969469870096733,-3.26243166776314e-17,0.0,0.0,-4.4825746064230974e-18,-0.969469870096733,0.0,-1.6653345369377348e-16,0.0,0.0,0.9744434761146342
step3,0.01,0.5,10,0.9783458040773032,0.9573209365488218,0.8405776206623515,3.2241654132396547e-13,1.0738479440685482e-11,0.006389130971259001,0.006389130971259045,0.008875933980178434,0.9783458040773032,0.006389130971259001,0.9783458040773032,0.008875933980178509,0.006389130971259034,0.0063891309712590634,9.659167220362849e-17,0.0020304661542235327,0.0,0.004973606017838916,0.0,0.0,1.0,0.0,0.0,-1.1102230246251565e-16,0.0,0.9694698700971249,3.622099337785961e-17,0.0,0.0,1.2025272205121378e-17,-0.9694698700971249,0.0,-1.6653345369377348e-16,0.0,0.0,0.9744434761149638
step3,0.02,0.05,0,0.9624999999999998,0.926875,nan,nan,nan,0.0124999999999999,0.012500000000000011,0.012500000000000067,0.9624999999999999,0.0124999999999999,0.9624999999999998,0.01250000000000003,0.01250000000000001,0.01250000000000001,8.494454310017238e-17,1.9229626863835638e-16,0.0,0.0,0.0,0.0,1.0,0.0,0.0,0.0,0.0,0.95,0.0,0.0,0.0,0.0,-0.95,0.0,0.0,0.0,0.0,0.95
step3,0.02,0.05,1,0.9562301642674711,0.915030009864789,0.7143895908577099,0.008227864643610597,nan,0.012993944872950301,0.01299394487295039,0.01778194598662805,0.9562301642674713,0.012993944872950301,0.9562301642674711,0.017781945986628064,0.012993944872950303,0.012993944872950388,1.3466445885342163e-16,0.003909386538796012,2.220446049250313e-16,0.00957600222735544,0.0,0.0,1.0,0.0,0.0,-1.6653345369377348e-16,0.0,0.9384482182808431,2.204503530866627e-17,0.0,0.0,-2.4835778338870073e-18,-0.9384482182808433,0.0,-1.6653345369377348e-16,0.0,0.0,0.9480242205081986
step3,0.02,0.05,2,0.9558310470345801,0.9142795419141885,0.7054627094954583,0.0004767532813783885,0.0086920968980873,0.013077149328772662,0.013077149328772734,0.01801465430787404,0.9558310470345801,0.013077149328772662,0.9558310470345802,0.01801465430787409,0.013077149328772733,0.013077149328772665,1.4893080048276346e-16,0.004031455933749922,2.220446049250313e-16,0.009875009958202674,0.0,2.220446049250313e-16,0.9999999999999998,0.0,0.0,-1.6653345369377348e-16,0.0,0.9378163927267064,-1.7269198764379394e-17,0.0,0.0,-1.2916551124505213e-17,-0.9378163927267061,0.0,-1.6653345369377348e-16,0.0,0.0,0.947691402684909
step3,0.02,0.05,3,0.9558044408296535,0.9142295058025611,0.7048971253721532,3.115130867548557e-05,0.0005077788825659893,0.01308391447509238,0.013083914475092417,0.018027730220161426,0.9558044408296538,0.01308391447509238,0.9558044408296537,0.018027730220161495,0.013083914475092382,0.01308391447509241,9.20417598208537e-17,0.004036608652585573,0.0,0.00988763149013816,0.0,0.0,1.0,0.0,0.0,-1.1102230246251565e-16,0.0,0.9377767106094923,-1.3597631420831038e-17,0.0,0.0,-3.239865483465368e-17,-0.9377767106094923,0.0,-1.6653345369377348e-16,0.0,0.0,0.9476643420996305
step3,0.02,0.05,4,0.9558026849767887,0.9142262030198377,0.7048594160598424,2.042310292716685e-06,3.319162604924086e-05,0.013084399477316596,0.013084399477316676,0.018028516068577763,0.9558026849767889,0.013084399477316596,0.9558026849767887,0.018028516068577773,0.013084399477316658,0.013084399477316629,1.1268671842833567e-16,0.004036854292472734,0.0,0.009888233182522299,0.0,0.0,1.0,0.0,0.0,-1.6653345369377348e-16,0.0,0.9377741689082111,-1.029664843618074e-17,0.0,0.0,1.0934310980978143e-17,-0.9377741689082111,0.0,-2.220446049250313e-16,0.0,0.0,0.9476624020907334
step3,0.02,0.05,5,0.9558025698348125,0.9142259864116459,0.7048569269442587,1.3359105476942192e-07,2.175868449435063e-06,0.013084432540232257,0.013084432540232295,0.01802856508472268,0.9558025698348128,0.013084432540232257,0.9558025698348126,0.018028565084722722,0.013084432540232272,0.01308443254023224,2.348869353650748e-17,0.0040368673182299645,0.0,0.009888265088980885,0.0,0.0,1.0,0.0,0.0,0.0,0.0,0.93777400475009,-1.6596235264133796e-17,0.0,0.0,-6.705491265540049e-19,-0.93777400475009,0.0,0.0,0.0,0.0,0.9476622698390709
step3,0.02,0.05,6,0.955802562308909,0.9142259722528956,0.7048567636992401,8.722464355649159e-09,1.4231297063825246e-07,0.013084434742702312,0.01308443474270238,0.018028568205686067,0.9558025623089093,0.013084434742702312,0.9558025623089091,0.018028568205686095,0.013084434742702393,0.013084434742702346,2.2459584108046592e-17,0.004036868068176596,0.0,0.009888266925967448,0.0,0.0,1.0,0.0,0.0,0.0,0.0,0.9377739941032232,5.590822331344229e-18,0.0,0.0,-1.0121490452332201e-18,-0.9377739941032232,0.0,0.0,0.0,0.0,0.9476622610291906
step3,0.02,0.05,7,0.9558025618178155,0.9142259713289567,0.7048567530286122,5.688954043838114e-10,9.291350568942867e-09,0.01308443488778943,0.013084434887789457,0.01802856840660548,0.9558025618178156,0.01308443488778943,0.9558025618178155,0.01802856840660542,0.013084434887789445,0.013084434887789454,2.901936277429929e-17,0.004036868113763442,0.0,0.009888267037632015,0.0,0.0,1.0,0.0,0.0,0.0,0.0,0.9377739934112103,-1.0860566740535357e-17,0.0,0.0,9.185239110326685e-18,-0.9377739934112103,0.0,0.0,0.0,0.0,0.9476622604488423
step3,0.02,0.05,8,0.9558025617857967,0.9142259712687159,0.7048567523322933,3.7082679456858365e-11,6.059779291374324e-10,0.013084434897294217,0.013084434897294245,0.018028568419614588,0.9558025617857968,0.013084434897294217,0.9558025617857967,0.018028568419614616,0.013084434897294226,0.013084434897294227,2.5936546790158954e-17,0.004036868116624728,0.0,0.00988826704464063,0.0,0.0,1.0,0.0,0.0,5.551115123125783e-17,0.0,0.9377739933661823,-1.3736243680086913e-17,0.0,0.0,-3.3843217342968157e-18,-0.9377739933661823,0.0,-5.551115123125783e-17,0.0,0.0,0.9476622604108229
step3,0.02,0.05,9,0.9558025617837103,0.9142259712647904,0.704856752286893,2.416096175213782e-12,3.949877300867046e-11,0.01308443489791508,0.013084434897915139,0.018028568420459315,0.9558025617837104,0.01308443489791508,0.9558025617837104,0.018028568420459287,0.013084434897915071,0.013084434897915132,2.4005090223510343e-17,0.004036868116807469,2.220446049250313e-16,0.009888267045088495,0.0,0.0,1.0,0.0,0.0,0.0,0.0,0.9377739933632511,-9.435421567025053e-18,0.0,0.0,-1.0044028219165796e-17,-0.9377739933632513,0.0,0.0,0.0,0.0,0.9476622604083396
step3,0.02,0.05,10,0.9558025617835741,0.9142259712645343,0.7048567522839349,1.5758301211630852e-13,2.573678570996867e-12,0.013084434897955764,0.01308443489795583,0.018028568420514035,0.9558025617835744,0.013084434897955764,0.9558025617835743,0.018028568420514014,0.013084434897955811,0.013084434897955754,2.0992693738161677e-17,0.004036868116818966,2.220446049250313e-16,0.009888267045116361,0.0,0.0,1.0,0.0,0.0,0.0,0.0,0.9377739933630604,-2.1029453894807928e-19,0.0,0.0,-4.9339843849209226e-18,-0.9377739933630602,0.0,0.0,0.0,0.0,0.9476622604081768
step3,0.02,0.1,0,0.9249999999999998,0.8574999999999999,nan,nan,nan,0.024999999999999935,0.024999999999999994,0.025000000000000026,0.925,0.024999999999999935,0.9249999999999998,0.024999999999999956,0.024999999999999988,0.024999999999999988,2.924295323337349e-18,1.7554167342883506e-16,0.0,1.1102230246251565e-16,0.0,0.0,1.0,0.0,0.0,0.0,0.0,0.9,0.0,0.0,0.0,0.0,-0.9,0.0,0.0,0.0,0.0,0.8999999999999999
step3,0.02,0.1,1,0.9533831502025002,0.9096789683138823,0.6621056811678885,0.03300451407582963,nan,0.01394938349136424,0.01394938349136427,0.01871808281477111,0.9533831502025003,0.01394938349136424,0.9533831502025002,0.018718082814771116,0.013949383491364261,0.013949383491364237,2.867523715232224e-17,0.00389362669303406,0.0,0.009537398646813688,0.0,0.0,1.0,0.0,0.0,0.0,0.0,0.9346650673877293,3.446702949539756e-18,0.0,0.0,-9.880426193420244e-18,-0.9346650673877293,0.0,0.0,0.0,0.0,0.9442024660345429
step3,0.02,0.1,2,0.9556451170868814,0.9139296828013597,0.7014299401521202,0.0026158974329599564,0.035615615184530956,0.013136336462833301,0.013136336462833402,0.01808220998745172,0.9556451170868816,0.013136336462833301,0.9556451170868814,0.018082209987451733,0.0131363364628334,0.013136336462833303,8.024744236830448e-17,0.004038288822551857,2.220446049250313e-16,0.009891747049236566,0.0,0.0,1.0,0.0,0.0,5.551115123125783e-17,0.0,0.93756290709943,-1.9666868383386244e-17,0.0,0.0,-1.1627736701628053e-17,-0.9375629070994298,0.0,1.1102230246251565e-16,0.0,0.0,0.9474546541486666
step3,0.02,0.1,3,0.9557923914008987,0.9142068331223887,0.7046334568711182,0.00017006037965641588,0.002785661661680507,0.013087632603467955,0.013087632603467979,0.018032343392165084,0.9557923914008988,0.013087632603467955,0.9557923914008987,0.018032343392165154,0.013087632603467972,0.013087632603467972,1.2023696191592562e-16,0.0040373394526476755,0.0,0.009889421577394475,0.0,0.0,1.0,0.0,0.0,1.6653345369377348e-16,0.0,0.9377600480087337,-1.539973789085003e-17,0.0,0.0,1.639257951537285e-17,-0.9377600480087337,0.0,2.220446049250313e-16,0.0,0.0,0.9476494695861282
step3,0.02,0.1,4,0.9558019024359743,0.9142247306298865,0.7048423289771388,1.0990736515158421e-05,0.00018104536699176595,0.013084637014557518,0.013084637014557626,0.018028823534910313,0.9558019024359745,0.013084637014557518,0.9558019024359744,0.018028823534910317,0.013084637014557608,0.013084637014557506,1.4231654772294328e-16,0.004036911389336994,2.220446049250313e-16,0.009888373040705445,0.0,0.0,1.0,0.0,0.0,1.1102230246251565e-16,0.0,0.9377730789010643,-3.123440037060672e-17,0.0,0.0,-7.451737331131823e-17,-0.9377730789010641,0.0,2.220446049250313e-16,0.0,0.0,0.9476614519417698
step3,0.02,0.1,5,0.9558025189386448,0.9142258906504945,0.704855817289437,7.130009644219771e-07,1.1703638148427503e-05,0.01308444785882551,0.0130844478588256,0.01802858534370408,0.955802518938645,0.01308444785882551,0.9558025189386448,0.018028585343704107,0.01308444785882551,0.013084447858825598,1.1712856593317123e-16,0.004036871352039898,2.220446049250313e-16,0.009888274969757194,0.0,2.220446049250313e-16,1.0000000000000002,0.0,0.0,1.6653345369377348e-16,0.0,0.9377739335949408,-6.736397201113306e-18,0.0,0.0,-8.378585676148967e-18,-0.937773933594941,0.0,2.220446049250313e-16,0.0,0.0,0.947662208564698
step3,0.02,0.1,6,0.9558025589960799,0.9142259660198926,0.7048566915296204,4.635222026598578e-08,7.593514936993246e-07,0.013084435735450142,0.013084435735450267,0.018028569533019484,0.9558025589960801,0.013084435735450142,0.95580255899608,0.01802856953301951,0.013084435735450262,0.013084435735450138,9.56152973301605e-17,0.0040368683413645546,2.220446049250313e-16,0.0098882675951385,0.0,0.0,1.0,0.0,0.0,1.1102230246251565e-16,0.0,0.9377739894630608,1.7582449977099214e-17,0.0,0.0,2.567244281941775e-17,-0.9377739894630606,0.0,1.1102230246251565e-16,0.0,0.0,0.9476622570581993
step3,0.02,0.1,7,0.9558025616020983,0.9142259709230931,0.7048567483311596,3.0164519991843417e-09,4.9368643625308586e-08,0.013084434952288932,0.013084434952289054,0.018028568493323356,0.9558025616020985,0.013084434952288932,0.9558025616020984,0.018028568493323346,0.013084434952289057,0.01308443495228894,5.279348421854242e-17,0.004036868131904636,2.220446049250313e-16,0.00988826708206858,0.0,1.1102230246251565e-16,0.9999999999999999,0.0,0.0,0.0,0.0,0.9377739931087753,-5.344261237428049e-17,0.0,0.0,1.244052145166846e-17,-0.9377739931087751,0.0,0.0,0.0,0.0,0.9476622601908439
step3,0.02,0.1,8,0.9558025617717474,0.9142259712422827,0.7048567520264173,1.9639962693600136e-10,3.2128511417761613e-09,0.013084434901490246,0.013084434901490312,0.01802856842527177,0.9558025617717476,0.013084434901490246,0.9558025617717474,0.01802856842527183,0.013084434901490326,0.013084434901490262,9.07659420325343e-17,0.004036868117817803,2.220446049250313e-16,0.00988826704756296,0.0,0.0,1.0,0.0,0.0,-1.1102230246251565e-16,0.0,0.9377739933464758,-6.678040841824564e-19,0.0,0.0,-2.9401310965616844e-17,-0.9377739933464756,0.0,-5.551115123125783e-17,0.0,0.0,0.9476622603940388
step3,0.02,0.1,9,0.9558025617827951,0.9142259712630685,0.704856752266972,1.2790877756241431e-11,2.0919049647578114e-10,0.013084434898188274,0.013084434898188344,0.01802856842082795,0.9558025617827952,0.013084434898188274,0.9558025617827951,0.01802856842082794,0.01308443489818828,0.013084434898188323,4.161741303883484e-17,0.004036868116885426,0.0,0.009888267045279342,0.0,2.220446049250313e-16,0.9999999999999998,0.0,0.0,-5.551115123125783e-17,0.0,0.9377739933619673,-9.226300904740807e-18,0.0,0.0,2.4076624430741397e-17,-0.9377739933619673,0.0,5.551115123125783e-17,0.0,0.0,0.9476622604072467
step3,0.02,0.1,10,0.9558025617835146,0.9142259712644224,0.704856752282637,8.331037976289663e-13,1.3623981440898133e-11,0.013084434897973446,0.013084434897973549,0.018028568420538245,0.9558025617835147,0.013084434897973446,0.9558025617835147,0.018028568420538273,0.013084434897973531,0.013084434897973438,5.887085986670566e-17,0.004036868116824319,2.220446049250313e-16,0.009888267045129462,0.0,0.0,1.0,0.0,0.0,-5.551115123125783e-17,0.0,0.9377739933629767,1.6056617076787308e-17,0.0,0.0,-1.8756030785083234e-17,-0.9377739933629765,0.0,-1.1102230246251565e-16,0.0,0.0,0.9476622604081062
step3,0.02,0.2,0,0.8499999999999999,0.7300000000000001,nan,nan,nan,0.04999999999999999,0.04999999999999999,0.05000000000000002,0.8500000000000001,0.04999999999999999,0.8499999999999999,0.04999999999999998,0.049999999999999975,0.049999999999999975,2.4659545749914493e-17,1.9229626863835638e-16,0.0,0.0,0.0,0.0,1.0,0.0,0.0,0.0,0.0,0.8,0.0,0.0,0.0,0.0,-0.8,0.0,0.0,0.0,0.0,0.8
step3,0.02,0.2,1,0.9428778733109588,0.8901210406260051,0.5660163336298387,0.10731469297570806,nan,0.01747488319394931,0.017474883193949395,0.02217236030114228,0.9428778733109591,0.01747488319394931,0.942877873310959,0.022172360301142266,0.01747488319394939,0.017474883193949305,5.4194775188823215e-17,0.0038354739970092684,2.220446049250313e-16,0.009394954214385742,0.0,0.0,1.0,0.0,0.0,1.1102230246251565e-16,0.0,0.920705513009817,-1.1389007969095597e-17,0.0,0.0,-6.384773979143723e-18,-0.9207055130098167,0.0,1.1102230246251565e-16,0.0,0.0,0.9301004672242027
step3,0.02,0.2,2,0.9548943469972053,0.912517898149118,0.6866902655582028,0.01387729990874333,0.12118969821560406,0.01337635706654662,0.013376357066546763,0.018352938869701168,0.9548943469972055,0.01337635706654662,0.9548943469972053,0.018352938869701164,0.01337635706654674,0.013376357066546609,1.1718935998039447e-16,0.004063362026982772,2.220446049250313e-16,0.009953163606308935,0.0,0.0,1.0,0.0,0.0,-1.1102230246251565e-16,0.0,0.9365414081275044,2.046430582263427e-17,0.0,0.0,3.917699222908718e-17,-0.9365414081275042,0.0,-1.6653345369377348e-16,0.0,0.0,0.9464945717338134
step3,0.02,0.2,3,0.9557434395321449,0.9141147266818452,0.7035694767448584,0.0009807205478428677,0.014857287176526046,0.013102771524110468,0.0131027715241105,0.018051017419633913,0.9557434395321451,0.013102771524110468,0.9557434395321449,0.018051017419633896,0.013102771524110485,0.013102771524110475,1.8820047268887151e-16,0.004040225855284536,0.0,0.009896491791046791,0.0,0.0,1.0,0.0,0.0,-1.6653345369377348e-16,0.0,0.9376924221125112,1.4089698315011222e-17,0.0,0.0,-3.0032328862375323e-17,-0.9376924221125112,0.0,-1.6653345369377348e-16,0.0,0.0,0.947588913903558
step3,0.02,0.2,4,0.9557987226040441,0.9142187476110875,0.7047729137004654,6.390990162769109e-05,0.0010446121490580412,0.01308560334007677,0.013085603340076803,0.018030070715801986,0.9557987226040442,0.01308560334007677,0.9557987226040442,0.01803007071580203,0.013085603340076805,0.013085603340076786,8.044332349769875e-17,0.004037140706788322,0.0,0.009888934751450473,0.0,0.0,1.0,0.0,0.0,-1.1102230246251565e-16,0.0,0.9377686518882423,2.981988640672152e-17,0.0,0.0,7.937274425876629e-18,-0.9377686518882423,0.0,-5.551115123125783e-17,0.0,0.0,0.9476575866396928
step3,0.02,0.2,5,0.9558023121394454,0.9142255015571057,0.7048513082355335,4.152556093395407e-06,6.806214402035476e-05,0.013084510137074517,0.01308451013707459,0.018028667586405357,0.9558023121394456,0.013084510137074517,0.9558023121394454,0.01802866758640533,0.013084510137074503,0.013084510137074571,1.9784878093644445e-16,0.004036887652946944,2.220446049250313e-16,0.00988831489866171,0.0,0.0,1.0,0.0,0.0,-1.1102230246251565e-16,0.0,0.9377736445530401,1.3030808811632487e-17,0.0,0.0,1.2646741608484222e-17,-0.9377736445530404,0.0,-2.220446049250313e-16,0.0,0.0,0.9476619594517018
step3,0.02,0.2,6,0.9558025455362222,0.9142259406954917,0.7048563982925233,2.7011753154768587e-07,4.422668318056067e-06,0.01308443977013963,0.013084439770139717,0.018028574923498325,0.9558025455362225,0.01308443977013963,0.9558025455362222,0.01802857492349832,0.013084439770139721,0.013084439770139632,4.228341575462558e-17,0.00403686944836189,2.220446049250313e-16,0.00988827030671724,0.0,2.220446049250313e-16,1.0000000000000002,0.0,0.0,-5.551115123125783e-17,0.0,0.9377739706127243,-2.5563150941533522e-17,0.0,0.0,-1.9377412954482443e-17,-0.937773970612724,0.0,0.0,0.0,0.0,0.9476622409194415
step3,0.02,0.2,7,0.9558025607256738,0.9142259692741337,0.704856729245629,1.7583247535888545e-08,2.8770068938075245e-07,0.013084435214380484,0.013084435214380586,0.018028568845564957,0.9558025607256739,0.013084435214380484,0.9558025607256738,0.018028568845565,0.01308443521438049,0.013084435214380588,4.1089383837143744e-17,0.004036868205511917,2.220446049250313e-16,0.009888267262369022,0.0,0.0,1.0,0.0,0.0,0.0,0.0,0.9377739918801089,1.2617845157744844e-18,0.0,0.0,-2.0209311910458386e-17,-0.9377739918801091,0.0,1.1102230246251565e-16,0.0,0.0,0.9476622591424779
step3,0.02,0.2,8,0.9558025617146679,0.9142259711348903,0.7048567507836923,1.1449934571090614e-09,1.8728239478143535e-08,0.013084434918539027,0.013084434918539068,0.018028568448253686,0.9558025617146682,0.013084434918539027,0.9558025617146679,0.018028568448253717,0.01308443491853907,0.013084434918539032,9.715286935252867e-17,0.004036868122662167,0.0,0.009888267059429356,0.0,0.0,1.0,0.0,0.0,1.1102230246251565e-16,0.0,0.9377739932664144,-7.543747769698638e-19,0.0,0.0,-4.576051095795577e-19,-0.9377739932664144,0.0,1.6653345369377348e-16,0.0,0.0,0.9476622603258438
step3,0.02,0.2,9,0.9558025617790771,0.9142259712560732,0.7048567521860367,7.45732803444748e-11,1.2195667121669816e-09,0.013084434899298059,0.013084434899298131,0.01802856842232664,0.9558025617790773,0.013084434899298059,0.9558025617790771,0.018028568422326623,0.013084434899298118,0.013084434899298062,1.2187358326675687e-16,0.0040368681172029625,2.220446049250313e-16,0.009888267046057053,0.0,0.0,1.0,0.0,0.0,5.551115123125783e-17,0.0,0.9377739933567507,-3.919459306752724e-18,0.0,0.0,-6.06453490516171e-17,-0.9377739933567505,0.0,1.6653345369377348e-16,0.0,0.0,0.9476622604028078
step3,0.02,0.2,10,0.9558025617832724,0.9142259712639664,0.704856752277365,4.857499394412307e-12,7.943077933783855e-11,0.013084434898045633,0.01308443489804573,0.0180285684206363,0.9558025617832726,0.013084434898045633,0.9558025617832724,0.018028568420636205,0.013084434898045685,0.013084434898045645,1.4643793555595058e-16,0.004036868116845335,0.0,0.009888267045181087,0.0,0.0,1.0,0.0,0.0,1.1102230246251565e-16,0.0,0.9377739933626363,-1.3223990266240875e-17,0.0,0.0,-2.7600946909197442e-18,-0.9377739933626363,0.0,3.3306690738754696e-16,0.0,0.0,0.9476622604078174
step3,0.02,0.2,11,0.9558025617835457,0.9142259712644808,0.7048567522833138,3.1649391381544203e-13,5.173993177771135e-12,0.01308443489796412,0.013084434897964273,0.01802856842052583,0.955802561783546,0.01308443489796412,0.9558025617835456,0.01802856842052585,0.013084434897964254,0.013084434897964126,2.427684083887664e-16,0.004036868116821732,2.220446049250313e-16,0.009888267045123134,0.0,0.0,1.0,0.0,0.0,2.7755575615628914e-16,0.0,0.9377739933630201,2.386511694912922e-18,0.0,0.0,-1.482482316407482e-17,-0.9377739933630199,0.0,3.3306690738754696e-16,0.0,0.0,0.9476622604081433
step3,0.02,0.3,0,0.7749999999999998,0.6174999999999999,nan,nan,nan,0.07500000000000001,0.07500000000000001,0.07500000000000001,0.7749999999999999,0.07500000000000001,0.7749999999999998,0.075,0.075,0.075,8.879893162462571e-18,1.9229626863835638e-16,0.0,0.0,0.0,0.0,1.0,0.0,0.0,0.0,0.0,0.7,0.0,0.0,0.0,0.0,-0.7,0.0,0.0,0.0,0.0,0.7
step3,0.02,0.3,1,0.9234664641900612,0.8547566693238372,0.48123161521391244,0.1714748362231357,nan,0.023989220492148893,0.023989220492148938,0.02855509482564081,0.9234664641900614,0.023989220492148893,0.9234664641900612,0.02855509482564079,0.023989220492148935,0.023989220492148897,9.492988363659162e-17,0.0037280207822417864,0.0,0.009131748666983741,0.0,0.0,1.0,0.0,0.0,1.1102230246251565e-16,0.0,0.8949113693644206,6.106288177020888e-18,0.0,0.0,6.0039605433222385e-18,-0.8949113693644206,0.0,1.6653345369377348e-16,0.0,0.0,0.9040431180314044
step3,0.02,0.3,2,0.9532228559164131,0.9093800640295577,0.6600381921109975,0.03436183367358535,0.20583504499132133,0.013914887269014792,0.013914887269014811,0.018947369545557258,0.9532228559164132,0.013914887269014792,0.953222855916413,0.01894736954555721,0.01391488726901479,0.013914887269014808,1.2612993387080747e-16,0.004109004572376295,0.0,0.01006496455308481,0.0,0.0,1.0,0.0,0.0,1.6653345369377348e-16,0.0,0.934275486370856,7.127836104209531e-18,0.0,0.0,-1.430125539657813e-17,-0.934275486370856,0.0,1.6653345369377348e-16,0.0,0.0,0.9443404509239408
step3,0.02,0.3,3,0.955632702066387,0.9139063870364978,0.7012046733469668,0.002783354664495118,0.03714373677187202,0.013137160930413354,0.01313716093041346,0.018092976072785982,0.9556327020663871,0.013137160930413354,0.955632702066387,0.018092976072785975,0.01313716093041346,0.013137160930413358,1.0169045677348952e-16,0.0040464061194570335,2.220446049250313e-16,0.009911630284745065,0.0,0.0,1.0,0.0,0.0,2.220446049250313e-16,0.0,0.9375397259936012,2.5074118387417065e-17,0.0,0.0,3.680011635621544e-17,-0.937539725993601,0.0,2.7755575615628914e-16,0.0,0.0,0.9474513562783463
step3,0.02,0.3,4,0.9557915240768304,0.9142052032168191,0.7046159002056596,0.000183600846858717,0.0029669007145700283,0.013087795552766096,0.013087795552766185,0.018032884817637103,0.9557915240768307,0.013087795552766096,0.9557915240768305,0.01803288481763701,0.013087795552766113,0.013087795552766138,2.421810899055608e-16,0.00403764847714948,0.0,0.009890178529741833,0.0,0.0,1.0,0.0,0.0,2.7755575615628914e-16,0.0,0.9377586392591937,-1.7049180069614886e-17,0.0,0.0,3.863930808899387e-18,-0.9377586392591937,0.0,3.885780586188048e-16,0.0,0.0,0.9476488177889355
step3,0.02,0.3,5,0.95580184404314,0.9142246208297258,0.7048411006119407,1.1938462469261735e-05,0.00019553836366937818,0.013084651259023385,0.013084651259023436,0.018028853438813223,0.9558018440431402,0.013084651259023385,0.9558018440431401,0.018028853438813157,0.013084651259023411,0.013084651259023373,2.5156250729493993e-16,0.004036924175213734,0.0,0.009888404359579495,0.0,0.0,1.0,0.0,0.0,3.3306690738754696e-16,0.0,0.937772990604327,-2.8706580315029083e-17,0.0,0.0,1.9632254402820787e-17,-0.937772990604327,0.0,3.3306690738754696e-16,0.0,0.0,0.9476613949639064
step3,0.02,0.3,6,0.9558025150722933,0.9142258833782382,0.7048557345394308,7.765963366362801e-07,1.2715042906282786e-05,0.013084448907000354,0.0130844489070004,0.01802858711370578,0.9558025150722935,0.013084448907000354,0.9558025150722934,0.018028587113705728,0.013084448907000388,0.013084448907000362,2.511789389481771e-16,0.0040368719414090775,0.0,0.009888276413410724,0.0,0.0,1.0,0.0,0.0,3.3306690738754696e-16,0.0,0.9377739279585878,-3.779830314946153e-17,0.0,0.0,2.6697187211256123e-17,-0.9377739279585878,0.0,3.3306690738754696e-16,0.0,0.0,0.9476622043719986
step3,0.02,0.3,7,0.9558025587421466,0.914225965542199,0.7048566860489429,5.055179869451493e-08,8.271478669041599e-07,0.013084435807715265,0.013084435807715303,0.018028569642422644,0.9558025587421468,0.013084435807715265,0.9558025587421466,0.0180285696424227,0.013084435807715289,0.01308443580771525,3.0456782483793127e-16,0.004036868371687673,0.0,0.009888267669414752,0.0,0.0,1.0,0.0,0.0,3.885780586188048e-16,0.0,0.9377739890997241,2.8206383945226274e-18,0.0,0.0,7.677487113385959e-18,-0.9377739890997241,0.0,3.885780586188048e-16,0.0,0.0,0.9476622567691388
step3,0.02,0.3,8,0.9558025615854879,0.9142259708918439,0.7048567479711499,3.2918282363266094e-09,5.384362239985953e-08,0.01308443495712856,0.013084434957128665,0.018028568500254607,0.9558025615854882,0.01308443495712856,0.9558025615854879,0.01802856850025465,0.013084434957128637,0.013084434957128566,2.5024297922099113e-16,0.004036868133612513,2.220446049250313e-16,0.009888267086252012,0.0,0.0,1.0,0.0,0.0,4.440892098500626e-16,0.0,0.9377739930852336,3.1461976159514905e-17,0.0,0.0,-1.1605356871903818e-17,-0.9377739930852333,0.0,2.7755575615628914e-16,0.0,0.0,0.9476622601714856
step3,0.02,0.3,9,0.9558025617706631,0.914225971240243,0.7048567520028666,2.1439698818332682e-10,3.50622514809865e-09,0.013084434901809805,0.01308443490180987,0.018028568425716963,0.9558025617706634,0.013084434901809805,0.9558025617706633,0.01802856842571697,0.013084434901809794,0.013084434901809853,2.318592824562937e-16,0.004036868117920344,2.220446049250313e-16,0.009888267047814425,0.0,0.0,1.0,0.0,0.0,3.3306690738754696e-16,0.0,0.9377739933449463,2.8667819517697885e-17,0.0,0.0,-7.25368196747301e-18,-0.9377739933449465,0.0,2.7755575615628914e-16,0.0,0.0,0.9476622603927607
step3,0.02,0.3,10,0.9558025617827244,0.9142259712629355,0.7048567522654344,1.396505235699539e-11,2.2836203921331765e-10,0.013084434898209207,0.013084434898209303,0.018028568420856813,0.9558025617827246,0.013084434898209207,0.9558025617827245,0.01802856842085691,0.01308443489820925,0.013084434898209275,2.1560706614733767e-16,0.004036868116891924,0.0,0.009888267045295218,0.0,0.0,1.0,0.0,0.0,3.885780586188048e-16,0.0,0.9377739933618677,1.3852533345918641e-17,0.0,0.0,-1.0853553736190634e-17,-0.9377739933618677,0.0,1.6653345369377348e-16,0.0,0.0,0.947662260407163
step3,0.02,0.3,11,0.9558025617835099,0.9142259712644134,0.704856752282537,9.094294765976185e-13,1.487448182805986e-11,0.013084434897974812,0.013084434897974888,0.018028568420540344,0.9558025617835102,0.013084434897974812,0.9558025617835099,0.018028568420540344,0.013084434897974798,0.013084434897974867,1.5974966027141215e-16,0.004036868116824896,2.220446049250313e-16,0.009888267045131127,0.0,0.0,1.0,0.0,0.0,2.220446049250313e-16,0.0,0.9377739933629696,7.343313580480306e-17,0.0,0.0,1.602165602594757e-17,-0.9377739933629698,0.0,1.6653345369377348e-16,0.0,0.0,0.9476622604081008
step3,0.02,0.5,0,0.6249999999999998,0.4375,nan,nan,nan,0.12499999999999997,0.125,0.125,0.625,0.12499999999999997,0.6249999999999999,0.12499999999999997,0.12499999999999997,0.12499999999999997,4.844614790834e-18,2.254873622441467e-16,0.0,0.0,0.0,0.0,1.0,0.0,0.0,0.0,0.0,0.5,0.0,0.0,0.0,0.0,-0.5,0.0,0.0,0.0,0.0,0.5
step3,0.02,0.5,1,0.8410725240997019,0.7158330104765713,0.34557606574843025,0.24952051293805322,nan,0.05164006818348983,0.05164006818348987,0.05564733953331841,0.841072524099702,0.05164006818348983,0.8410725240997019,0.055647339533318387,0.051640068183489866,0.051640068183489846,5.017580606785756e-17,0.003271923355984637,0.0,0.008014542699657068,0.0,2.220446049250313e-16,1.0000000000000002,0.0,0.0,-5.551115123125783e-17,0.0,0.7854251845663837,1.3138917872104805e-17,0.0,0.0,-6.428452349957377e-19,-0.7854251845663837,0.0,0.0,0.0,0.0,0.7934397272660407
step3,0.02,0.5,2,0.9410892068389705,0.8868240938800451,0.5553394961405473,0.11549377118212142,0.3650135436406087,0.017887099270244188,0.017887099270244258,0.023136594620541046,0.9410892068389706,0.017887099270244188,0.9410892068389703,0.023136594620541066,0.01788709927024418,0.017887099270244247,1.1516057953656752e-16,0.004286195005113356,2.220446049250313e-16,0.010498990700593791,0.0,0.0,1.0,0.0,0.0,-1.1102230246251565e-16,0.0,0.9179526122184294,-4.75407620727548e-18,0.0,0.0,-1.2904879542592377e-18,-0.9179526122184296,0.0,-1.1102230246251565e-16,0.0,0.0,0.9284516029190232
step3,0.02,0.5,3,0.9547522891207405,0.9122511010068841,0.6842055482116383,0.01577800733900108,0.13126862557544255,0.013413456473723983,0.013413456473724078,0.0184207979318112,0.9547522891207407,0.013413456473723983,0.9547522891207406,0.018420797931811207,0.013413456473724066,0.013413456473723977,1.2060573577418156e-16,0.004088477180065812,2.220446049250313e-16,0.010014682916174245,0.0,0.0,1.0,0.0,0.0,-2.220446049250313e-16,0.0,0.9363314911889297,3.795625348501345e-17,0.0,0.0,3.8125572440161004e-17,-0.9363314911889294,0.0,-1.6653345369377348e-16,0.0,0.0,0.9463461741051039
step3,0.02,0.5,4,0.9557339540705199,0.9140968854782628,0.703368407228605,0.0011345028313228774,0.016912068075037378,0.013105420652390436,0.013105420652390476,0.018055204624699034,0.9557339540705201,0.013105420652390436,0.9557339540705199,0.01805520462469909,0.01310542065239046,0.013105420652390452,2.7618123647647706e-17,0.004041481689720855,0.0,0.009899567944617216,0.0,0.0,1.0,0.0,0.0,0.0,0.0,0.937678749445821,4.118525875417039e-17,0.0,0.0,-3.571394885499027e-17,-0.937678749445821,0.0,0.0,0.0,0.0,0.9475783173904382
step3,0.02,0.5,5,0.9557981005914525,0.9142175774526357,0.7047594678211593,7.419316721480458e-05,0.00120868687418389,0.013085782891939495,0.013085782891939544,0.018030333624668184,0.9557981005914526,0.013085782891939495,0.9557981005914526,0.01803033362466819,0.013085782891939499,0.013085782891939544,8.616065068250411e-17,0.004037208767496682,0.0,0.009889101465457406,0.0,0.0,1.0,0.0,0.0,0.0,0.0,0.9377677669667845,6.97996304510763e-18,0.0,0.0,-1.0735444731162228e-17,-0.9377677669667845,0.0,0.0,0.0,0.0,0.947656868432242
step3,0.02,0.5,6,0.9558022714996108,0.9142254250993528,0.7048504263550461,4.826580376586555e-06,7.901959779530494e-05,0.0130845220614256,0.01308452206142568,0.01802868437753757,0.955802271499611,0.0130845220614256,0.9558022714996108,0.018028684377537643,0.013084522061425609,0.013084522061425687,9.325586067002276e-17,0.004036891626657114,2.220446049250313e-16,0.00988832463222411,0.0,1.1102230246251565e-16,0.9999999999999999,0.0,0.0,0.0,0.0,0.9377735871220733,-5.30680232472261e-19,0.0,0.0,2.963820991534347e-18,-0.9377735871220735,0.0,0.0,0.0,0.0,0.9476619117542974
step3,0.02,0.5,7,0.9558025428849213,0.9142259357073383,0.704856340670754,3.1413550124699594e-07,5.140713364983335e-06,0.013084440554457235,0.013084440554457458,0.018028576006163866,0.9558025428849215,0.013084440554457235,0.9558025428849213,0.018028576006163866,0.01308444055445723,0.01308444055445745,2.734600521133087e-17,0.0040368696919619584,4.440892098500626e-16,0.009888270903413265,0.0,0.0,1.0,0.0,0.0,0.0,0.0,0.9377739668787574,1.6545436719318973e-17,0.0,0.0,3.043864451524931e-17,-0.9377739668787578,0.0,0.0,0.0,0.0,0.9476622377821706
step3,0.02,0.5,8,0.9558025605528322,0.9142259689489454,0.7048567254863476,2.0454116084744776e-08,3.3458957494627045e-07,0.01308443526572247,0.013084435265722531,0.01802856891572256,0.9558025605528322,0.01308443526572247,0.9558025605528322,0.01802856891572261,0.013084435265722467,0.01308443526572252,9.680816564196643e-17,0.004036868220874783,0.0,0.009888267300000253,0.0,0.0,1.0,0.0,0.0,5.551115123125783e-17,0.0,0.9377739916371097,3.062794211105903e-17,0.0,0.0,1.3748960688887217e-17,-0.9377739916371097,0.0,5.551115123125783e-17,0.0,0.0,0.94766225893711
step3,0.02,0.5,9,0.9558025617034038,0.9142259711136976,0.704856750538617,1.3321187075712455e-09,2.1786234077465655e-08,0.013084434921891855,0.01308443492189188,0.018028568452812064,0.955802561703404,0.013084434921891855,0.9558025617034039,0.018028568452812137,0.013084434921891878,0.013084434921891859,3.0138883048174105e-17,0.004036868123646506,0.0,0.009888267061840539,0.0,1.1102230246251565e-16,0.9999999999999999,0.0,0.0,0.0,0.0,0.9377739932505919,-1.2887990627096549e-17,0.0,0.0,-1.190327721130301e-17,-0.9377739932505919,0.0,0.0,0.0,0.0,0.9476622603124324
step3,0.02,0.5,10,0.955802561778343,0.9142259712546923,0.7048567521700648,8.676717102552503e-11,1.4188858667060775e-09,0.013084434899516644,0.013084434899516752,0.01802856842262346,0.9558025617783432,0.013084434899516644,0.955802561778343,0.018028568422623476,0.013084434899516665,0.013084434899516745,6.813172574417834e-17,0.004036868117266838,2.220446049250313e-16,0.009888267046213706,0.0,2.220446049250313e-16,1.0000000000000002,0.0,0.0,1.1102230246251565e-16,0.0,0.9377739933557196,2.3133814842793685e-17,0.0,0.0,1.7011742144415963e-17,-0.9377739933557199,0.0,0.0,0.0,0.0,0.9476622604019334
step3,0.02,0.5,11,0.9558025617832243,0.9142259712638761,0.7048567522763244,5.65185414528561e-12,9.241902483545166e-11,0.01308443489806,0.013084434898060108,0.018028568420655467,0.9558025617832246,0.01308443489806,0.9558025617832243,0.0180285684206554,0.013084434898060097,0.01308443489805999,1.0393591456954745e-16,0.004036868116849256,2.220446049250313e-16,0.009888267045190635,0.0,0.0,1.0,0.0,0.0,0.0,0.0,0.9377739933625692,2.5690249190933627e-17,0.0,0.0,4.476183151737002e-18,-0.937773993362569,0.0,0.0,0.0,0.0,0.9476622604077598
step3,0.02,0.5,12,0.9558025617835424,0.9142259712644744,0.7048567522832458,3.6822536807338993e-13,6.020079498245367e-12,0.013084434897965062,0.013084434897965142,0.01802856842052725,0.9558025617835426,0.013084434897965062,0.9558025617835424,0.018028568420527243,0.01308443489796514,0.013084434897965092,3.7613788140400646e-17,0.004036868116822108,0.0,0.009888267045124244,0.0,0.0,1.0,0.0,0.0,-1.1102230246251565e-16,0.0,0.9377739933630153,-4.290223755349275e-19,0.0,0.0,-2.9616829141395333e-19,-0.9377739933630153,0.0,-1.6653345369377348e-16,0.0,0.0,0.9476622604081395
step3,0.05,0.05,0,0.9624999999999998,0.926875,nan,nan,nan,0.0124999999999999,0.012500000000000011,0.012500000000000067,0.9624999999999999,0.0124999999999999,0.9624999999999998,0.01250000000000003,0.01250000000000001,0.01250000000000001,8.494454310017238e-17,1.9229626863835638e-16,0.0,0.0,0.0,0.0,1.0,0.0,0.0,0.0,0.0,0.95,0.0,0.0,0.0,0.0,-0.95,0.0,0.0,0.0,0.0,0.95
step3,0.05,0.05,1,0.8928634123388313,0.8011144876423718,0.47977923629841807,0.08092591796570486,nan,0.03198545146770057,0.031985451467700654,0.04316568472576726,0.8928634123388315,0.03198545146770057,0.8928634123388314,0.04316568472576731,0.03198545146770057,0.031985451467700654,2.5089499688033056e-17,0.00912862222918589,2.220446049250313e-16,0.022360466516133548,0.0,0.0,1.0,0.0,0.0,0.0,0.0,0.8496977276130641,-2.2439016249856695e-17,0.0,0.0,9.719124141573625e-18,-0.8496977276130643,0.0,0.0,0.0,0.0,0.8720581941291976
step3,0.05,0.05,2,0.8833653471246495,0.7849635152764725,0.4184489810608535,0.010983779664825367,0.09189317569677216,0.03490683334291309,0.034906833342913154,0.046820986189524016,0.8833653471246498,0.03490683334291309,0.8833653471246496,0.04682098618952398,0.0349068333429131,0.03490683334291315,1.7568209767820836e-16,0.009727865063908102,0.0,0.023828305693221807,0.0,0.0,1.0,0.0,0.0,-2.220446049250313e-16,0.0,0.8365443609351257,-9.94768659199747e-18,0.0,0.0,5.7743628352373814e-18,-0.8365443609351257,0.0,-2.220446049250313e-16,0.0,0.0,0.8603726666283475
step3,0.05,0.05,3,0.8816396652622089,0.7820549757730084,0.41057255594961806,0.0019955958151040586,0.01297937544502922,0.035437778447898284,0.035437778447898326,0.047484777841994084,0.8816396652622093,0.035437778447898284,0.8816396652622089,0.047484777841994084,0.035437778447898256,0.0354377784478983,2.34415153599594e-16,0.00983633381571766,0.0,0.02409399878819174,0.0,2.220446049250313e-16,0.9999999999999998,0.0,0.0,-2.7755575615628914e-16,0.0,0.834154887420215,-2.827204269015783e-17,0.0,0.0,-1.9619728206555388e-17,-0.834154887420215,0.0,-3.885780586188048e-16,0.0,0.0,0.8582488862084068
step3,0.05,0.05,4,0.8813135152892484,0.7815061719184184,0.4091541340080096,0.0003771871271968899,0.0023727827296390397,0.03553794730752322,0.035537947307523306,0.047610590095704806,0.8813135152892486,0.03553794730752322,0.8813135152892485,0.0476105900957048,0.035537947307523216,0.035537947307523285,3.3054245276909992e-16,0.00985727155931199,2.220446049250313e-16,0.024145285576363196,0.0,0.0,1.0,0.0,0.0,-4.440892098500626e-16,0.0,0.8337029251935437,1.7617973562777852e-17,0.0,0.0,3.356890154354882e-17,-0.8337029251935439,0.0,-4.996003610813204e-16,0.0,0.0,0.8578482107699069
step3,0.05,0.05,5,0.8812514213232779,0.7814017214291162,0.4088864960996839,7.1813854487796e-05,0.0004490009626410456,0.03555699459516103,0.035556994595161075,0.047634589486399835,0.8812514213232782,0.03555699459516103,0.8812514213232779,0.04763458948639979,0.03555699459516104,0.03555699459516102,4.65680215040599e-16,0.009861314934526659,0.0,0.02415518978247755,0.0,0.0,1.0,0.0,0.0,-6.106226635438361e-16,0.0,0.8336168318368783,-5.827953480614468e-17,0.0,0.0,-1.888706260380126e-17,-0.8336168318368783,0.0,-7.216449660063518e-16,0.0,0.0,0.8577720216193558
step3,0.05,0.05,6,0.8812395824338495,0.7813818080966767,0.4088355582094946,1.3692429148756789e-05,8.550628254750943e-05,0.035560623730935555,0.035560623730935645,0.04763917010427914,0.8812395824338497,0.035560623730935555,0.8812395824338496,0.04763917010427912,0.03556062373093559,0.035560623730935555,5.3885837993677e-16,0.009862091816412014,0.0,0.024157092746687092,0.0,0.0,1.0,0.0,0.0,-5.551115123125783e-16,0.0,0.8336004123295706,-1.446911784088865e-17,0.0,0.0,-2.7285514338537696e-17,-0.8336004123295706,0.0,-8.881784197001252e-16,0.0,0.0,0.8577575050762577
step3,0.05,0.05,7,0.8812373245230744,0.7813780102837202,0.4088258469755132,2.6114506743551507e-06,1.6303879768609918e-05,0.03556131564096788,0.03556131564096796,0.04764004419498947,0.8812373245230745,0.03556131564096788,0.8812373245230742,0.04764004419498948,0.035561315640967955,0.035561315640967914,6.703075421290208e-16,0.009862240566312713,0.0,0.02415745710804318,0.0,1.1102230246251565e-16,0.9999999999999999,0.0,0.0,-9.992007221626409e-16,0.0,0.833597280328085,-1.2560189379326126e-17,0.0,0.0,-3.413491118618929e-17,-0.833597280328085,0.0,-7.771561172376096e-16,0.0,0.0,0.8577547374361282
step3,0.05,0.05,8,0.8812368938623438,0.7813772859136761,0.4088239948771588,4.980960399403892e-07,3.1095467116959466e-06,0.03556144758914438,0.03556144758914443,0.04764021095936716,0.881236893862344,0.03556144758914438,0.8812368938623438,0.047640210959367164,0.035561447589144375,0.03556144758914441,6.73268972665174e-16,0.009862268993621916,0.0,0.024157526740445467,0.0,1.1102230246251565e-16,0.9999999999999999,0.0,0.0,-9.43689570931383e-16,0.0,0.8335966829029768,-3.133073845023178e-17,0.0,0.0,-4.9507004393284156e-17,-0.8335966829029768,0.0,-9.992007221626409e-16,0.0,0.0,0.8577542096434223
step3,0.05,0.05,9,0.8812368117187884,0.7813771477486249,0.4088236416200128,9.500636123448685e-08,5.931024010531287e-07,0.03556147275458742,0.0355614727545875,0.047640242772036566,0.8812368117187885,0.03556147275458742,0.8812368117187884,0.04764024277203653,0.03556147275458741,0.035561472754587466,8.162556260269368e-16,0.009862274421059542,2.220446049250313e-16,0.02415754003489834,0.0,0.0,1.0,0.0,0.0,-1.0547118733938987e-15,0.0,0.8335965689467519,-2.5154829145239792e-17,0.0,0.0,-3.3214782462653516e-17,-0.8335965689467522,0.0,-1.2212453270876722e-15,0.0,0.0,0.8577541089816503
step3,0.05,0.05,10,0.8812367960507258,0.7813771213950333,0.4088235742403744,1.8121542594098567e-08,1.1312790382292215e-07,0.03556147755444209,0.03556147755444212,0.04764024884038965,0.8812367960507259,0.03556147755444209,0.8812367960507258,0.04764024884038972,0.03556147755444211,0.035561477554442146,8.346174913617964e-16,0.009862275456784201,0.0,0.024157542571895174,0.0,0.0,1.0,0.0,0.0,-1.2212453270876722e-15,0.0,0.8335965472103363,-3.756717467133388e-17,0.0,0.0,-4.035711242709111e-17,-0.8335965472103363,0.0,-1.1102230246251565e-15,0.0,0.0,0.8577540897822314
step3,0.05,0.05,11,0.8812367930621889,0.7813771163683323,0.4088235613883872,3.4565180378503048e-09,2.1578060631685387e-08,0.035561478469950565,0.0355614784699507,0.047640249997909556,0.8812367930621889,0.035561478469950565,0.8812367930621889,0.04764024999790964,0.03556147846995064,0.03556147846995065,6.745314473464413e-16,0.009862275654385655,0.0,0.024157543055917996,0.0,0.0,1.0,0.0,0.0,-9.992007221626409e-16,0.0,0.8335965430642794,7.062058007311446e-17,0.0,0.0,4.477886642721431e-17,-0.8335965430642794,0.0,-1.1102230246251565e-15,0.0,0.0,0.8577540861201974
step3,0.05,0.05,12,0.8812367924921524,0.7813771154095344,0.40882355893699096,6.59300003126419e-10,4.115818040964742e-09,0.035561478644573874,0.03556147864457396,0.04764025021869972,0.8812367924921525,0.035561478644573874,0.8812367924921525,0.04764025021869971,0.035561478644573916,0.03556147864457391,9.124793501950582e-16,0.009862275692080725,0.0,0.02415754314825158,0.0,0.0,1.0,0.0,0.0,-1.2212453270876722e-15,0.0,0.8335965422734528,7.993942648461455e-17,0.0,0.0,1.22402831154015e-16,-0.8335965422734528,0.0,-1.4432899320127035e-15,0.0,0.0,0.8577540854217044
step3,0.05,0.05,13,0.881236792383423,0.7813771152266524,0.4088235584694091,1.2575543311507533e-10,7.850554362409186e-10,0.035561478677881474,0.035561478677881536,0.04764025026081367,0.8812367923834232,0.035561478677881474,0.881236792383423,0.04764025026081364,0.035561478677881495,0.035561478677881474,1.1049236327262086e-15,0.009862275699271103,0.0,0.02415754316586438,0.0,0.0,1.0,0.0,0.0,-1.4432899320127035e-15,0.0,0.8335965421226096,8.817650592456728e-17,0.0,0.0,8.657998473078202e-17,-0.8335965421226096,0.0,-1.609823385706477e-15,0.0,0.0,0.857754085288474
step3,0.05,0.05,14,0.8812367923626838,0.7813771151917692,0.4088235583802221,2.3986868476760646e-11,1.4974230159157147e-10,0.035561478684234635,0.03556147868423475,0.04764025026884666,0.881236792362684,0.035561478684234635,0.8812367923626839,0.047640250268846676,0.035561478684234635,0.0355614786842347,1.027120963056983e-15,0.009862275700642638,2.220446049250313e-16,0.024157543169224138,0.0,0.0,1.0,0.0,0.0,-1.4988010832439613e-15,0.0,0.8335965420938373,1.3870242661122118e-16,0.0,0.0,7.531563785084718e-17,-0.8335965420938375,0.0,-1.6653345369377348e-15,0.0,0.0,0.8577540852630614
step3,0.05,0.05,15,0.8812367923587281,0.7813771151851157,0.4088235583632105,4.575243418795859e-12,2.8562111892259264e-11,0.035561478685446395,0.03556147868544647,0.04764025027037889,0.8812367923587283,0.035561478685446395,0.8812367923587281,0.04764025027037896,0.03556147868544643,0.03556147868544644,1.2469337201248225e-15,0.009862275700904349,0.0,0.02415754316986496,0.0,0.0,1.0,0.0,0.0,-1.7763568394002505e-15,0.0,0.8335965420883493,1.2612405456481628e-16,0.0,0.0,9.246525424635047e-17,-0.8335965420883493,0.0,-1.7208456881689926e-15,0.0,0.0,0.8577540852582143
step3,0.05,0.05,16,0.8812367923579735,0.7813771151838464,0.4088235583599658,8.72735152378926e-13,5.4479785657837975e-12,0.035561478685677515,0.035561478685677585,0.047640250270671085,0.8812367923579737,0.035561478685677515,0.8812367923579736,0.047640250270671175,0.03556147868567756,0.035561478685677606,1.3644732494564447e-15,0.009862275700954253,0.0,0.024157543169987084,0.0,0.0,1.0,0.0,0.0,-1.942890293094024e-15,0.0,0.8335965420873025,1.1844870613188728e-16,0.0,0.0,1.0093080833537165e-16,-0.8335965420873025,0.0,-1.942890293094024e-15,0.0,0.0,0.8577540852572896
step3,0.05,0.1,0,0.9249999999999998,0.8574999999999999,nan,nan,nan,0.024999999999999935,0.024999999999999994,0.025000000000000026,0.925,0.024999999999999935,0.9249999999999998,0.024999999999999956,0.024999999999999988,0.024999999999999988,2.924295323337349e-18,1.7554167342883506e-16,0.0,1.1102230246251565e-16,0.0,0.0,1.0,0.0,0.0,0.0,0.0,0.9,0.0,0.0,0.0,0.0,-0.9,0.0,0.0,0.0,0.0,0.8999999999999999
step3,0.05,0.1,1,0.8884325408361453,0.7935436659224715,0.44594678462227816,0.04318671575160145,nan,0.03348809484687243,0.033488094846872485,0.044591269470109524,0.8884325408361455,0.03348809484687243,0.8884325408361453,0.044591269470109544,0.03348809484687246,0.03348809484687244,1.2026421386185179e-16,0.009065704117316581,0.0,0.022206349246474133,0.0,1.1102230246251565e-16,0.9999999999999999,0.0,0.0,5.551115123125783e-17,0.0,0.8438412713660359,-2.8076203461814954e-18,0.0,0.0,8.251831946211693e-18,-0.8438412713660359,0.0,1.1102230246251565e-16,0.0,0.0,0.8660476206125101
step3,0.05,0.1,2,0.8825808690064783,0.7836397415288462,0.4147568807367138,0.006791170546408643,0.049941739228674654,0.035160589444368,0.03516058944436806,0.04709795210478547,0.8825808690064785,0.035160589444368,0.8825808690064784,0.04709795210478551,0.035160589444368014,0.03516058944436806,2.4863433285835106e-17,0.009746815797525166,0.0,0.0238747253208349,0.0,0.0,1.0,0.0,0.0,0.0,0.0,0.835482916901693,-6.0358522569018036e-18,0.0,0.0,1.1203715246869958e-17,-0.835482916901693,0.0,0.0,0.0,0.0,0.8593576422225279
step3,0.05,0.1,3,0.881492465117933,0.7818071950278169,0.40992698461489074,0.0012604520746375472,0.0080513134375865,0.0354841435191529,0.03548414351915291,0.04753924784376092,0.8814924651179332,0.0354841435191529,0.881492465117933,0.04753924784376096,0.035484143519152904,0.03548414351915291,3.6028073588971967e-17,0.009842951463769487,0.0,0.02411020864921609,0.0,0.0,1.0,0.0,0.0,0.0,0.0,0.8339532172741723,2.4393664266426566e-18,0.0,0.0,9.193695583668103e-18,-0.8339532172741723,0.0,0.0,0.0,0.0,0.8580634259233884
step3,0.05,0.1,4,0.8812855624156493,0.781459144861665,0.4090332975382731,0.00023943745070610916,0.001499879467516301,0.03554663049353197,0.03554663049353207,0.04762117659728638,0.8812855624156495,0.03554663049353197,0.8812855624156494,0.04762117659728641,0.035546630493532,0.03554663049353204,1.0408984939252892e-16,0.009858825609969642,0.0,0.024149092207508827,0.0,0.0,1.0,0.0,0.0,2.220446049250313e-16,0.0,0.8336643858183631,9.048064122175165e-18,0.0,0.0,8.229121597597323e-18,-0.8336643858183631,0.0,0.0,0.0,0.0,0.8578134780258719
step3,0.05,0.1,5,0.8812460975477832,0.7813927661546374,0.40886356218076375,4.565688361405031e-05,0.0002850939141650769,0.03555863678162908,0.03555863678162916,0.04763662888895837,0.8812460975477834,0.03555863678162908,0.8812460975477833,0.047636628888958386,0.03555863678162915,0.03555863678162907,1.2513002380450634e-16,0.00986163926010644,2.220446049250313e-16,0.024155984214658366,0.0,0.0,1.0,0.0,0.0,1.6653345369377348e-16,0.0,0.8336094686588251,-3.7869112531007206e-17,0.0,0.0,2.0517840114312995e-17,-0.8336094686588249,0.0,1.6653345369377348e-16,0.0,0.0,0.8577654528734835
step3,0.05,0.1,6,0.8812385675879469,0.7813801010746142,0.40883119094620046,8.710209277298896e-06,5.436707408700181e-05,0.03556093567894703,0.035560935678947095,0.04763956105415862,0.881238567587947,0.03556093567894703,0.8812385675879469,0.047639561054158626,0.03556093567894704,0.03556093567894706,1.8232753623768935e-16,0.009862156321167112,0.0,0.024157250750423187,0.0,2.220446049250313e-16,0.9999999999999998,0.0,0.0,3.3306690738754696e-16,0.0,0.8335990065337885,-5.246471328387242e-18,0.0,0.0,2.0885376204430537e-17,-0.8335990065337885,0.0,1.6653345369377348e-16,0.0,0.0,0.8577562572842117
step3,0.05,0.1,7,0.8812371310032959,0.7813776847796161,0.40882501450356457,1.6616469123140902e-06,1.0371855329447266e-05,0.03556137502288807,0.035561375022888204,0.0476401189509275,0.8812371310032961,0.03556137502288807,0.8812371310032959,0.04764011895092743,0.03556137502288811,0.03556137502288812,8.095816861759882e-17,0.009862253119145672,0.0,0.02415748785607863,0.0,1.1102230246251565e-16,0.9999999999999999,0.0,0.0,-1.1102230246251565e-16,0.0,0.8335970120523687,-1.4025476054119173e-17,0.0,0.0,-1.6165041985307134e-17,-0.8335970120523687,0.0,1.1102230246251565e-16,0.0,0.0,0.8577544999084473
step3,0.05,0.1,8,0.8812368569549596,0.7813772238352275,0.4088238361369517,3.1697201931213877e-07,1.9786188919806435e-06,0.03556145890454987,0.035561458904549946,0.04764022523594064,0.8812368569549599,0.03556145890454987,0.8812368569549597,0.04764022523594063,0.03556145890454986,0.035561458904549904,9.579084027412159e-17,0.00986227141140548,0.0,0.024157532662781533,0.0,2.220446049250313e-16,1.0000000000000002,0.0,0.0,5.551115123125783e-17,0.0,0.8335966317190192,2.7497457182596003e-18,0.0,0.0,-1.6745793846294658e-19,-0.8335966317190192,0.0,0.0,0.0,0.0,0.8577541643818007
step3,0.05,0.1,9,0.8812368046794734,0.7813771359084987,0.4088236113459068,6.046236188035484e-08,3.774343793601419e-07,0.03556147491185353,0.03556147491185365,0.0476402454968192,0.8812368046794734,0.03556147491185353,0.8812368046794734,0.04764024549681916,0.03556147491185361,0.03556147491185356,4.3474791283774557e-17,0.009862274884434781,0.0,0.024157541169931185,0.0,0.0,1.0,0.0,0.0,0.0,0.0,0.8335965591826544,1.2991728465458406e-17,0.0,0.0,-2.4705225471724368e-18,-0.8335965591826544,0.0,5.551115123125783e-17,0.0,0.0,0.8577541003525856
step3,0.05,0.1,10,0.8812367947080797,0.7813771191367072,0.40882356846624107,1.1532928229445526e-08,7.19952900249924e-08,0.03556147796582332,0.035561477965823374,0.04764024936027339,0.8812367947080799,0.03556147796582332,0.8812367947080797,0.04764024936027341,0.035561477965823325,0.03556147796582335,9.638369669550144e-17,0.009862275545376087,0.0,0.024157542788900144,0.0,0.0,1.0,0.0,0.0,1.1102230246251565e-16,0.0,0.8335965453478065,2.3029141444199518e-17,0.0,0.0,6.904355155491737e-18,-0.8335965453478065,0.0,0.0,0.0,0.0,0.8577540881367066
step3,0.05,0.1,11,0.8812367928060947,0.7813771159375831,0.4088235602870579,2.199830407629324e-09,1.3732758633156744e-08,0.03556147854840873,0.03556147854840884,0.047640250097087465,0.8812367928060947,0.03556147854840873,0.8812367928060947,0.04764025009708753,0.03556147854840874,0.035561478548408805,1.4463351843184668e-16,0.009862275671303313,2.220446049250313e-16,0.024157543097357626,0.0,1.1102230246251565e-16,0.9999999999999999,0.0,0.0,2.220446049250313e-16,0.0,0.8335965427090072,4.229196235092261e-17,0.0,0.0,-6.41411659118424e-17,-0.8335965427090074,0.0,1.1102230246251565e-16,0.0,0.0,0.8577540858063648
step3,0.05,0.1,12,0.8812367924433051,0.7813771153273735,0.4088235587269252,4.196005641618653e-10,2.6194309716065828e-09,0.035561478659538154,0.03556147865953824,0.047640250237618254,0.8812367924433053,0.035561478659538154,0.8812367924433052,0.04764025023761827,0.03556147865953819,0.035561478659538175,9.90399889845908e-17,0.009862275695309364,0.0,0.024157543156160033,0.0,1.1102230246251565e-16,0.9999999999999999,0.0,0.0,5.551115123125783e-17,0.0,0.833596542205687,6.062555358963345e-18,0.0,0.0,9.442802330652633e-18,-0.833596542205687,0.0,1.1102230246251565e-16,0.0,0.0,0.857754085361847
step3,0.05,0.1,13,0.8812367923741058,0.781377115210981,0.40882355842934126,8.003545107674178e-11,4.996360152327166e-10,0.035561478680735725,0.03556147868073573,0.04764025026442262,0.881236792374106,0.035561478680735725,0.881236792374106,0.04764025026442257,0.03556147868073573,0.03556147868073572,2.4575896551639063e-16,0.009862275699887294,0.0,0.02415754316737373,0.0,0.0,1.0,0.0,0.0,3.3306690738754696e-16,0.0,0.8335965421096835,-3.4554726837496685e-17,0.0,0.0,-2.8658623210774857e-17,-0.8335965421096835,0.0,3.3306690738754696e-16,0.0,0.0,0.8577540852770572
step3,0.05,0.1,14,0.8812367923609067,0.7813771151887801,0.40882355837257955,1.526603339739364e-11,9.5301484468089e-11,0.03556147868477904,0.03556147868477917,0.04764025026953478,0.8812367923609068,0.03556147868477904,0.8812367923609068,0.04764025026953484,0.03556147868477913,0.03556147868477908,3.24237146709316e-16,0.009862275700760044,0.0,0.024157543169511575,0.0,0.0,1.0,0.0,0.0,2.7755575615628914e-16,0.0,0.833596542091372,-2.3258739713416478e-17,0.0,0.0,5.4878023495365325e-18,-0.833596542091372,0.0,4.996003610813204e-16,0.0,0.0,0.8577540852608836
step3,0.05,0.1,15,0.881236792358389,0.7813771151845454,0.4088235583617526,2.911879498020309e-12,1.817791287839363e-11,0.035561478685550235,0.03556147868555031,0.04764025027051028,0.8812367923583893,0.035561478685550235,0.881236792358389,0.04764025027051023,0.03556147868555025,0.03556147868555027,1.0510541453075157e-16,0.009862275700926796,0.0,0.024157543169919915,0.0,0.0,1.0,0.0,0.0,1.6653345369377348e-16,0.0,0.833596542087879,5.2204188111612094e-17,0.0,0.0,2.1871420283592653e-17,-0.833596542087879,0.0,1.6653345369377348e-16,0.0,0.0,0.857754085257799
step3,0.05,0.1,16,0.8812367923579086,0.7813771151837373,0.40882355835968764,5.556602602242554e-13,3.4675397459548657e-12,0.03556147868569743,0.03556147868569749,0.047640250270696315,0.8812367923579087,0.03556147868569743,0.8812367923579086,0.04764025027069626,0.03556147868569743,0.03556147868569745,1.1750478664538306e-16,0.009862275700958482,0.0,0.02415754316999763,0.0,0.0,1.0,0.0,0.0,1.1102230246251565e-16,0.0,0.8335965420872126,6.028471310766546e-18,0.0,0.0,1.84344223625186e-17,-0.8335965420872126,0.0,2.220446049250313e-16,0.0,0.0,0.8577540852572102
step3,0.05,0.2,0,0.8499999999999999,0.7300000000000001,nan,nan,nan,0.04999999999999999,0.04999999999999999,0.05000000000000002,0.8500000000000001,0.04999999999999999,0.8499999999999999,0.04999999999999998,0.049999999999999975,0.049999999999999975,2.4659545749914493e-17,1.9229626863835638e-16,0.0,0.0,0.0,0.0,1.0,0.0,0.0,0.0,0.0,0.8,0.0,0.0,0.0,0.0,-0.8,0.0,0.0,0.0,0.0,0.8
step3,0.05,0.2,1,0.874734399889307,0.7704694585756908,0.38376822478504835,0.029906834549970413,nan,0.038133551341887104,0.03813355134188714,0.048998497426918516,0.8747343998893071,0.038133551341887104,0.8747343998893071,0.04899849742691847,0.038133551341887124,0.038133551341887145,5.886294001391385e-17,0.00887119133039221,0.0,0.021729892170062715,0.0,0.0,1.0,0.0,0.0,-1.1102230246251565e-16,0.0,0.8257359024623887,1.2732539561094911e-17,0.0,0.0,1.9168216308119906e-17,-0.8257359024623887,0.0,0.0,0.0,0.0,0.8474657946324514
step3,0.05,0.2,2,0.8799947516276898,0.7792872947411646,0.4035041671507652,0.006145289741756628,0.03599572386910462,0.03599941743059659,0.03599941743059659,0.048006413511116786,0.8799947516276899,0.03599941743059659,0.8799947516276898,0.048006413511116806,0.0359994174305966,0.0359994174305966,2.13887515578245e-16,0.009803671246957359,0.0,0.0240139921610405,0.0,0.0,1.0,0.0,0.0,-2.7755575615628914e-16,0.0,0.8319883381165731,-3.536244599296656e-17,0.0,0.0,-4.9782595143101013e-17,-0.8319883381165731,0.0,-2.7755575615628914e-16,0.0,0.0,0.8560023302776136
step3,0.05,0.2,3,0.881001563698542,0.7809812725548193,0.4078044052186067,0.0011641558567027765,0.007304547827142547,0.03563898690676611,0.03563898690676616,0.04772046248792544,0.8810015636985422,0.03563898690676611,0.881001563698542,0.04772046248792548,0.035638986906766104,0.035638986906766125,1.6577340181849481e-16,0.009864483504578397,0.0,0.024162951162318702,0.0,0.0,1.0,0.0,0.0,-3.3306690738754696e-16,0.0,0.8332811012106167,-8.125407551193295e-18,0.0,0.0,1.71745216031634e-17,-0.8332811012106167,0.0,-2.7755575615628914e-16,0.0,0.0,0.8574440523729354
step3,0.05,0.2,4,0.8811921442498047,0.7813019952364129,0.4086305158135029,0.0002200640585164959,0.0013839442519970023,0.03557566868598799,0.035575668685988035,0.047656518378219076,0.881192144249805,0.03557566868598799,0.8811921442498047,0.04765651837821908,0.03557566868598803,0.035575668685988014,3.3036889046422234e-16,0.009863972468408448,0.0,0.02416169938446222,0.0,0.0,1.0,0.0,0.0,-3.885780586188048e-16,0.0,0.8335356258715858,-7.244496789496558e-18,0.0,0.0,-7.830272615216327e-18,-0.8335356258715858,0.0,-4.440892098500626e-16,0.0,0.0,0.857697325256048
step3,0.05,0.2,5,0.8812282989128793,0.7813628270313964,0.40878692424055096,4.1766610982366296e-05,0.0002618172175035142,0.03556412870494924,0.035564128704949294,0.047643443677222036,0.8812282989128796,0.03556412870494924,0.8812282989128793,0.04764344367722204,0.03556412870494927,0.035564128704949266,3.501123212447775e-16,0.009862719374809774,0.0,0.02415862994454554,0.0,2.220446049250313e-16,1.0000000000000002,0.0,0.0,-5.551115123125783e-16,0.0,0.8335848552356575,-3.2882988893608524e-17,0.0,0.0,-6.82578631594032e-17,-0.8335848552356575,0.0,-4.996003610813204e-16,0.0,0.0,0.857743485180203
step3,0.05,0.2,6,0.8812351745254494,0.7813743937845579,0.40881659038489904,7.946886731501985e-06,4.971286482538389e-05,0.035561978810874036,0.0355619788108741,0.04764086785280239,0.8812351745254496,0.035561978810874036,0.8812351745254494,0.04764086785280236,0.035561978810874105,0.035561978810874056,3.817213071731783e-16,0.009862371604139808,0.0,0.02415777808385655,0.0,0.0,1.0,0.0,0.0,-5.551115123125783e-16,0.0,0.8335943066726472,-7.863077058349864e-17,0.0,0.0,-8.629350021077666e-17,-0.8335943066726472,0.0,-5.551115123125783e-16,0.0,0.0,0.8577520847565038
step3,0.05,0.2,7,0.8812364839815836,0.7813765964762902,0.4088222312010055,1.513966278144877e-06,9.460823530420552e-06,0.035561573577343276,0.03556157357734335,0.04764036886372949,0.8812364839815838,0.035561573577343276,0.8812364839815837,0.047640368863729514,0.035561573577343304,0.03556157357734331,3.862123257864836e-16,0.009862295053060247,0.0,0.024157590572772336,0.0,0.0,1.0,0.0,0.0,-6.661338147750939e-16,0.0,0.8335961151178544,-1.1857505654463006e-16,0.0,0.0,-9.874438229767502e-17,-0.8335961151178544,0.0,-4.996003610813204e-16,0.0,0.0,0.8577537056906267
step3,0.05,0.2,8,0.8812367335576685,0.7813770162801805,0.40882330539864997,2.886054696315099e-07,1.8025703792619923e-06,0.03556149673819156,0.03556149673819167,0.04764027296594789,0.8812367335576686,0.03556149673819156,0.8812367335576685,0.047640272965947965,0.035561496738191645,0.03556149673819165,4.450211737742686e-16,0.009862279491754151,0.0,0.024157552455512654,0.0,0.0,1.0,0.0,0.0,-4.996003610813204e-16,0.0,0.8335964605917208,-1.0465025584215778e-16,0.0,0.0,-9.357338110569129e-17,-0.8335964605917208,0.0,-6.106226635438361e-16,0.0,0.0,0.8577540130472334
step3,0.05,0.2,9,0.881236781144062,0.7813770963219373,0.4088235101265034,5.503308196184562e-08,3.436384881494698e-07,0.03556148212463645,0.0355614821246365,0.04764025460666486,0.8812367811440622,0.03556148212463645,0.881236781144062,0.04764025460666484,0.035561482124636466,0.03556148212463645,4.3999937513028005e-16,0.0098622764333801,0.0,0.024157544964056865,0.0,0.0,1.0,0.0,0.0,-6.106226635438361e-16,0.0,0.8335965265373974,-6.959577172263187e-17,0.0,0.0,-4.850039590211733e-17,-0.8335965265373974,0.0,-6.661338147750939e-16,0.0,0.0,0.8577540715014542
step3,0.05,0.2,10,0.8812367902190504,0.7813771115861745,0.4088235491608656,1.0495593650139594e-08,6.552867267266963e-08,0.035561479341255295,0.03556147934125538,0.04764025109843885,0.8812367902190507,0.035561479341255295,0.8812367902190504,0.04764025109843881,0.03556147934125535,0.03556147934125529,6.451598590169172e-16,0.009862275841546716,2.220446049250313e-16,0.02415754351436683,0.0,0.0,1.0,0.0,0.0,-9.992007221626409e-16,0.0,0.8335965391206119,-6.436041966219964e-17,0.0,0.0,-7.302994971898418e-17,-0.8335965391206117,0.0,-8.326672684688674e-16,0.0,0.0,0.8577540826349788
step3,0.05,0.2,11,0.8812367919498652,0.7813771144974092,0.40882355660485215,2.0018033435288508e-09,1.249739685750047e-08,0.03556147881072819,0.03556147881072824,0.04764025042867834,0.8812367919498654,0.03556147881072819,0.8812367919498652,0.04764025042867832,0.03556147881072822,0.03556147881072819,8.35117295466799e-16,0.009862275727863109,0.0,0.024157543235900247,0.0,0.0,1.0,0.0,0.0,-1.27675647831893e-15,0.0,0.833596541521187,-4.6398300238995756e-17,0.0,0.0,-4.385637558168153e-17,-0.833596541521187,0.0,-1.2212453270876722e-15,0.0,0.0,0.8577540847570873
step3,0.05,0.2,12,0.881236792279988,0.7813771150526749,0.4088235580245885,3.8181351671962303e-10,2.3836168539450505e-09,0.03556147870957029,0.03556147870957037,0.047640250300871184,0.8812367922799881,0.03556147870957029,0.881236792279988,0.04764025030087117,0.03556147870957027,0.03556147870957034,9.873406683558708e-16,0.009862275706104087,2.220446049250313e-16,0.02415754318260188,0.0,0.0,1.0,0.0,0.0,-1.3877787807814457e-15,0.0,0.8335965419791168,4.833803679297705e-17,0.0,0.0,3.252174898296972e-17,-0.833596541979117,0.0,-1.3877787807814457e-15,0.0,0.0,0.8577540851617187
step3,0.05,0.2,13,0.8812367923429547,0.7813771151585849,0.4088235582953778,7.282647721838535e-11,4.5463999364579457e-10,0.03556147869027861,0.03556147869027869,0.04764025027648778,0.8812367923429549,0.03556147869027861,0.8812367923429547,0.047640250276487786,0.03556147869027861,0.035561478690278696,9.484626711751311e-16,0.009862275701946728,2.220446049250313e-16,0.02415754317241836,0.0,0.0,1.0,0.0,0.0,-1.4432899320127035e-15,0.0,0.8335965420664669,-6.862252238671183e-18,0.0,0.0,5.559159297709463e-18,-0.8335965420664672,0.0,-1.3322676295501878e-15,0.0,0.0,0.8577540852388853
step3,0.05,0.2,14,0.8812367923549647,0.7813771151787856,0.4088235583470273,1.389067442474629e-11,8.67171516291043e-11,0.0355614786865992,0.03556147868659937,0.047640250271836465,0.8812367923549649,0.0355614786865992,0.8812367923549648,0.047640250271836465,0.03556147868659925,0.03556147868659929,1.2092581499261072e-15,0.009862275701153111,0.0,0.02415754317047436,0.0,2.220446049250313e-16,0.9999999999999998,0.0,0.0,-1.887379141862766e-15,0.0,0.8335965420831284,-4.4325199995727245e-17,0.0,0.0,-2.6193893260012646e-17,-0.8335965420831284,0.0,-1.4988010832439613e-15,0.0,0.0,0.8577540852536027
step3,0.05,0.2,15,0.8812367923572554,0.7813771151826385,0.4088235583568788,2.6493965110251867e-12,1.654007092974159e-11,0.035561478685897534,0.035561478685897596,0.04764025027094926,0.8812367923572556,0.035561478685897534,0.8812367923572554,0.04764025027094927,0.035561478685897575,0.03556147868589754,1.3144350940692076e-15,0.009862275701001722,0.0,0.024157543170103435,0.0,0.0,1.0,0.0,0.0,-1.7763568394002505e-15,0.0,0.8335965420863063,-1.2414583581792507e-17,0.0,0.0,-1.8353748807093233e-17,-0.8335965420863063,0.0,-1.8318679906315083e-15,0.0,0.0,0.8577540852564097
step3,0.05,0.2,16,0.8812367923576927,0.7813771151833739,0.4088235583587576,5.05672258405151e-13,3.1550687437524336e-12,0.03556147868576363,0.03556147868576371,0.04764025027078003,0.8812367923576929,0.03556147868576363,0.8812367923576927,0.047640250270780046,0.03556147868576363,0.035561478685763676,1.3601514819720785e-15,0.00986227570097286,0.0,0.024157543170032714,0.0,2.220446049250313e-16,1.0000000000000002,0.0,0.0,-1.9984014443252818e-15,0.0,0.8335965420869128,2.8726697452327845e-17,0.0,0.0,5.217382267878821e-17,-0.8335965420869128,0.0,-1.8318679906315083e-15,0.0,0.0,0.8577540852569455
step3,0.05,0.3,0,0.7749999999999998,0.6174999999999999,nan,nan,nan,0.07500000000000001,0.07500000000000001,0.07500000000000001,0.7749999999999999,0.07500000000000001,0.7749999999999998,0.075,0.075,0.075,8.879893162462571e-18,1.9229626863835638e-16,0.0,0.0,0.0,0.0,1.0,0.0,0.0,0.0,0.0,0.7,0.0,0.0,0.0,0.0,-0.7,0.0,0.0,0.0,0.0,0.7
step3,0.05,0.3,1,0.8523913192877174,0.7339069049672727,0.3289047896345513,0.08977225609545544,nan,0.04571076998068708,0.045710769980687155,0.05618714075090811,0.8523913192877176,0.04571076998068708,0.8523913192877174,0.05618714075090813,0.045710769980687155,0.04571076998068707,3.615590522287368e-17,0.008553920914416653,2.220446049250313e-16,0.02095274154044191,0.0,0.0,1.0,0.0,0.0,0.0,0.0,0.7962041785368096,-9.18891191430824e-19,0.0,0.0,-2.595210834034869e-17,-0.7962041785368094,0.0,0.0,0.0,0.0,0.8171569200772515
step3,0.05,0.3,2,0.87522086453892,0.771299319809883,0.38567352458336945,0.026395129505956728,0.11614693046049336,0.03755543302611587,0.03755543302611598,0.049668269408847936,0.8752208645389201,0.03755543302611587,0.8752208645389201,0.04966826940884799,0.03755543302611597,0.03755543302611587,4.3423492539929555e-17,0.0098900894918377,2.220446049250313e-16,0.024225672765464057,0.0,0.0,1.0,0.0,0.0,0.0,0.0,0.8255525951300723,8.657062999386551e-18,0.0,0.0,4.310623973154776e-17,-0.8255525951300721,0.0,0.0,0.0,0.0,0.8497782678955363
step3,0.05,0.3,3,0.8800722796659503,0.7794195129344735,0.4039088697108185,0.0056019473284954656,0.03199169194245414,0.03593288542683559,0.03593288542683565,0.048061949480378285,0.8800722796659505,0.03593288542683559,0.8800722796659503,0.04806194948037828,0.03593288542683561,0.03593288542683559,9.076275943001962e-17,0.009903339329570958,0.0,0.024258128107085275,0.0,0.0,1.0,0.0,0.0,-5.551115123125783e-17,0.0,0.8320103301855721,1.6682529530311536e-18,0.0,0.0,1.5326099538186895e-17,-0.8320103301855721,0.0,5.551115123125783e-17,0.0,0.0,0.8562684582926574
step3,0.05,0.3,4,0.8810144617281979,0.78100315578123,0.4078688847232672,0.0010883446333357389,0.0066898901250761105,0.035630967339012665,0.03563096733901272,0.04772360359377664,0.8810144617281981,0.035630967339012665,0.8810144617281979,0.04772360359377663,0.03563096733901267,0.035630967339012706,5.789110355638115e-17,0.00987359615641745,0.0,0.024185272509527955,0.0,0.0,1.0,0.0,0.0,5.551115123125783e-17,0.0,0.8332908581344214,1.6145548974964747e-17,0.0,0.0,-2.0219184387038108e-19,-0.8332908581344214,0.0,0.0,0.0,0.0,0.8574761306439493
step3,0.05,0.3,5,0.8811944168299664,0.781305835955563,0.4086411877154858,0.00020798200623304772,0.0012963065695046872,0.03557458932093864,0.0355745893209387,0.047656404528156004,0.8811944168299666,0.03557458932093864,0.8811944168299665,0.04765640452815601,0.03557458932093869,0.03557458932093864,4.8248085053948e-17,0.009864760808093533,0.0,0.02416363041443459,0.0,0.0,1.0,0.0,0.0,5.551115123125783e-17,0.0,0.8335380123018106,9.220405013322501e-19,0.0,0.0,2.284606858869499e-17,-0.8335380123018106,0.0,-5.551115123125783e-17,0.0,0.0,0.8577016427162452
step3,0.05,0.3,6,0.8812287144936157,0.7813635277670259,0.4087887972631823,3.96530289492995e-05,0.00024763410431403164,0.03556396537243683,0.03556396537243685,0.04764335476151028,0.881228714493616,0.03556396537243683,0.8812287144936158,0.04764335476151028,0.03556396537243683,0.035563965372436855,7.779098788414623e-17,0.009862780135873151,0.0,0.024158778778146872,0.0,0.0,1.0,0.0,0.0,-1.1102230246251565e-16,0.0,0.8335853597321057,1.1486870559857585e-17,0.0,0.0,1.241547180488634e-17,-0.8335853597321057,0.0,0.0,0.0,0.0,0.8577441385102526
step3,0.05,0.3,7,0.8812352521041362,0.7813745244346757,0.40881693211613246,7.559858396584178e-06,4.721284444499412e-05,0.03556195166006204,0.03556195166006212,0.04764084457573961,0.8812352521041364,0.03556195166006204,0.8812352521041362,0.047640844575739597,0.03556195166006203,0.03556195166006206,5.971810367292188e-17,0.009862374767042858,0.0,0.024157785831355083,0.0,0.0,1.0,0.0,0.0,-5.551115123125783e-17,0.0,0.8335944075283968,-1.7629437760009764e-17,0.0,0.0,-9.547571099744482e-18,-0.8335944075283968,0.0,-1.1102230246251565e-16,0.0,0.0,0.8577521933597518
step3,0.05,0.3,8,0.8812364986199775,0.781376621113337,0.40882229491579913,1.44156862337567e-06,9.00142503881086e-06,0.03556156877491555,0.035561568774915626,0.04764036383019117,0.8812364986199778,0.03556156877491555,0.8812364986199777,0.04764036383019119,0.03556156877491561,0.035561568774915564,6.635352061788774e-17,0.009862294864359267,0.0,0.024157590110551186,0.0,0.0,1.0,0.0,0.0,0.0,0.0,0.8335961347897866,-6.41889806437505e-19,0.0,0.0,-1.5597930580331872e-18,-0.8335961347897866,0.0,-1.1102230246251565e-16,0.0,0.0,0.8577537249003377
step3,0.05,0.3,9,0.8812367363348568,0.7813770209528378,0.4088233174135215,2.749258250487785e-07,1.7164943567933235e-06,0.035561495857542244,0.03556149585754232,0.0476402719500584,0.8812367363348568,0.035561495857542244,0.8812367363348569,0.04764027195005836,0.03556149585754232,0.03556149585754227,7.821219401837407e-17,0.009862279381330913,0.0,0.024157552185032127,0.0,0.0,1.0,0.0,0.0,-5.551115123125783e-17,0.0,0.8335964643847986,-3.451143567457761e-17,0.0,0.0,-1.2939834362018358e-17,-0.8335964643847986,0.0,-2.220446049250313e-16,0.0,0.0,0.8577540165698307
step3,0.05,0.3,10,0.8812367816723804,0.7813770972107011,0.4088235124052416,5.243578307707587e-08,3.273616038848695e-07,0.03556148195998454,0.035561481959984556,0.047640254407650386,0.8812367816723805,0.03556148195998454,0.8812367816723804,0.047640254407650365,0.035561481959984514,0.03556148195998452,8.406298093940568e-18,0.00986227640532319,0.0,0.024157544895331617,0.0,0.0,1.0,0.0,0.0,0.0,0.0,0.8335965272647302,2.9868348773177903e-18,0.0,0.0,-1.2824110316567278e-17,-0.8335965272647302,0.0,0.0,0.0,0.0,0.8577540721600618
step3,0.05,0.3,11,0.8812367903196905,0.7813771117554632,0.40882354959429346,1.0001297499140584e-08,6.243708037985595e-08,0.03556147931016184,0.03556147931016189,0.047640251059985705,0.8812367903196907,0.03556147931016184,0.8812367903196906,0.04764025105998568,0.03556147931016185,0.03556147931016186,1.1096214324466813e-16,0.009862275835537579,0.0,0.024157543499647605,0.0,0.0,1.0,0.0,0.0,-5.551115123125783e-17,0.0,0.833596539259705,4.232397445308168e-18,0.0,0.0,7.139977431926629e-18,-0.833596539259705,0.0,-1.1102230246251565e-16,0.0,0.0,0.8577540827593526
step3,0.05,0.3,12,0.8812367919690489,0.7813771145296773,0.40882355668741005,1.907624932702013e-09,1.1908922422774755e-08,0.03556147880482669,0.03556147880482678,0.04764025042129763,0.881236791969049,0.03556147880482669,0.8812367919690489,0.04764025042129756,0.03556147880482667,0.03556147880482674,2.148077016402704e-16,0.009862275726655347,2.220446049250313e-16,0.024157543232941836,0.0,0.0,1.0,0.0,0.0,-2.220446049250313e-16,0.0,0.8335965415477514,3.668922813107874e-18,0.0,0.0,-2.003412652912071e-17,-0.8335965415477516,0.0,-3.3306690738754696e-16,0.0,0.0,0.8577540847806933
step3,0.05,0.3,13,0.8812367922836455,0.7813771150588272,0.408823558040325,3.6385922898555335e-10,2.2714841612687143e-09,0.035561478708447385,0.035561478708447426,0.047640250299459314,0.8812367922836457,0.035561478708447385,0.8812367922836455,0.0476402502994593,0.035561478708447385,0.03556147870844741,2.833812487185775e-16,0.00986227570586817,0.0,0.02415754318202379,0.0,2.220446049250313e-16,0.9999999999999998,0.0,0.0,-3.885780586188048e-16,0.0,0.8335965419841864,2.0958905612446483e-17,0.0,0.0,1.951645925185056e-17,-0.8335965419841864,0.0,-3.885780586188048e-16,0.0,0.0,0.8577540851662102
step3,0.05,0.3,14,0.8812367923436524,0.7813771151597582,0.40882355829837796,6.940323614037291e-11,4.332624651014175e-10,0.03556147869006468,0.0355614786900647,0.04764025027621808,0.8812367923436524,0.03556147869006468,0.8812367923436524,0.04764025027621809,0.03556147869006473,0.035561478690064735,3.6573470258426545e-16,0.009862275701901162,0.0,0.024157543172306783,0.0,0.0,1.0,0.0,0.0,-6.106226635438361e-16,0.0,0.8335965420674344,2.684251393582164e-17,0.0,0.0,4.976307217622592e-17,-0.8335965420674344,0.0,-4.440892098500626e-16,0.0,0.0,0.8577540852397412
step3,0.05,0.3,15,0.8812367923550979,0.7813771151790097,0.4088235583475995,1.3237866220945642e-11,8.264110235967898e-11,0.03556147868655848,0.03556147868655851,0.04764025027178492,0.8812367923550981,0.03556147868655848,0.881236792355098,0.047640250271784916,0.03556147868655854,0.0355614786865585,4.2598592647329057e-16,0.0098622757011443,0.0,0.024157543170452822,0.0,0.0,1.0,0.0,0.0,-7.216449660063518e-16,0.0,0.8335965420833131,1.404099541711744e-18,0.0,0.0,4.4418753250046144e-17,-0.8335965420833131,0.0,-6.106226635438361e-16,0.0,0.0,0.857754085253766
step3,0.05,0.3,16,0.8812367923572813,0.7813771151826822,0.4088235583569878,2.525343157981754e-12,1.576320937832037e-11,0.035561478685889665,0.03556147868588972,0.04764025027093932,0.8812367923572815,0.035561478685889665,0.8812367923572814,0.047640250270939266,0.035561478685889665,0.03556147868588966,4.627575884559578e-16,0.00986227570099994,0.0,0.024157543170099105,0.0,0.0,1.0,0.0,0.0,-7.216449660063518e-16,0.0,0.8335965420863423,4.377035201873524e-17,0.0,0.0,-1.6814358248906487e-17,-0.8335965420863423,0.0,-7.771561172376096e-16,0.0,0.0,0.8577540852564414
step3,0.05,0.3,17,0.8812367923576976,0.7813771151833824,0.4088235583587789,4.815251249533869e-13,3.006868259519329e-12,0.03556147868576208,0.035561478685762184,0.04764025027077792,0.8812367923576978,0.03556147868576208,0.8812367923576976,0.04764025027077789,0.03556147868576219,0.0355614786857621,6.063127786453863e-16,0.009862275700972327,2.220446049250313e-16,0.02415754317003138,0.0,0.0,1.0,0.0,0.0,-8.881784197001252e-16,0.0,0.83359654208692,1.2007972697748304e-17,0.0,0.0,3.755419733358393e-18,-0.8335965420869198,0.0,-8.881784197001252e-16,0.0,0.0,0.8577540852569514
step3,0.05,0.5,0,0.6249999999999998,0.4375,nan,nan,nan,0.12499999999999997,0.125,0.125,0.625,0.12499999999999997,0.6249999999999999,0.12499999999999997,0.12499999999999997,0.12499999999999997,4.844614790834e-18,2.254873622441467e-16,0.0,0.0,0.0,0.0,1.0,0.0,0.0,0.0,0.0,0.5,0.0,0.0,0.0,0.0,-0.5,0.0,0.0,0.0,0.0,0.5
step3,0.05,0.5,1,0.7678739167894479,0.6076452696507924,0.24112329339375616,0.16514040347941572,nan,0.07437319343662187,0.07437319343662202,0.08337969633730817,0.7678739167894479,0.07437319343662187,0.7678739167894479,0.08337969633730817,0.07437319343662192,0.07437319343662191,3.988458599174339e-17,0.007353778824525996,0.0,0.01801300580137244,0.0,0.0,1.0,0.0,0.0,5.551115123125783e-17,0.0,0.6844942204521399,-1.4771277141982943e-18,0.0,0.0,1.1353307524349402e-18,-0.6844942204521399,0.0,-1.1102230246251565e-16,0.0,0.0,0.7025072262535124
step3,0.05,0.5,2,0.8496541291125954,0.7295491367865548,0.32409888421731237,0.09447209928103778,0.25960548467618927,0.04598469905131752,0.045984699051317544,0.05837647278476919,0.8496541291125956,0.04598469905131752,0.8496541291125955,0.05837647278476909,0.045984699051317496,0.04598469905131753,8.342278501263682e-17,0.010117840884993234,0.0,0.024783547466903144,0.0,2.220446049250313e-16,0.9999999999999998,0.0,0.0,-5.551115123125783e-17,0.0,0.7912776563278265,7.652705985613995e-18,0.0,0.0,7.751469959141034e-18,-0.7912776563278265,0.0,-5.551115123125783e-17,0.0,0.0,0.8160612037947297
step3,0.05,0.5,3,0.8745555376013814,0.7701948642260106,0.3835483500768473,0.028753674492135086,0.12321596358174958,0.03769094395696568,0.037690943956965706,0.050062574484687074,0.8745555376013816,0.03769094395696568,0.8745555376013814,0.05006257448468704,0.037690943956965664,0.037690943956965685,8.482898987882796e-17,0.01010139402638559,0.0,0.024743261055442667,0.0,1.1102230246251565e-16,0.9999999999999999,0.0,0.0,5.551115123125783e-17,0.0,0.8244929631166945,3.6317580889732675e-17,0.0,0.0,3.4345204115614424e-17,-0.8244929631166945,0.0,1.1102230246251565e-16,0.0,0.0,0.8492362241721372
step3,0.05,0.5,4,0.8799364040394378,0.7791917509674382,0.40337025435701945,0.00621567809636957,0.03496746860502359,0.035967665450102784,0.03596766545010289,0.048128265060356314,0.8799364040394381,0.035967665450102784,0.879936404039438,0.048128265060356376,0.03596766545010279,0.035967665450102826,9.016345707369249e-17,0.009929088003803082,0.0,0.024321199220507128,0.0,0.0,1.0,0.0,0.0,-1.1102230246251565e-16,0.0,0.8318081389790817,7.116583569472069e-18,0.0,0.0,-2.2432771286307504e-17,-0.8318081389790817,0.0,1.1102230246251565e-16,0.0,0.0,0.8561293381995888
step3,0.05,0.5,5,0.8809879971222284,0.78095869075483,0.40775781091075003,0.0012153940736988973,0.007430954897250451,0.03563842111116763,0.03563842111116774,0.047735160655435975,0.8809879971222285,0.03563842111116763,0.8809879971222284,0.047735160655436,0.03563842111116772,0.03563842111116761,5.06503918920324e-17,0.009876946478268317,2.220446049250313e-16,0.02419347908853653,0.0,0.0,1.0,0.0,0.0,0.0,0.0,0.8332528364667927,-1.0933960754030505e-17,0.0,0.0,-1.0594759296863667e-17,-0.8332528364667925,0.0,-5.551115123125783e-17,0.0,0.0,0.8574463155553292
step3,0.05,0.5,6,0.8811893298598656,0.7812972832944762,0.40861950323466467,0.0002327731602105096,0.001448161938219589,0.03557608599038365,0.035576085990383706,0.04765849815936666,0.8811893298598658,0.03557608599038365,0.8811893298598656,0.04765849815936667,0.035576085990383685,0.03557608599038365,1.0394134941183052e-16,0.009865248225334196,0.0,0.024164824337966073,0.0,1.1102230246251565e-16,0.9999999999999999,0.0,0.0,-1.1102230246251565e-16,0.0,0.8335308317004991,-4.476115722373854e-18,0.0,0.0,-2.4925688656919487e-18,-0.8335308317004991,0.0,0.0,0.0,0.0,0.8576956560384652
step3,0.05,0.5,7,0.881227740994062,0.781361890649519,0.4087846263443653,4.4417676871881e-05,0.0002771906027151707,0.03556425778839898,0.035564257788399015,0.047643743429139795,0.8812277409940622,0.03556425778839898,0.8812277409940621,0.0476437434291399,0.03556425778839901,0.035564257788399035,1.0076689119850483e-16,0.009862858725030468,0.0,0.0241589712814817,0.0,0.0,1.0,0.0,0.0,-2.220446049250313e-16,0.0,0.8335839975649223,-1.4829457364407316e-17,0.0,0.0,-6.050607541782646e-18,-0.8335839975649223,0.0,-1.1102230246251565e-16,0.0,0.0,0.857742968846404
step3,0.05,0.5,8,0.8812350661336938,0.7813742116607338,0.40881613373488657,8.471408664120523e-06,5.288907494709796e-05,0.03556200808383331,0.03556200808383344,0.047640917698639186,0.8812350661336941,0.03556200808383331,0.8812350661336938,0.047640917698639186,0.035562008083833335,0.035562008083833405,3.1271678533773765e-16,0.009862388401823996,2.220446049250313e-16,0.0241578192296118,0.0,0.0,1.0,0.0,0.0,-2.220446049250313e-16,0.0,0.8335941484350547,9.214278474032835e-18,0.0,0.0,7.214030428186858e-18,-0.833594148435055,0.0,-4.440892098500626e-16,0.0,0.0,0.8577519676646665
step3,0.05,0.5,9,0.8812364631216884,0.7813765614079465,0.4088221423837736,1.6156711629584104e-06,1.0087079342029664e-05,0.03556157959799372,0.03556157959799382,0.047640377682324084,0.8812364631216885,0.03556157959799372,0.8812364631216884,0.04764037768232402,0.03556157959799375,0.03556157959799373,1.94543018440123e-16,0.009862297337572032,0.0,0.024157596168660644,0.0,0.0,1.0,0.0,0.0,-5.551115123125783e-17,0.0,0.8335960854393645,-3.5274684239238465e-18,0.0,0.0,-1.444272928314806e-17,-0.8335960854393645,0.0,-3.885780586188048e-16,0.0,0.0,0.8577536816080251
step3,0.05,0.5,10,0.8812367295614426,0.7813770095602321,0.40882328829669623,3.0815523767326314e-07,1.9238263782705265e-06,0.03556149792765185,0.035561497927651904,0.04764027458325348,0.8812367295614428,0.03556149792765185,0.8812367295614426,0.047640274583253456,0.035561497927651876,0.03556149792765184,1.3819964294270075e-16,0.009862279841088308,0.0,0.024157553311203173,0.0,0.0,1.0,0.0,0.0,-2.220446049250313e-16,0.0,0.8335964549781893,-1.460204841585687e-17,0.0,0.0,-1.8117554053729246e-17,-0.8335964549781893,0.0,-1.6653345369377348e-16,0.0,0.0,0.8577540082893925
step3,0.05,0.5,11,0.8812367803801837,0.7813770950372565,0.40882350684935276,5.877592799221515e-08,3.669311646318649e-07,0.03556148235537545,0.03556148235537554,0.047640254909065115,0.8812367803801839,0.03556148235537545,0.8812367803801837,0.04764025490906513,0.035561482355375484,0.035561482355375484,1.2613124561701657e-16,0.009862276491891265,0.0,0.02415754510737922,0.0,0.0,1.0,0.0,0.0,-1.1102230246251565e-16,0.0,0.8335965254711187,-4.326806877029935e-17,0.0,0.0,-2.931672864461995e-17,-0.8335965254711187,0.0,-2.220446049250313e-16,0.0,0.0,0.857754070578498
step3,0.05,0.5,12,0.8812367900731939,0.7813771113408594,0.40882354853435876,1.1210804138359573e-08,6.998673208272955e-08,0.035561479385629556,0.0355614793856296,0.04764025115554664,0.8812367900731941,0.035561479385629556,0.8812367900731939,0.04764025115554668,0.03556147938562959,0.03556147938562957,3.5050834983787454e-16,0.009862275851943622,0.0,0.024157543539834236,0.0,0.0,1.0,0.0,0.0,-4.996003610813204e-16,0.0,0.8335965389176474,-9.91364350591768e-18,0.0,0.0,-2.799603399746902e-17,-0.8335965389176474,0.0,-4.996003610813204e-16,0.0,0.0,0.8577540824574816
step3,0.05,0.5,13,0.88123679192203,0.7813771144505919,0.40882355648521806,2.1383448054339212e-09,1.3349148941592395e-08,0.035561478819226146,0.03556147881922618,0.047640250439517313,0.8812367919220301,0.035561478819226146,0.8812367919220301,0.04764025043951736,0.0355614788192262,0.035561478819226174,4.2230634873647194e-16,0.009862275729774545,0.0,0.02415754324058228,0.0,1.1102230246251565e-16,0.9999999999999999,0.0,0.0,-6.661338147750939e-16,0.0,0.8335965414825128,-4.5569348284886464e-17,0.0,0.0,2.2073577728350886e-18,-0.8335965414825128,0.0,-5.551115123125783e-16,0.0,0.0,0.8577540847230951
step3,0.05,0.5,14,0.8812367922746772,0.7813771150437425,0.40882355800175696,4.078687285222864e-10,2.5462135338547223e-09,0.03556147871119438,0.035561478711194465,0.04764025030293373,0.8812367922746774,0.03556147871119438,0.8812367922746773,0.047640250302933736,0.03556147871119441,0.03556147871119445,4.690563261875871e-16,0.009862275706462056,0.0,0.024157543183478625,0.0,0.0,1.0,0.0,0.0,-6.106226635438361e-16,0.0,0.8335965419717437,-5.639300726864432e-17,0.0,0.0,-3.800297576199145e-17,-0.8335965419717437,0.0,-6.661338147750939e-16,0.0,0.0,0.8577540851552223
step3,0.05,0.5,15,0.8812367923419415,0.7813771151568805,0.40882355829102157,7.779721628403105e-11,4.85665944801261e-10,0.03556147869058876,0.03556147869058883,0.04764025027688093,0.8812367923419416,0.03556147869058876,0.8812367923419415,0.047640250276880916,0.035561478690588774,0.0355614786905888,4.933594912172531e-16,0.009862275702014475,0.0,0.024157543172584228,0.0,0.0,1.0,0.0,0.0,-7.771561172376096e-16,0.0,0.8335965420650607,-1.0991924548684657e-16,0.0,0.0,2.9740179352913536e-17,-0.8335965420650607,0.0,-7.771561172376096e-16,0.0,0.0,0.857754085237645
step3,0.05,0.5,16,0.8812367923547719,0.7813771151784613,0.40882355834619605,1.4839617202003117e-11,9.263683348303617e-11,0.035561478686658356,0.03556147868665842,0.04764025027191108,0.8812367923547721,0.035561478686658356,0.8812367923547719,0.047640250271911086,0.0355614786866584,0.03556147868665843,7.186266033626781e-16,0.009862275701165804,0.0,0.024157543170505336,0.0,0.0,1.0,0.0,0.0,-9.43689570931383e-16,0.0,0.8335965420828609,-5.604261750299781e-17,0.0,0.0,-1.474166785179235e-17,-0.8335965420828609,0.0,-8.881784197001252e-16,0.0,0.0,0.8577540852533663
step3,0.05,0.5,17,0.8812367923572189,0.781377115182577,0.4088235583567206,2.8301732116321798e-12,1.766979041101273e-11,0.0355614786859087,0.035561478685908754,0.04764025027096333,0.8812367923572191,0.0355614786859087,0.8812367923572189,0.04764025027096332,0.035561478685908754,0.03556147868590874,7.66209617603243e-16,0.009862275701004031,0.0,0.024157543170109208,0.0,1.1102230246251565e-16,0.9999999999999999,0.0,0.0,-9.992007221626409e-16,0.0,0.8335965420862557,-4.39867111539029e-17,0.0,0.0,-3.0446269721311257e-17,-0.8335965420862557,0.0,-9.992007221626409e-16,0.0,0.0,0.8577540852563649
step3,0.05,0.5,18,0.8812367923576856,0.7813771151833623,0.40882355835872775,5.399115747679928e-13,3.370084759197541e-12,0.03556147868576576,0.03556147868576583,0.047640250270782655,0.8812367923576859,0.03556147868576576,0.8812367923576857,0.04764025027078261,0.03556147868576574,0.035561478685765785,8.331790307175855e-16,0.009862275700973222,0.0,0.024157543170033713,0.0,0.0,1.0,0.0,0.0,-1.2212453270876722e-15,0.0,0.8335965420869033,3.159650640348321e-17,0.0,0.0,-3.4222059639852614e-17,-0.8335965420869033,0.0,-1.27675647831893e-15,0.0,0.0,0.857754085256937
